panel,series,x,y
0,Kernel σ = 2 s,0.0,1.0
0,Kernel σ = 2 s,0.4166666666666667,1.0
0,Kernel σ = 2 s,0.8333333333333334,1.0
0,Kernel σ = 2 s,1.25,1.0
0,Kernel σ = 2 s,1.6666666666666667,1.0
0,Kernel σ = 2 s,2.0833333333333335,1.0
0,Kernel σ = 2 s,2.5,1.0
0,Kernel σ = 2 s,2.916666666666667,1.0
0,Kernel σ = 2 s,3.3333333333333335,1.0
0,Kernel σ = 2 s,3.75,1.0
0,Kernel σ = 2 s,4.166666666666667,1.0
0,Kernel σ = 2 s,4.583333333333334,1.0
0,Kernel σ = 2 s,5.0,1.0
0,Kernel σ = 2 s,5.416666666666667,1.0
0,Kernel σ = 2 s,5.833333333333334,1.0
0,Kernel σ = 2 s,6.25,1.0
0,Kernel σ = 2 s,6.666666666666667,1.0
0,Kernel σ = 2 s,7.083333333333334,1.0
0,Kernel σ = 2 s,7.5,1.0
0,Kernel σ = 2 s,7.916666666666667,1.0
0,Kernel σ = 2 s,8.333333333333334,1.0
0,Kernel σ = 2 s,8.75,1.0
0,Kernel σ = 2 s,9.166666666666668,1.0
0,Kernel σ = 2 s,9.583333333333334,1.0
0,Kernel σ = 2 s,10.0,1.0
0,Kernel σ = 2 s,10.416666666666668,1.0
0,Kernel σ = 2 s,10.833333333333334,1.0
0,Kernel σ = 2 s,11.25,1.0
0,Kernel σ = 2 s,11.666666666666668,1.0
0,Kernel σ = 2 s,12.083333333333334,1.0
0,Kernel σ = 2 s,12.5,1.0
0,Kernel σ = 2 s,12.916666666666668,1.0
0,Kernel σ = 2 s,13.333333333333334,1.0
0,Kernel σ = 2 s,13.75,1.0
0,Kernel σ = 2 s,14.166666666666668,1.0
0,Kernel σ = 2 s,14.583333333333334,1.0
0,Kernel σ = 2 s,15.0,1.0
0,Kernel σ = 2 s,15.416666666666668,1.0
0,Kernel σ = 2 s,15.833333333333334,1.0
0,Kernel σ = 2 s,16.25,1.0
0,Kernel σ = 2 s,16.666666666666668,1.0
0,Kernel σ = 2 s,17.083333333333336,1.0
0,Kernel σ = 2 s,17.5,1.0
0,Kernel σ = 2 s,17.916666666666668,1.0
0,Kernel σ = 2 s,18.333333333333336,1.0
0,Kernel σ = 2 s,18.75,1.0
0,Kernel σ = 2 s,19.166666666666668,1.0
0,Kernel σ = 2 s,19.583333333333336,1.0
0,Kernel σ = 2 s,20.0,1.0
0,Kernel σ = 2 s,20.416666666666668,1.0
0,Kernel σ = 2 s,20.833333333333336,1.0
0,Kernel σ = 2 s,21.25,1.0
0,Kernel σ = 2 s,21.666666666666668,1.0
0,Kernel σ = 2 s,22.083333333333336,1.0
0,Kernel σ = 2 s,22.5,1.0
0,Kernel σ = 2 s,22.916666666666668,1.0
0,Kernel σ = 2 s,23.333333333333336,1.0
0,Kernel σ = 2 s,23.75,1.0
0,Kernel σ = 2 s,24.166666666666668,1.0
0,Kernel σ = 2 s,24.583333333333336,1.0
0,Kernel σ = 2 s,25.0,1.0
0,Kernel σ = 2 s,25.416666666666668,1.0
0,Kernel σ = 2 s,25.833333333333336,1.0
0,Kernel σ = 2 s,26.25,1.0
0,Kernel σ = 2 s,26.666666666666668,1.0
0,Kernel σ = 2 s,27.083333333333336,1.0
0,Kernel σ = 2 s,27.5,1.0
0,Kernel σ = 2 s,27.916666666666668,1.0
0,Kernel σ = 2 s,28.333333333333336,1.0
0,Kernel σ = 2 s,28.75,1.0
0,Kernel σ = 2 s,29.166666666666668,1.0
0,Kernel σ = 2 s,29.583333333333336,1.0
0,Kernel σ = 2 s,30.0,1.0
0,Kernel σ = 2 s,30.416666666666668,1.0
0,Kernel σ = 2 s,30.833333333333336,1.0
0,Kernel σ = 2 s,31.25,1.0
0,Kernel σ = 2 s,31.666666666666668,1.0
0,Kernel σ = 2 s,32.083333333333336,1.0
0,Kernel σ = 2 s,32.5,1.0
0,Kernel σ = 2 s,32.91666666666667,1.0
0,Kernel σ = 2 s,33.333333333333336,1.0
0,Kernel σ = 2 s,33.75,0.9999999999999998
0,Kernel σ = 2 s,34.16666666666667,0.9999999999999988
0,Kernel σ = 2 s,34.583333333333336,0.9999999999999937
0,Kernel σ = 2 s,35.0,0.9999999999999681
0,Kernel σ = 2 s,35.41666666666667,0.9999999999998469
0,Kernel σ = 2 s,35.833333333333336,0.9999999999992963
0,Kernel σ = 2 s,36.25,0.9999999999969005
0,Kernel σ = 2 s,36.66666666666667,0.999999999986916
0,Kernel σ = 2 s,37.083333333333336,0.9999999999470688
0,Kernel σ = 2 s,37.5,0.9999999997947736
0,Kernel σ = 2 s,37.91666666666667,0.9999999992373483
0,Kernel σ = 2 s,38.333333333333336,0.9999999972834562
0,Kernel σ = 2 s,38.75,0.9999999907246012
0,Kernel σ = 2 s,39.16666666666667,0.9999999696398052
0,Kernel σ = 2 s,39.583333333333336,0.9999999047278029
0,Kernel σ = 2 s,40.0,0.9999997133484281
0,Kernel σ = 2 s,40.41666666666667,0.9999991729923079
0,Kernel σ = 2 s,40.833333333333336,0.999997711891713
0,Kernel σ = 2 s,41.25,0.9999939283760887
0,Kernel σ = 2 s,41.66666666666667,0.9999845457031177
0,Kernel σ = 2 s,42.083333333333336,0.9999622627107142
0,Kernel σ = 2 s,42.5,0.9999115827147992
0,Kernel σ = 2 s,42.91666666666667,0.999801196208885
0,Kernel σ = 2 s,43.333333333333336,0.9995709396668032
0,Kernel σ = 2 s,43.75,0.9991109747008916
0,Kernel σ = 2 s,44.16666666666667,0.9982310317608889
0,Kernel σ = 2 s,44.583333333333336,0.996618896655677
0,Kernel σ = 2 s,45.0,0.9937903346742238
0,Kernel σ = 2 s,45.41666666666667,0.989037557350829
0,Kernel σ = 2 s,45.833333333333336,0.9813895748101136
0,Kernel σ = 2 s,46.25,0.9696036382347386
0,Kernel σ = 2 s,46.66666666666667,0.9522096477271851
0,Kernel σ = 2 s,47.083333333333336,0.927625656698502
0,Kernel σ = 2 s,47.5,0.8943502263331446
0,Kernel σ = 2 s,47.91666666666667,0.8512168758182473
0,Kernel σ = 2 s,48.333333333333336,0.7976716190363566
0,Kernel σ = 2 s,48.75,0.7340144709512995
0,Kernel σ = 2 s,49.16666666666667,0.6615388804893094
0,Kernel σ = 2 s,49.583333333333336,0.582515646820522
0,Kernel σ = 2 s,50.0,0.5
0,Kernel σ = 2 s,50.41666666666667,0.4174843531794766
0,Kernel σ = 2 s,50.833333333333336,0.33846111951068925
0,Kernel σ = 2 s,51.25,0.26598552904870054
0,Kernel σ = 2 s,51.66666666666667,0.20232838096364236
0,Kernel σ = 2 s,52.083333333333336,0.14878312418175182
0,Kernel σ = 2 s,52.5,0.1056497736668553
0,Kernel σ = 2 s,52.91666666666667,0.0723743433014975
0,Kernel σ = 2 s,53.333333333333336,0.04779035227281461
0,Kernel σ = 2 s,53.75,0.030396361765261396
0,Kernel σ = 2 s,54.16666666666667,0.018610425189886242
0,Kernel σ = 2 s,54.583333333333336,0.01096244264917086
0,Kernel σ = 2 s,55.0,0.00620966532577614
0,Kernel σ = 2 s,55.41666666666667,0.003381103344322883
0,Kernel σ = 2 s,55.833333333333336,0.0017689682391110488
0,Kernel σ = 2 s,56.25,0.0008890252991084338
0,Kernel σ = 2 s,56.66666666666667,0.00042906033319683426
0,Kernel σ = 2 s,57.083333333333336,0.00019880379111501936
0,Kernel σ = 2 s,57.5,8.8417285200804e-05
0,Kernel σ = 2 s,57.91666666666667,3.773728928575486e-05
0,Kernel σ = 2 s,58.333333333333336,1.5454296882295967e-05
0,Kernel σ = 2 s,58.75,6.071623911330611e-06
0,Kernel σ = 2 s,59.16666666666667,2.288108286958101e-06
0,Kernel σ = 2 s,59.583333333333336,8.270076921608849e-07
0,Kernel σ = 2 s,60.0,2.866515718791945e-07
0,Kernel σ = 2 s,60.41666666666667,9.527219708747454e-08
0,Kernel σ = 2 s,60.833333333333336,3.036019482222002e-08
0,Kernel σ = 2 s,61.25,9.275398734560842e-09
0,Kernel σ = 2 s,61.66666666666667,2.716543737088097e-09
0,Kernel σ = 2 s,62.083333333333336,7.626516757163001e-10
0,Kernel σ = 2 s,62.5,2.052263425218954e-10
0,Kernel σ = 2 s,62.91666666666667,5.293118201498945e-11
0,Kernel σ = 2 s,63.333333333333336,1.3083924686052994e-11
0,Kernel σ = 2 s,63.75,3.0994929517572376e-12
0,Kernel σ = 2 s,64.16666666666667,7.036381037377179e-13
0,Kernel σ = 2 s,64.58333333333334,1.5307192759192445e-13
0,Kernel σ = 2 s,65.0,3.1908916729109184e-14
0,Kernel σ = 2 s,65.41666666666667,6.373572463860066e-15
0,Kernel σ = 2 s,65.83333333333334,1.2198132188401648e-15
0,Kernel σ = 2 s,66.25,2.2368120644441215e-16
0,Kernel σ = 2 s,66.66666666666667,3.929873434851008e-17
0,Kernel σ = 2 s,67.08333333333334,6.614980188676616e-18
0,Kernel σ = 2 s,67.5,1.0667637375474933e-18
0,Kernel σ = 2 s,67.91666666666667,1.6481136944105702e-19
0,Kernel σ = 2 s,68.33333333333334,2.4393577307472566e-20
0,Kernel σ = 2 s,68.75,3.458788487233603e-21
0,Kernel σ = 2 s,69.16666666666667,4.698119305424841e-22
0,Kernel σ = 2 s,69.58333333333334,6.113183893019066e-23
0,Kernel σ = 2 s,70.0,7.619853024160583e-24
0,Kernel σ = 2 s,70.41666666666667,9.098173561388482e-25
0,Kernel σ = 2 s,70.83333333333334,1.040599252909656e-25
0,Kernel σ = 2 s,71.25,1.1400608462803999e-26
0,Kernel σ = 2 s,71.66666666666667,1.1964145624400151e-27
0,Kernel σ = 2 s,72.08333333333334,1.202648532807669e-28
0,Kernel σ = 2 s,72.5,1.1579603185686507e-29
0,Kernel σ = 2 s,72.91666666666667,1.0679265113045457e-30
0,Kernel σ = 2 s,73.33333333333334,9.433587595211146e-32
0,Kernel σ = 2 s,73.75,7.981703059287749e-33
0,Kernel σ = 2 s,74.16666666666667,6.468342002627564e-34
0,Kernel σ = 2 s,74.58333333333334,5.020707148936238e-35
0,Kernel σ = 2 s,75.0,3.732564298877821e-36
0,Kernel σ = 2 s,75.41666666666667,2.657763727731699e-37
0,Kernel σ = 2 s,75.83333333333334,1.8125435827701037e-38
0,Kernel σ = 2 s,76.25,1.1839137928519526e-39
0,Kernel σ = 2 s,76.66666666666667,7.40641277190706e-41
0,Kernel σ = 2 s,77.08333333333334,4.437606390248562e-42
0,Kernel σ = 2 s,77.5,2.54647631597403e-43
0,Kernel σ = 2 s,77.91666666666667,1.3995151246945516e-44
0,Kernel σ = 2 s,78.33333333333334,7.366477424921498e-46
0,Kernel σ = 2 s,78.75,3.713502968386213e-47
0,Kernel σ = 2 s,79.16666666666667,1.792861670997024e-48
0,Kernel σ = 2 s,79.58333333333334,8.289845485787811e-50
0,Kernel σ = 2 s,80.0,3.670966199312855e-51
0,Kernel σ = 2 s,80.41666666666667,1.5568485882787435e-52
0,Kernel σ = 2 s,80.83333333333334,6.32327753815038e-54
0,Kernel σ = 2 s,81.25,2.45960804336852e-55
0,Kernel σ = 2 s,81.66666666666667,9.162528893465787e-57
0,Kernel σ = 2 s,82.08333333333334,3.2688024611861166e-58
0,Kernel σ = 2 s,82.5,1.1168221242476524e-59
0,Kernel σ = 2 s,82.91666666666667,3.654261060351846e-61
0,Kernel σ = 2 s,83.33333333333334,1.1450742312621194e-62
0,Kernel σ = 2 s,83.75,3.436248521188887e-64
0,Kernel σ = 2 s,84.16666666666667,9.875310197961776e-66
0,Kernel σ = 2 s,84.58333333333334,2.7178822776598965e-67
0,Kernel σ = 2 s,85.0,7.163458766235239e-69
0,Kernel σ = 2 s,85.41666666666667,1.808113470614911e-70
0,Kernel σ = 2 s,85.83333333333334,4.370569236814125e-72
0,Kernel σ = 2 s,86.25,1.0117154785399902e-73
0,Kernel σ = 2 s,86.66666666666667,2.242774227919537e-75
0,Kernel σ = 2 s,87.08333333333334,4.7612199017975114e-77
0,Kernel σ = 2 s,87.5,9.679551479134482e-79
0,Kernel σ = 2 s,87.91666666666667,1.8844966353366358e-80
0,Kernel σ = 2 s,88.33333333333334,3.51348014711045e-82
0,Kernel σ = 2 s,88.75,6.2730759925286895e-84
0,Kernel σ = 2 s,89.16666666666667,1.0725645464283614e-85
0,Kernel σ = 2 s,89.58333333333334,1.7561642803988552e-87
0,Kernel σ = 2 s,90.0,2.7536241186063122e-89
0,Kernel σ = 2 s,90.41666666666667,4.1346716026531013e-91
0,Kernel σ = 2 s,90.83333333333334,5.9452934264079e-93
0,Kernel σ = 2 s,91.25,8.18654330849782e-95
0,Kernel σ = 2 s,91.66666666666667,1.0794982608395087e-96
0,Kernel σ = 2 s,92.08333333333334,1.3631278339584827e-98
0,Kernel σ = 2 s,92.5,1.6483280423162976e-100
0,Kernel σ = 2 s,92.91666666666667,1.908720429620126e-102
0,Kernel σ = 2 s,93.33333333333334,2.1165660420554217e-104
0,Kernel σ = 2 s,93.75,2.24756049417639e-106
0,Kernel σ = 2 s,94.16666666666667,2.28549500598228e-108
0,Kernel σ = 2 s,94.58333333333334,2.2255520855879084e-110
0,Kernel σ = 2 s,95.0,2.0753107990664134e-112
0,Kernel σ = 2 s,95.41666666666667,1.8531720585313442e-114
0,Kernel σ = 2 s,95.83333333333334,1.5846556032926537e-116
0,Kernel σ = 2 s,96.25,1.2975973226486107e-118
0,Kernel σ = 2 s,96.66666666666667,1.0174902686766464e-120
0,Kernel σ = 2 s,97.08333333333334,7.640209161230515e-123
0,Kernel σ = 2 s,97.5,5.493691846710362e-125
0,Kernel σ = 2 s,97.91666666666667,3.782742892300451e-127
0,Kernel σ = 2 s,98.33333333333334,2.4942057003208898e-129
0,Kernel σ = 2 s,98.75,1.5748531863133739e-131
0,Kernel σ = 2 s,99.16666666666667,9.522033466911327e-134
0,Kernel σ = 2 s,99.58333333333334,5.513160459444401e-136
0,Kernel σ = 2 s,100.0,3.056696706382908e-138
0,Kernel σ = 5 s,0.0,1.0
0,Kernel σ = 5 s,0.4166666666666667,1.0
0,Kernel σ = 5 s,0.8333333333333334,1.0
0,Kernel σ = 5 s,1.25,1.0
0,Kernel σ = 5 s,1.6666666666666667,1.0
0,Kernel σ = 5 s,2.0833333333333335,1.0
0,Kernel σ = 5 s,2.5,1.0
0,Kernel σ = 5 s,2.916666666666667,1.0
0,Kernel σ = 5 s,3.3333333333333335,1.0
0,Kernel σ = 5 s,3.75,1.0
0,Kernel σ = 5 s,4.166666666666667,1.0
0,Kernel σ = 5 s,4.583333333333334,1.0
0,Kernel σ = 5 s,5.0,1.0
0,Kernel σ = 5 s,5.416666666666667,1.0
0,Kernel σ = 5 s,5.833333333333334,1.0
0,Kernel σ = 5 s,6.25,1.0
0,Kernel σ = 5 s,6.666666666666667,1.0
0,Kernel σ = 5 s,7.083333333333334,1.0
0,Kernel σ = 5 s,7.5,1.0
0,Kernel σ = 5 s,7.916666666666667,1.0
0,Kernel σ = 5 s,8.333333333333334,1.0
0,Kernel σ = 5 s,8.75,0.9999999999999999
0,Kernel σ = 5 s,9.166666666666668,0.9999999999999999
0,Kernel σ = 5 s,9.583333333333334,0.9999999999999997
0,Kernel σ = 5 s,10.0,0.9999999999999993
0,Kernel σ = 5 s,10.416666666666668,0.9999999999999988
0,Kernel σ = 5 s,10.833333333333334,0.9999999999999977
0,Kernel σ = 5 s,11.25,0.9999999999999954
0,Kernel σ = 5 s,11.666666666666668,0.9999999999999912
0,Kernel σ = 5 s,12.083333333333334,0.9999999999999831
0,Kernel σ = 5 s,12.5,0.9999999999999681
0,Kernel σ = 5 s,12.916666666666668,0.9999999999999399
0,Kernel σ = 5 s,13.333333333333334,0.9999999999998878
0,Kernel σ = 5 s,13.75,0.9999999999997916
0,Kernel σ = 5 s,14.166666666666668,0.9999999999996158
0,Kernel σ = 5 s,14.583333333333334,0.9999999999992963
0,Kernel σ = 5 s,15.0,0.9999999999987201
0,Kernel σ = 5 s,15.416666666666668,0.9999999999976881
0,Kernel σ = 5 s,15.833333333333334,0.9999999999958518
0,Kernel σ = 5 s,16.25,0.9999999999926077
0,Kernel σ = 5 s,16.666666666666668,0.999999999986916
0,Kernel σ = 5 s,17.083333333333336,0.9999999999769992
0,Kernel σ = 5 s,17.5,0.99999999995984
0,Kernel σ = 5 s,17.916666666666668,0.9999999999303548
0,Kernel σ = 5 s,18.333333333333336,0.9999999998800397
0,Kernel σ = 5 s,18.75,0.9999999997947736
0,Kernel σ = 5 s,19.166666666666668,0.9999999996512772
0,Kernel σ = 5 s,19.583333333333336,0.9999999994114537
0,Kernel σ = 5 s,20.0,0.9999999990134123
0,Kernel σ = 5 s,20.416666666666668,0.9999999983573422
0,Kernel σ = 5 s,20.833333333333336,0.9999999972834562
0,Kernel σ = 5 s,21.25,0.9999999955378276
0,Kernel σ = 5 s,21.666666666666668,0.9999999927198899
0,Kernel σ = 5 s,22.083333333333336,0.9999999882024055
0,Kernel σ = 5 s,22.5,0.9999999810104375
0,Kernel σ = 5 s,22.916666666666668,0.9999999696398052
0,Kernel σ = 5 s,23.333333333333336,0.9999999517869663
0,Kernel σ = 5 s,23.75,0.9999999239503948
0,Kernel σ = 5 s,24.166666666666668,0.9999998808471466
0,Kernel σ = 5 s,24.583333333333336,0.9999998145659947
0,Kernel σ = 5 s,25.0,0.9999997133484281
0,Kernel σ = 5 s,25.416666666666668,0.9999995598487277
0,Kernel σ = 5 s,25.833333333333336,0.9999993286715442
0,Kernel σ = 5 s,26.25,0.9999989829167575
0,Kernel σ = 5 s,26.666666666666668,0.9999984693732634
0,Kernel σ = 5 s,27.083333333333336,0.999997711891713
0,Kernel σ = 5 s,27.5,0.9999966023268753
0,Kernel σ = 5 s,27.916666666666668,0.9999949882689744
0,Kernel σ = 5 s,28.333333333333336,0.9999926565761631
0,Kernel σ = 5 s,28.75,0.9999893114742251
0,Kernel σ = 5 s,29.166666666666668,0.9999845457031177
0,Kernel σ = 5 s,29.583333333333336,0.9999778028639097
0,Kernel σ = 5 s,30.0,0.9999683287581669
0,Kernel σ = 5 s,30.416666666666668,0.9999551091235068
0,Kernel σ = 5 s,30.833333333333336,0.9999367907681316
0,Kernel σ = 5 s,31.25,0.9999115827147992
0,Kernel σ = 5 s,31.666666666666668,0.9998771336100348
0,Kernel σ = 5 s,32.083333333333336,0.9998303813753494
0,Kernel σ = 5 s,32.5,0.9997673709209645
0,Kernel σ = 5 s,32.91666666666667,0.9996830357650802
0,Kernel σ = 5 s,33.333333333333336,0.9995709396668032
0,Kernel σ = 5 s,33.75,0.9994229749576092
0,Kernel σ = 5 s,34.16666666666667,0.99922901521553
0,Kernel σ = 5 s,34.583333333333336,0.9989765213357075
0,Kernel σ = 5 s,35.0,0.9986501019683699
0,Kernel σ = 5 s,35.41666666666667,0.9982310317608889
0,Kernel σ = 5 s,35.833333333333336,0.9976967338683042
0,Kernel σ = 5 s,36.25,0.9970202367649454
0,Kernel σ = 5 s,36.66666666666667,0.9961696194324102
0,Kernel σ = 5 s,37.083333333333336,0.995107463397765
0,Kernel σ = 5 s,37.5,0.9937903346742238
0,Kernel σ = 5 s,37.91666666666667,0.9921683231785512
0,Kernel σ = 5 s,38.333333333333336,0.9901846713713547
0,Kernel σ = 5 s,38.75,0.9877755273449553
0,Kernel σ = 5 s,39.16666666666667,0.9848698599897642
0,Kernel σ = 5 s,39.583333333333336,0.9813895748101137
0,Kernel σ = 5 s,40.0,0.9772498680518208
0,Kernel σ = 5 s,40.41666666666667,0.9723598537069895
0,Kernel σ = 5 s,40.833333333333336,0.9666234924151826
0,Kernel σ = 5 s,41.25,0.9599408431361829
0,Kernel σ = 5 s,41.66666666666667,0.9522096477271852
0,Kernel σ = 5 s,42.083333333333336,0.943327245390237
0,Kernel σ = 5 s,42.5,0.9331927987311419
0,Kernel σ = 5 s,42.91666666666667,0.9217097964551824
0,Kernel σ = 5 s,43.333333333333336,0.908788780274132
0,Kernel σ = 5 s,43.75,0.8943502263331446
0,Kernel σ = 5 s,44.16666666666667,0.8783274954256186
0,Kernel σ = 5 s,44.583333333333336,0.8606697525503778
0,Kernel σ = 5 s,45.0,0.8413447460685429
0,Kernel σ = 5 s,45.41666666666667,0.8203413308352143
0,Kernel σ = 5 s,45.833333333333336,0.7976716190363569
0,Kernel σ = 5 s,46.25,0.7733726476231317
0,Kernel σ = 5 s,46.66666666666667,0.7475074624530769
0,Kernel σ = 5 s,47.083333333333336,0.7201655364002941
0,Kernel σ = 5 s,47.5,0.691462461274013
0,Kernel σ = 5 s,47.91666666666667,0.66153888048931
0,Kernel σ = 5 s,48.333333333333336,0.6305586598182362
0,Kernel σ = 5 s,48.75,0.5987063256829237
0,Kernel σ = 5 s,49.16666666666667,0.5661838326109033
0,Kernel σ = 5 s,49.583333333333336,0.5332067518526221
0,Kernel σ = 5 s,50.0,0.5
0,Kernel σ = 5 s,50.41666666666667,0.4667932481473773
0,Kernel σ = 5 s,50.833333333333336,0.4338161673890962
0,Kernel σ = 5 s,51.25,0.4012936743170763
0,Kernel σ = 5 s,51.66666666666667,0.36944134018176333
0,Kernel σ = 5 s,52.083333333333336,0.33846111951068947
0,Kernel σ = 5 s,52.5,0.30853753872598694
0,Kernel σ = 5 s,52.91666666666667,0.27983446359970543
0,Kernel σ = 5 s,53.333333333333336,0.2524925375469228
0,Kernel σ = 5 s,53.75,0.22662735237686826
0,Kernel σ = 5 s,54.16666666666667,0.2023283809636428
0,Kernel σ = 5 s,54.583333333333336,0.17965866916478523
0,Kernel σ = 5 s,55.0,0.15865525393145707
0,Kernel σ = 5 s,55.41666666666667,0.13933024744962186
0,Kernel σ = 5 s,55.833333333333336,0.12167250457438117
0,Kernel σ = 5 s,56.25,0.1056497736668553
0,Kernel σ = 5 s,56.66666666666667,0.09121121972586776
0,Kernel σ = 5 s,57.083333333333336,0.07829020354481733
0,Kernel σ = 5 s,57.5,0.06680720126885809
0,Kernel σ = 5 s,57.91666666666667,0.05667275460976286
0,Kernel σ = 5 s,58.333333333333336,0.04779035227281468
0,Kernel σ = 5 s,58.75,0.040059156863817086
0,Kernel σ = 5 s,59.16666666666667,0.03337650758481718
0,Kernel σ = 5 s,59.583333333333336,0.027640146293010367
0,Kernel σ = 5 s,60.0,0.022750131948179216
0,Kernel σ = 5 s,60.41666666666667,0.0186104251898863
0,Kernel σ = 5 s,60.833333333333336,0.015130140010235806
0,Kernel σ = 5 s,61.25,0.012224472655044701
0,Kernel σ = 5 s,61.66666666666667,0.00981532862864532
0,Kernel σ = 5 s,62.083333333333336,0.007831676821448785
0,Kernel σ = 5 s,62.5,0.00620966532577614
0,Kernel σ = 5 s,62.91666666666667,0.0048925366022349705
0,Kernel σ = 5 s,63.333333333333336,0.0038303805675897326
0,Kernel σ = 5 s,63.75,0.002979763235054558
0,Kernel σ = 5 s,64.16666666666667,0.002303266131695878
0,Kernel σ = 5 s,64.58333333333334,0.0017689682391110414
0,Kernel σ = 5 s,65.0,0.0013498980316300959
0,Kernel σ = 5 s,65.41666666666667,0.0010234786642925806
0,Kernel σ = 5 s,65.83333333333334,0.000770984784469972
0,Kernel σ = 5 s,66.25,0.0005770250423907671
0,Kernel σ = 5 s,66.66666666666667,0.00042906033319683627
0,Kernel σ = 5 s,67.08333333333334,0.0003169642349197674
0,Kernel σ = 5 s,67.5,0.00023262907903552502
0,Kernel σ = 5 s,67.91666666666667,0.0001696186246506182
0,Kernel σ = 5 s,68.33333333333334,0.00012286638996515122
0,Kernel σ = 5 s,68.75,8.841728520080377e-05
0,Kernel σ = 5 s,69.16666666666667,6.320923186840239e-05
0,Kernel σ = 5 s,69.58333333333334,4.489087649316879e-05
0,Kernel σ = 5 s,70.0,3.167124183311998e-05
0,Kernel σ = 5 s,70.41666666666667,2.2197136090283314e-05
0,Kernel σ = 5 s,70.83333333333334,1.545429688229588e-05
0,Kernel σ = 5 s,71.25,1.0688525774934442e-05
0,Kernel σ = 5 s,71.66666666666667,7.3434238368946755e-06
0,Kernel σ = 5 s,72.08333333333334,5.011731025671285e-06
0,Kernel σ = 5 s,72.5,3.3976731247300607e-06
0,Kernel σ = 5 s,72.91666666666667,2.288108286958113e-06
0,Kernel σ = 5 s,73.33333333333334,1.530626736531054e-06
0,Kernel σ = 5 s,73.75,1.0170832425687032e-06
0,Kernel σ = 5 s,74.16666666666667,6.713284558090913e-07
0,Kernel σ = 5 s,74.58333333333334,4.401512722640749e-07
0,Kernel σ = 5 s,75.0,2.866515718791945e-07
0,Kernel σ = 5 s,75.41666666666667,1.8543400528074424e-07
0,Kernel σ = 5 s,75.83333333333334,1.191528533201382e-07
0,Kernel σ = 5 s,76.25,7.604960516488729e-08
0,Kernel σ = 5 s,76.66666666666667,4.821303365114105e-08
0,Kernel σ = 5 s,77.08333333333334,3.0360194822219895e-08
0,Kernel σ = 5 s,77.5,1.898956246588776e-08
0,Kernel σ = 5 s,77.91666666666667,1.1797594497091165e-08
0,Kernel σ = 5 s,78.33333333333334,7.280110073914006e-09
0,Kernel σ = 5 s,78.75,4.462172453901611e-09
0,Kernel σ = 5 s,79.16666666666667,2.716543737088116e-09
0,Kernel σ = 5 s,79.58333333333334,1.6426577599135836e-09
0,Kernel σ = 5 s,80.0,9.865876450377018e-10
0,Kernel σ = 5 s,80.41666666666667,5.88546351394419e-10
0,Kernel σ = 5 s,80.83333333333334,3.4872282099280545e-10
0,Kernel σ = 5 s,81.25,2.0522634252189396e-10
0,Kernel σ = 5 s,81.66666666666667,1.1996022615582008e-10
0,Kernel σ = 5 s,82.08333333333334,6.964522243549002e-11
0,Kernel σ = 5 s,82.5,4.0160005838591184e-11
0,Kernel σ = 5 s,82.91666666666667,2.3000810360011725e-11
0,Kernel σ = 5 s,83.33333333333334,1.3083924686052895e-11
0,Kernel σ = 5 s,83.75,7.392257778017849e-12
0,Kernel σ = 5 s,84.16666666666667,4.14819365743633e-12
0,Kernel σ = 5 s,84.58333333333334,2.3119717406463257e-12
0,Kernel σ = 5 s,85.0,1.279812543885835e-12
0,Kernel σ = 5 s,85.41666666666667,7.036381037377256e-13
0,Kernel σ = 5 s,85.83333333333334,3.842291605763135e-13
0,Kernel σ = 5 s,86.25,2.0838581586720773e-13
0,Kernel σ = 5 s,86.66666666666667,1.1224881271355397e-13
0,Kernel σ = 5 s,87.08333333333334,6.005235831867351e-14
0,Kernel σ = 5 s,87.5,3.1908916729108844e-14
0,Kernel σ = 5 s,87.91666666666667,1.6839404861571815e-14
0,Kernel σ = 5 s,88.33333333333334,8.826187160453433e-15
0,Kernel σ = 5 s,88.75,4.5946274357785986e-15
0,Kernel σ = 5 s,89.16666666666667,2.3755125647753113e-15
0,Kernel σ = 5 s,89.58333333333334,1.2198132188401919e-15
0,Kernel σ = 5 s,90.0,6.220960574271829e-16
0,Kernel σ = 5 s,90.41666666666667,3.1510031221798896e-16
0,Kernel σ = 5 s,90.83333333333334,1.5851365242201153e-16
0,Kernel σ = 5 s,91.25,7.919726314642476e-17
0,Kernel σ = 5 s,91.66666666666667,3.929873434851066e-17
0,Kernel σ = 5 s,92.08333333333334,1.9367389717289933e-17
0,Kernel σ = 5 s,92.5,9.479534822203384e-18
0,Kernel σ = 5 s,92.91666666666667,4.608139901507609e-18
0,Kernel σ = 5 s,93.33333333333334,2.2247759785104194e-18
0,Kernel σ = 5 s,93.75,1.0667637375474933e-18
0,Kernel σ = 5 s,94.16666666666667,5.080083736099261e-19
0,Kernel σ = 5 s,94.58333333333334,2.4026666804901133e-19
0,Kernel σ = 5 s,95.0,1.1285884059538408e-19
0,Kernel σ = 5 s,95.41666666666667,5.264976515176245e-20
0,Kernel σ = 5 s,95.83333333333334,2.439357730747309e-20
0,Kernel σ = 5 s,96.25,1.122463359132806e-20
0,Kernel σ = 5 s,96.66666666666667,5.129628470959148e-21
0,Kernel σ = 5 s,97.08333333333334,2.328177874732373e-21
0,Kernel σ = 5 s,97.5,1.0494515075362604e-21
0,Kernel σ = 5 s,97.91666666666667,4.698119305424912e-22
0,Kernel σ = 5 s,98.33333333333334,2.0888181982289826e-22
0,Kernel σ = 5 s,98.75,9.223413524939487e-23
0,Kernel σ = 5 s,99.16666666666667,4.044796413586311e-23
0,Kernel σ = 5 s,99.58333333333334,1.7616317414917497e-23
0,Kernel σ = 5 s,100.0,7.619853024160583e-24
0,Kernel σ = 10 s,0.0,0.9999997133484281
0,Kernel σ = 10 s,0.4166666666666667,0.9999996444975173
0,Kernel σ = 10 s,0.8333333333333334,0.9999995598487277
0,Kernel σ = 10 s,1.25,0.9999994559577244
0,Kernel σ = 10 s,1.6666666666666667,0.9999993286715442
0,Kernel σ = 10 s,2.0833333333333335,0.9999991729923079
0,Kernel σ = 10 s,2.5,0.9999989829167575
0,Kernel σ = 10 s,2.916666666666667,0.9999987512477455
0,Kernel σ = 10 s,3.3333333333333335,0.9999984693732634
0,Kernel σ = 10 s,3.75,0.9999981270079944
0,Kernel σ = 10 s,4.166666666666667,0.999997711891713
0,Kernel σ = 10 s,4.583333333333334,0.9999972094381174
0,Kernel σ = 10 s,5.0,0.9999966023268753
0,Kernel σ = 10 s,5.416666666666667,0.9999958700307825
0,Kernel σ = 10 s,5.833333333333334,0.9999949882689744
0,Kernel σ = 10 s,6.25,0.9999939283760887
0,Kernel σ = 10 s,6.666666666666667,0.9999926565761631
0,Kernel σ = 10 s,7.083333333333334,0.9999911331488459
0,Kernel σ = 10 s,7.5,0.9999893114742251
0,Kernel σ = 10 s,7.916666666666667,0.9999871369412272
0,Kernel σ = 10 s,8.333333333333334,0.9999845457031177
0,Kernel σ = 10 s,8.75,0.9999814632621538
0,Kernel σ = 10 s,9.166666666666668,0.9999778028639097
0,Kernel σ = 10 s,9.583333333333334,0.9999734636802285
0,Kernel σ = 10 s,10.0,0.9999683287581669
0,Kernel σ = 10 s,10.416666666666668,0.9999622627107142
0,Kernel σ = 10 s,10.833333333333334,0.9999551091235068
0,Kernel σ = 10 s,11.25,0.9999466876502489
0,Kernel σ = 10 s,11.666666666666668,0.9999367907681316
0,Kernel σ = 10 s,12.083333333333334,0.9999251801632395
0,Kernel σ = 10 s,12.5,0.9999115827147992
0,Kernel σ = 10 s,12.916666666666668,0.9998956860461979
0,Kernel σ = 10 s,13.333333333333334,0.9998771336100348
0,Kernel σ = 10 s,13.75,0.9998555192741188
0,Kernel σ = 10 s,14.166666666666668,0.9998303813753494
0,Kernel σ = 10 s,14.583333333333334,0.999801196208885
0,Kernel σ = 10 s,15.0,0.9997673709209645
0,Kernel σ = 10 s,15.416666666666668,0.9997282357752927
0,Kernel σ = 10 s,15.833333333333334,0.9996830357650802
0,Kernel σ = 10 s,16.25,0.999630921545725
0,Kernel σ = 10 s,16.666666666666668,0.9995709396668032
0,Kernel σ = 10 s,17.083333333333336,0.9995020220865691
0,Kernel σ = 10 s,17.5,0.9994229749576092
0,Kernel σ = 10 s,17.916666666666668,0.9993324666787204
0,Kernel σ = 10 s,18.333333333333336,0.99922901521553
0,Kernel σ = 10 s,18.75,0.9991109747008916
0,Kernel σ = 10 s,19.166666666666668,0.9989765213357075
0,Kernel σ = 10 s,19.583333333333336,0.9988236386215587
0,Kernel σ = 10 s,20.0,0.9986501019683699
0,Kernel σ = 10 s,20.416666666666668,0.9984534627332798
0,Kernel σ = 10 s,20.833333333333336,0.9982310317608889
0,Kernel σ = 10 s,21.25,0.997979862510054
0,Kernel σ = 10 s,21.666666666666668,0.9976967338683042
0,Kernel σ = 10 s,22.083333333333336,0.9973781327716542
0,Kernel σ = 10 s,22.5,0.9970202367649454
0,Kernel σ = 10 s,22.916666666666668,0.996618896655677
0,Kernel σ = 10 s,23.333333333333336,0.9961696194324102
0,Kernel σ = 10 s,23.75,0.9956675516369874
0,Kernel σ = 10 s,24.166666666666668,0.995107463397765
0,Kernel σ = 10 s,24.583333333333336,0.9944837333485071
0,Kernel σ = 10 s,25.0,0.9937903346742238
0,Kernel σ = 10 s,25.416666666666668,0.9930208225407162
0,Kernel σ = 10 s,25.833333333333336,0.9921683231785512
0,Kernel σ = 10 s,26.25,0.9912255249042616
0,Kernel σ = 10 s,26.666666666666668,0.9901846713713547
0,Kernel σ = 10 s,27.083333333333336,0.9890375573508291
0,Kernel σ = 10 s,27.5,0.9877755273449553
0,Kernel σ = 10 s,27.916666666666668,0.9863894773386743
0,Kernel σ = 10 s,28.333333333333336,0.9848698599897642
0,Kernel σ = 10 s,28.75,0.9832066935515512
0,Kernel σ = 10 s,29.166666666666668,0.9813895748101137
0,Kernel σ = 10 s,29.583333333333336,0.9794076963013562
0,Kernel σ = 10 s,30.0,0.9772498680518208
0,Kernel σ = 10 s,30.416666666666668,0.974904544060485
0,Kernel σ = 10 s,30.833333333333336,0.9723598537069895
0,Kernel σ = 10 s,31.25,0.9696036382347386
0,Kernel σ = 10 s,31.666666666666668,0.9666234924151828
0,Kernel σ = 10 s,32.083333333333336,0.9634068114525108
0,Kernel σ = 10 s,32.5,0.9599408431361829
0,Kernel σ = 10 s,32.91666666666667,0.9562127451926002
0,Kernel σ = 10 s,33.333333333333336,0.9522096477271853
0,Kernel σ = 10 s,33.75,0.9479187205847804
0,Kernel σ = 10 s,34.16666666666667,0.943327245390237
0,Kernel σ = 10 s,34.583333333333336,0.9384226919630906
0,Kernel σ = 10 s,35.0,0.9331927987311419
0,Kernel σ = 10 s,35.41666666666667,0.9276256566985022
0,Kernel σ = 10 s,35.833333333333336,0.9217097964551825
0,Kernel σ = 10 s,36.25,0.9154342776486643
0,Kernel σ = 10 s,36.66666666666667,0.908788780274132
0,Kernel σ = 10 s,37.083333333333336,0.9017636970803051
0,Kernel σ = 10 s,37.5,0.8943502263331446
0,Kernel σ = 10 s,37.91666666666667,0.8865404641312603
0,Kernel σ = 10 s,38.333333333333336,0.8783274954256187
0,Kernel σ = 10 s,38.75,0.8697054828631912
0,Kernel σ = 10 s,39.16666666666667,0.8606697525503778
0,Kernel σ = 10 s,39.583333333333336,0.8512168758182479
0,Kernel σ = 10 s,40.0,0.8413447460685429
0,Kernel σ = 10 s,40.41666666666667,0.8310526497875947
0,Kernel σ = 10 s,40.833333333333336,0.8203413308352145
0,Kernel σ = 10 s,41.25,0.8092130471474893
0,Kernel σ = 10 s,41.66666666666667,0.7976716190363569
0,Kernel σ = 10 s,42.083333333333336,0.7857224683246904
0,Kernel σ = 10 s,42.5,0.7733726476231317
0,Kernel σ = 10 s,42.91666666666667,0.7606308591335498
0,Kernel σ = 10 s,43.333333333333336,0.747507462453077
0,Kernel σ = 10 s,43.75,0.7340144709512995
0,Kernel σ = 10 s,44.16666666666667,0.7201655364002941
0,Kernel σ = 10 s,44.583333333333336,0.7059759216515493
0,Kernel σ = 10 s,45.0,0.691462461274013
0,Kernel σ = 10 s,45.41666666666667,0.6766435101920498
0,Kernel σ = 10 s,45.833333333333336,0.6615388804893103
0,Kernel σ = 10 s,46.25,0.6461697666727237
0,Kernel σ = 10 s,46.66666666666667,0.6305586598182362
0,Kernel σ = 10 s,47.083333333333336,0.6147292511447228
0,Kernel σ = 10 s,47.5,0.5987063256829237
0,Kernel σ = 10 s,47.91666666666667,0.5825156468205223
0,Kernel σ = 10 s,48.333333333333336,0.5661838326109035
0,Kernel σ = 10 s,48.75,0.5497382248301129
0,Kernel σ = 10 s,49.16666666666667,0.5332067518526221
0,Kernel σ = 10 s,49.583333333333336,0.5166177864903633
0,Kernel σ = 10 s,50.0,0.5
0,Kernel σ = 10 s,50.41666666666667,0.48338221350963645
0,Kernel σ = 10 s,50.833333333333336,0.4667932481473776
0,Kernel σ = 10 s,51.25,0.45026177516988714
0,Kernel σ = 10 s,51.66666666666667,0.4338161673890962
0,Kernel σ = 10 s,52.083333333333336,0.4174843531794774
0,Kernel σ = 10 s,52.5,0.4012936743170763
0,Kernel σ = 10 s,52.91666666666667,0.38527074885527696
0,Kernel σ = 10 s,53.333333333333336,0.36944134018176356
0,Kernel σ = 10 s,53.75,0.35383023332727626
0,Kernel σ = 10 s,54.16666666666667,0.33846111951068947
0,Kernel σ = 10 s,54.583333333333336,0.32335648980794995
0,Kernel σ = 10 s,55.0,0.30853753872598694
0,Kernel σ = 10 s,55.41666666666667,0.29402407834845046
0,Kernel σ = 10 s,55.833333333333336,0.2798344635997057
0,Kernel σ = 10 s,56.25,0.26598552904870054
0,Kernel σ = 10 s,56.66666666666667,0.2524925375469228
0,Kernel σ = 10 s,57.083333333333336,0.2393691408664499
0,Kernel σ = 10 s,57.5,0.22662735237686826
0,Kernel σ = 10 s,57.91666666666667,0.21427753167530944
0,Kernel σ = 10 s,58.333333333333336,0.20232838096364303
0,Kernel σ = 10 s,58.75,0.19078695285251068
0,Kernel σ = 10 s,59.16666666666667,0.17965866916478523
0,Kernel σ = 10 s,59.583333333333336,0.16894735021240503
0,Kernel σ = 10 s,60.0,0.15865525393145707
0,Kernel σ = 10 s,60.41666666666667,0.14878312418175194
0,Kernel σ = 10 s,60.833333333333336,0.13933024744962197
0,Kernel σ = 10 s,61.25,0.13029451713680884
0,Kernel σ = 10 s,61.66666666666667,0.12167250457438117
0,Kernel σ = 10 s,62.083333333333336,0.11345953586873958
0,Kernel σ = 10 s,62.5,0.1056497736668553
0,Kernel σ = 10 s,62.91666666666667,0.09823630291969476
0,Kernel σ = 10 s,63.333333333333336,0.09121121972586788
0,Kernel σ = 10 s,63.75,0.08456572235133575
0,Kernel σ = 10 s,64.16666666666667,0.07829020354481733
0,Kernel σ = 10 s,64.58333333333334,0.0723743433014977
0,Kernel σ = 10 s,65.0,0.06680720126885809
0,Kernel σ = 10 s,65.41666666666667,0.06157730803690938
0,Kernel σ = 10 s,65.83333333333334,0.05667275460976286
0,Kernel σ = 10 s,66.25,0.05208127941521956
0,Kernel σ = 10 s,66.66666666666667,0.04779035227281468
0,Kernel σ = 10 s,67.08333333333334,0.0437872548073997
0,Kernel σ = 10 s,67.5,0.040059156863817086
0,Kernel σ = 10 s,67.91666666666667,0.03659318854748907
0,Kernel σ = 10 s,68.33333333333334,0.03337650758481718
0,Kernel σ = 10 s,68.75,0.030396361765261375
0,Kernel σ = 10 s,69.16666666666667,0.027640146293010367
0,Kernel σ = 10 s,69.58333333333334,0.025095455939514965
0,Kernel σ = 10 s,70.0,0.022750131948179216
0,Kernel σ = 10 s,70.41666666666667,0.02059230369864385
0,Kernel σ = 10 s,70.83333333333334,0.0186104251898863
0,Kernel σ = 10 s,71.25,0.016793306448448824
0,Kernel σ = 10 s,71.66666666666667,0.015130140010235806
0,Kernel σ = 10 s,72.08333333333334,0.013610522661325614
0,Kernel σ = 10 s,72.5,0.012224472655044701
0,Kernel σ = 10 s,72.91666666666667,0.010962442649170873
0,Kernel σ = 10 s,73.33333333333334,0.00981532862864532
0,Kernel σ = 10 s,73.75,0.00877447509573836
0,Kernel σ = 10 s,74.16666666666667,0.007831676821448785
0,Kernel σ = 10 s,74.58333333333334,0.0069791774592837435
0,Kernel σ = 10 s,75.0,0.00620966532577614
0,Kernel σ = 10 s,75.41666666666667,0.005516266651492889
0,Kernel σ = 10 s,75.83333333333334,0.0048925366022349705
0,Kernel σ = 10 s,76.25,0.004332448363012561
0,Kernel σ = 10 s,76.66666666666667,0.0038303805675897326
0,Kernel σ = 10 s,77.08333333333334,0.003381103344322899
0,Kernel σ = 10 s,77.5,0.002979763235054558
0,Kernel σ = 10 s,77.91666666666667,0.0026218672283457784
0,Kernel σ = 10 s,78.33333333333334,0.002303266131695878
0,Kernel σ = 10 s,78.75,0.0020201374899460017
0,Kernel σ = 10 s,79.16666666666667,0.0017689682391110525
0,Kernel σ = 10 s,79.58333333333334,0.0015465372667201511
0,Kernel σ = 10 s,80.0,0.0013498980316300959
0,Kernel σ = 10 s,80.41666666666667,0.001176361378441355
0,Kernel σ = 10 s,80.83333333333334,0.0010234786642925806
0,Kernel σ = 10 s,81.25,0.0008890252991084321
0,Kernel σ = 10 s,81.66666666666667,0.0007709847844699759
0,Kernel σ = 10 s,82.08333333333334,0.0006675333212795545
0,Kernel σ = 10 s,82.5,0.0005770250423907671
0,Kernel σ = 10 s,82.91666666666667,0.0004979779134308797
0,Kernel σ = 10 s,83.33333333333334,0.00042906033319683627
0,Kernel σ = 10 s,83.75,0.0003690784542750676
0,Kernel σ = 10 s,84.16666666666667,0.00031696423491976906
0,Kernel σ = 10 s,84.58333333333334,0.0002717642247072845
0,Kernel σ = 10 s,85.0,0.00023262907903552502
0,Kernel σ = 10 s,85.41666666666667,0.00019880379111501993
0,Kernel σ = 10 s,85.83333333333334,0.0001696186246506182
0,Kernel σ = 10 s,86.25,0.0001444807258812359
0,Kernel σ = 10 s,86.66666666666667,0.00012286638996515182
0,Kernel σ = 10 s,87.08333333333334,0.00010431395380211126
0,Kernel σ = 10 s,87.5,8.841728520080377e-05
0,Kernel σ = 10 s,87.91666666666667,7.481983676049958e-05
0,Kernel σ = 10 s,88.33333333333334,6.320923186840239e-05
0,Kernel σ = 10 s,88.75,5.3312349751096344e-05
0,Kernel σ = 10 s,89.16666666666667,4.489087649316913e-05
0,Kernel σ = 10 s,89.58333333333334,3.773728928575507e-05
0,Kernel σ = 10 s,90.0,3.167124183311998e-05
0,Kernel σ = 10 s,90.41666666666667,2.653631977147731e-05
0,Kernel σ = 10 s,90.83333333333334,2.2197136090283314e-05
0,Kernel σ = 10 s,91.25,1.8536737846201994e-05
0,Kernel σ = 10 s,91.66666666666667,1.5454296882296014e-05
0,Kernel σ = 10 s,92.08333333333334,1.286305877282981e-05
0,Kernel σ = 10 s,92.5,1.0688525774934442e-05
0,Kernel σ = 10 s,92.91666666666667,8.866851154095982e-06
0,Kernel σ = 10 s,93.33333333333334,7.3434238368946755e-06
0,Kernel σ = 10 s,93.75,6.071623911330611e-06
0,Kernel σ = 10 s,94.16666666666667,5.0117310256713134e-06
0,Kernel σ = 10 s,94.58333333333334,4.1299692174817406e-06
0,Kernel σ = 10 s,95.0,3.3976731247300607e-06
0,Kernel σ = 10 s,95.41666666666667,2.7905618825791533e-06
0,Kernel σ = 10 s,95.83333333333334,2.288108286958113e-06
0,Kernel σ = 10 s,96.25,1.8729920055567133e-06
0,Kernel σ = 10 s,96.66666666666667,1.530626736531063e-06
0,Kernel σ = 10 s,97.08333333333334,1.2487522544491894e-06
0,Kernel σ = 10 s,97.5,1.0170832425687032e-06
0,Kernel σ = 10 s,97.91666666666667,8.270076921608881e-07
0,Kernel σ = 10 s,98.33333333333334,6.713284558090913e-07
0,Kernel σ = 10 s,98.75,5.440422755749173e-07
0,Kernel σ = 10 s,99.16666666666667,4.401512722640774e-07
0,Kernel σ = 10 s,99.58333333333334,3.5550248268032477e-07
0,Kernel σ = 10 s,100.0,2.866515718791945e-07
