sample,cycle,stage,capacity_mAh_cm2,voltage_V,cycle_ce_pct
A,1,plate,0.0,-0.073,98.27
A,1,plate,0.010101,-0.069419,98.27
A,1,plate,0.020202,-0.066344,98.27
A,1,plate,0.030303,-0.063707,98.27
A,1,plate,0.040404,-0.061448,98.27
A,1,plate,0.0505051,-0.059518,98.27
A,1,plate,0.0606061,-0.057871,98.27
A,1,plate,0.0707071,-0.05647,98.27
A,1,plate,0.0808081,-0.055281,98.27
A,1,plate,0.0909091,-0.054277,98.27
A,1,plate,0.1010101,-0.053432,98.27
A,1,plate,0.1111111,-0.052725,98.27
A,1,plate,0.1212121,-0.052138,98.27
A,1,plate,0.1313131,-0.051654,98.27
A,1,plate,0.1414141,-0.051259,98.27
A,1,plate,0.1515152,-0.050942,98.27
A,1,plate,0.1616162,-0.050692,98.27
A,1,plate,0.1717172,-0.0505,98.27
A,1,plate,0.1818182,-0.050358,98.27
A,1,plate,0.1919192,-0.050259,98.27
A,1,plate,0.2020202,-0.050199,98.27
A,1,plate,0.2121212,-0.050171,98.27
A,1,plate,0.2222222,-0.050171,98.27
A,1,plate,0.2323232,-0.050195,98.27
A,1,plate,0.2424242,-0.050241,98.27
A,1,plate,0.2525253,-0.050305,98.27
A,1,plate,0.2626263,-0.050385,98.27
A,1,plate,0.2727273,-0.050478,98.27
A,1,plate,0.2828283,-0.050583,98.27
A,1,plate,0.2929293,-0.050699,98.27
A,1,plate,0.3030303,-0.050824,98.27
A,1,plate,0.3131313,-0.050956,98.27
A,1,plate,0.3232323,-0.051095,98.27
A,1,plate,0.3333333,-0.051239,98.27
A,1,plate,0.3434343,-0.051389,98.27
A,1,plate,0.3535354,-0.051543,98.27
A,1,plate,0.3636364,-0.051701,98.27
A,1,plate,0.3737374,-0.051862,98.27
A,1,plate,0.3838384,-0.052025,98.27
A,1,plate,0.3939394,-0.052192,98.27
A,1,plate,0.4040404,-0.05236,98.27
A,1,plate,0.4141414,-0.05253,98.27
A,1,plate,0.4242424,-0.052702,98.27
A,1,plate,0.4343434,-0.052875,98.27
A,1,plate,0.4444444,-0.053049,98.27
A,1,plate,0.4545455,-0.053224,98.27
A,1,plate,0.4646465,-0.0534,98.27
A,1,plate,0.4747475,-0.053577,98.27
A,1,plate,0.4848485,-0.053755,98.27
A,1,plate,0.4949495,-0.053933,98.27
A,1,plate,0.5050505,-0.054112,98.27
A,1,plate,0.5151515,-0.054291,98.27
A,1,plate,0.5252525,-0.05447,98.27
A,1,plate,0.5353535,-0.05465,98.27
A,1,plate,0.5454545,-0.05483,98.27
A,1,plate,0.5555556,-0.05501,98.27
A,1,plate,0.5656566,-0.05519,98.27
A,1,plate,0.5757576,-0.055371,98.27
A,1,plate,0.5858586,-0.055552,98.27
A,1,plate,0.5959596,-0.055733,98.27
A,1,plate,0.6060606,-0.055914,98.27
A,1,plate,0.6161616,-0.056095,98.27
A,1,plate,0.6262626,-0.056276,98.27
A,1,plate,0.6363636,-0.056458,98.27
A,1,plate,0.6464646,-0.056639,98.27
A,1,plate,0.6565657,-0.056821,98.27
A,1,plate,0.6666667,-0.057002,98.27
A,1,plate,0.6767677,-0.057184,98.27
A,1,plate,0.6868687,-0.057365,98.27
A,1,plate,0.6969697,-0.057547,98.27
A,1,plate,0.7070707,-0.057728,98.27
A,1,plate,0.7171717,-0.05791,98.27
A,1,plate,0.7272727,-0.058092,98.27
A,1,plate,0.7373737,-0.058273,98.27
A,1,plate,0.7474747,-0.058455,98.27
A,1,plate,0.7575758,-0.058637,98.27
A,1,plate,0.7676768,-0.058819,98.27
A,1,plate,0.7777778,-0.059,98.27
A,1,plate,0.7878788,-0.059182,98.27
A,1,plate,0.7979798,-0.059364,98.27
A,1,plate,0.8080808,-0.059546,98.27
A,1,plate,0.8181818,-0.059728,98.27
A,1,plate,0.8282828,-0.059909,98.27
A,1,plate,0.8383838,-0.060091,98.27
A,1,plate,0.8484848,-0.060273,98.27
A,1,plate,0.8585859,-0.060455,98.27
A,1,plate,0.8686869,-0.060636,98.27
A,1,plate,0.8787879,-0.060818,98.27
A,1,plate,0.8888889,-0.061,98.27
A,1,plate,0.8989899,-0.061182,98.27
A,1,plate,0.9090909,-0.061364,98.27
A,1,plate,0.9191919,-0.061546,98.27
A,1,plate,0.9292929,-0.061727,98.27
A,1,plate,0.9393939,-0.061909,98.27
A,1,plate,0.9494949,-0.062091,98.27
A,1,plate,0.959596,-0.062273,98.27
A,1,plate,0.969697,-0.062455,98.27
A,1,plate,0.979798,-0.062636,98.27
A,1,plate,0.989899,-0.062818,98.27
A,1,plate,1.0,-0.063,98.27
A,1,strip,0.0,0.04502,98.27
A,1,strip,0.0099263,0.04502,98.27
A,1,strip,0.0198525,0.04502,98.27
A,1,strip,0.0297788,0.04502,98.27
A,1,strip,0.039705,0.04502,98.27
A,1,strip,0.0496313,0.04502,98.27
A,1,strip,0.0595576,0.04502,98.27
A,1,strip,0.0694838,0.04502,98.27
A,1,strip,0.0794101,0.04502,98.27
A,1,strip,0.0893364,0.04502,98.27
A,1,strip,0.0992626,0.04502,98.27
A,1,strip,0.1091889,0.04502,98.27
A,1,strip,0.1191151,0.04502,98.27
A,1,strip,0.1290414,0.04502,98.27
A,1,strip,0.1389677,0.045021,98.27
A,1,strip,0.1488939,0.045021,98.27
A,1,strip,0.1588202,0.045021,98.27
A,1,strip,0.1687465,0.045022,98.27
A,1,strip,0.1786727,0.045022,98.27
A,1,strip,0.188599,0.045023,98.27
A,1,strip,0.1985252,0.045024,98.27
A,1,strip,0.2084515,0.045026,98.27
A,1,strip,0.2183778,0.045028,98.27
A,1,strip,0.228304,0.04503,98.27
A,1,strip,0.2382303,0.045033,98.27
A,1,strip,0.2481566,0.045037,98.27
A,1,strip,0.2580828,0.045041,98.27
A,1,strip,0.2680091,0.045047,98.27
A,1,strip,0.2779353,0.045053,98.27
A,1,strip,0.2878616,0.045061,98.27
A,1,strip,0.2977879,0.04507,98.27
A,1,strip,0.3077141,0.045081,98.27
A,1,strip,0.3176404,0.045094,98.27
A,1,strip,0.3275667,0.045109,98.27
A,1,strip,0.3374929,0.045127,98.27
A,1,strip,0.3474192,0.045147,98.27
A,1,strip,0.3573454,0.04517,98.27
A,1,strip,0.3672717,0.045197,98.27
A,1,strip,0.377198,0.045228,98.27
A,1,strip,0.3871242,0.045263,98.27
A,1,strip,0.3970505,0.045303,98.27
A,1,strip,0.4069768,0.045348,98.27
A,1,strip,0.416903,0.045399,98.27
A,1,strip,0.4268293,0.045456,98.27
A,1,strip,0.4367555,0.045521,98.27
A,1,strip,0.4466818,0.045593,98.27
A,1,strip,0.4566081,0.045674,98.27
A,1,strip,0.4665343,0.045764,98.27
A,1,strip,0.4764606,0.045864,98.27
A,1,strip,0.4863869,0.045976,98.27
A,1,strip,0.4963131,0.046099,98.27
A,1,strip,0.5062394,0.046235,98.27
A,1,strip,0.5161656,0.046385,98.27
A,1,strip,0.5260919,0.04655,98.27
A,1,strip,0.5360182,0.046732,98.27
A,1,strip,0.5459444,0.046931,98.27
A,1,strip,0.5558707,0.047149,98.27
A,1,strip,0.565797,0.047388,98.27
A,1,strip,0.5757232,0.047648,98.27
A,1,strip,0.5856495,0.047932,98.27
A,1,strip,0.5955757,0.048241,98.27
A,1,strip,0.605502,0.048577,98.27
A,1,strip,0.6154283,0.048942,98.27
A,1,strip,0.6253545,0.049337,98.27
A,1,strip,0.6352808,0.049764,98.27
A,1,strip,0.6452071,0.050227,98.27
A,1,strip,0.6551333,0.050726,98.27
A,1,strip,0.6650596,0.051265,98.27
A,1,strip,0.6749858,0.051846,98.27
A,1,strip,0.6849121,0.052471,98.27
A,1,strip,0.6948384,0.053143,98.27
A,1,strip,0.7047646,0.053864,98.27
A,1,strip,0.7146909,0.054638,98.27
A,1,strip,0.7246172,0.055468,98.27
A,1,strip,0.7345434,0.056357,98.27
A,1,strip,0.7444697,0.057308,98.27
A,1,strip,0.7543959,0.058324,98.27
A,1,strip,0.7643222,0.05941,98.27
A,1,strip,0.7742485,0.060568,98.27
A,1,strip,0.7841747,0.061803,98.27
A,1,strip,0.794101,0.063118,98.27
A,1,strip,0.8040273,0.064519,98.27
A,1,strip,0.8139535,0.066009,98.27
A,1,strip,0.8238798,0.067592,98.27
A,1,strip,0.833806,0.069274,98.27
A,1,strip,0.8437323,0.071058,98.27
A,1,strip,0.8536586,0.072951,98.27
A,1,strip,0.8635848,0.074958,98.27
A,1,strip,0.8735111,0.077083,98.27
A,1,strip,0.8834374,0.079332,98.27
A,1,strip,0.8933636,0.081711,98.27
A,1,strip,0.9032899,0.084226,98.27
A,1,strip,0.9132161,0.086883,98.27
A,1,strip,0.9231424,0.089688,98.27
A,1,strip,0.9330687,0.092649,98.27
A,1,strip,0.9429949,0.095771,98.27
A,1,strip,0.9529212,0.099062,98.27
A,1,strip,0.9628475,0.102529,98.27
A,1,strip,0.9727737,0.106179,98.27
A,1,strip,0.9827,0.11002,98.27
A,100,plate,0.0,-0.073,99.39003
A,100,plate,0.010101,-0.069419,99.39003
A,100,plate,0.020202,-0.066344,99.39003
A,100,plate,0.030303,-0.063707,99.39003
A,100,plate,0.040404,-0.061448,99.39003
A,100,plate,0.0505051,-0.059518,99.39003
A,100,plate,0.0606061,-0.057871,99.39003
A,100,plate,0.0707071,-0.05647,99.39003
A,100,plate,0.0808081,-0.055281,99.39003
A,100,plate,0.0909091,-0.054277,99.39003
A,100,plate,0.1010101,-0.053432,99.39003
A,100,plate,0.1111111,-0.052725,99.39003
A,100,plate,0.1212121,-0.052138,99.39003
A,100,plate,0.1313131,-0.051654,99.39003
A,100,plate,0.1414141,-0.051259,99.39003
A,100,plate,0.1515152,-0.050942,99.39003
A,100,plate,0.1616162,-0.050692,99.39003
A,100,plate,0.1717172,-0.0505,99.39003
A,100,plate,0.1818182,-0.050358,99.39003
A,100,plate,0.1919192,-0.050259,99.39003
A,100,plate,0.2020202,-0.050199,99.39003
A,100,plate,0.2121212,-0.050171,99.39003
A,100,plate,0.2222222,-0.050171,99.39003
A,100,plate,0.2323232,-0.050195,99.39003
A,100,plate,0.2424242,-0.050241,99.39003
A,100,plate,0.2525253,-0.050305,99.39003
A,100,plate,0.2626263,-0.050385,99.39003
A,100,plate,0.2727273,-0.050478,99.39003
A,100,plate,0.2828283,-0.050583,99.39003
A,100,plate,0.2929293,-0.050699,99.39003
A,100,plate,0.3030303,-0.050824,99.39003
A,100,plate,0.3131313,-0.050956,99.39003
A,100,plate,0.3232323,-0.051095,99.39003
A,100,plate,0.3333333,-0.051239,99.39003
A,100,plate,0.3434343,-0.051389,99.39003
A,100,plate,0.3535354,-0.051543,99.39003
A,100,plate,0.3636364,-0.051701,99.39003
A,100,plate,0.3737374,-0.051862,99.39003
A,100,plate,0.3838384,-0.052025,99.39003
A,100,plate,0.3939394,-0.052192,99.39003
A,100,plate,0.4040404,-0.05236,99.39003
A,100,plate,0.4141414,-0.05253,99.39003
A,100,plate,0.4242424,-0.052702,99.39003
A,100,plate,0.4343434,-0.052875,99.39003
A,100,plate,0.4444444,-0.053049,99.39003
A,100,plate,0.4545455,-0.053224,99.39003
A,100,plate,0.4646465,-0.0534,99.39003
A,100,plate,0.4747475,-0.053577,99.39003
A,100,plate,0.4848485,-0.053755,99.39003
A,100,plate,0.4949495,-0.053933,99.39003
A,100,plate,0.5050505,-0.054112,99.39003
A,100,plate,0.5151515,-0.054291,99.39003
A,100,plate,0.5252525,-0.05447,99.39003
A,100,plate,0.5353535,-0.05465,99.39003
A,100,plate,0.5454545,-0.05483,99.39003
A,100,plate,0.5555556,-0.05501,99.39003
A,100,plate,0.5656566,-0.05519,99.39003
A,100,plate,0.5757576,-0.055371,99.39003
A,100,plate,0.5858586,-0.055552,99.39003
A,100,plate,0.5959596,-0.055733,99.39003
A,100,plate,0.6060606,-0.055914,99.39003
A,100,plate,0.6161616,-0.056095,99.39003
A,100,plate,0.6262626,-0.056276,99.39003
A,100,plate,0.6363636,-0.056458,99.39003
A,100,plate,0.6464646,-0.056639,99.39003
A,100,plate,0.6565657,-0.056821,99.39003
A,100,plate,0.6666667,-0.057002,99.39003
A,100,plate,0.6767677,-0.057184,99.39003
A,100,plate,0.6868687,-0.057365,99.39003
A,100,plate,0.6969697,-0.057547,99.39003
A,100,plate,0.7070707,-0.057728,99.39003
A,100,plate,0.7171717,-0.05791,99.39003
A,100,plate,0.7272727,-0.058092,99.39003
A,100,plate,0.7373737,-0.058273,99.39003
A,100,plate,0.7474747,-0.058455,99.39003
A,100,plate,0.7575758,-0.058637,99.39003
A,100,plate,0.7676768,-0.058819,99.39003
A,100,plate,0.7777778,-0.059,99.39003
A,100,plate,0.7878788,-0.059182,99.39003
A,100,plate,0.7979798,-0.059364,99.39003
A,100,plate,0.8080808,-0.059546,99.39003
A,100,plate,0.8181818,-0.059728,99.39003
A,100,plate,0.8282828,-0.059909,99.39003
A,100,plate,0.8383838,-0.060091,99.39003
A,100,plate,0.8484848,-0.060273,99.39003
A,100,plate,0.8585859,-0.060455,99.39003
A,100,plate,0.8686869,-0.060636,99.39003
A,100,plate,0.8787879,-0.060818,99.39003
A,100,plate,0.8888889,-0.061,99.39003
A,100,plate,0.8989899,-0.061182,99.39003
A,100,plate,0.9090909,-0.061364,99.39003
A,100,plate,0.9191919,-0.061546,99.39003
A,100,plate,0.9292929,-0.061727,99.39003
A,100,plate,0.9393939,-0.061909,99.39003
A,100,plate,0.9494949,-0.062091,99.39003
A,100,plate,0.959596,-0.062273,99.39003
A,100,plate,0.969697,-0.062455,99.39003
A,100,plate,0.979798,-0.062636,99.39003
A,100,plate,0.989899,-0.062818,99.39003
A,100,plate,1.0,-0.063,99.39003
A,100,strip,0.0,0.047,99.39003
A,100,strip,0.0100394,0.047,99.39003
A,100,strip,0.0200788,0.047,99.39003
A,100,strip,0.0301182,0.047,99.39003
A,100,strip,0.0401576,0.047,99.39003
A,100,strip,0.050197,0.047,99.39003
A,100,strip,0.0602364,0.047,99.39003
A,100,strip,0.0702758,0.047,99.39003
A,100,strip,0.0803152,0.047,99.39003
A,100,strip,0.0903546,0.047,99.39003
A,100,strip,0.100394,0.047,99.39003
A,100,strip,0.1104334,0.047,99.39003
A,100,strip,0.1204728,0.047,99.39003
A,100,strip,0.1305122,0.047,99.39003
A,100,strip,0.1405516,0.047001,99.39003
A,100,strip,0.150591,0.047001,99.39003
A,100,strip,0.1606304,0.047001,99.39003
A,100,strip,0.1706697,0.047002,99.39003
A,100,strip,0.1807091,0.047002,99.39003
A,100,strip,0.1907485,0.047003,99.39003
A,100,strip,0.2007879,0.047004,99.39003
A,100,strip,0.2108273,0.047006,99.39003
A,100,strip,0.2208667,0.047008,99.39003
A,100,strip,0.2309061,0.04701,99.39003
A,100,strip,0.2409455,0.047013,99.39003
A,100,strip,0.2509849,0.047017,99.39003
A,100,strip,0.2610243,0.047021,99.39003
A,100,strip,0.2710637,0.047027,99.39003
A,100,strip,0.2811031,0.047033,99.39003
A,100,strip,0.2911425,0.047041,99.39003
A,100,strip,0.3011819,0.04705,99.39003
A,100,strip,0.3112213,0.047061,99.39003
A,100,strip,0.3212607,0.047074,99.39003
A,100,strip,0.3313001,0.047089,99.39003
A,100,strip,0.3413395,0.047107,99.39003
A,100,strip,0.3513789,0.047127,99.39003
A,100,strip,0.3614183,0.04715,99.39003
A,100,strip,0.3714577,0.047177,99.39003
A,100,strip,0.3814971,0.047208,99.39003
A,100,strip,0.3915365,0.047243,99.39003
A,100,strip,0.4015759,0.047283,99.39003
A,100,strip,0.4116153,0.047328,99.39003
A,100,strip,0.4216547,0.047379,99.39003
A,100,strip,0.4316941,0.047436,99.39003
A,100,strip,0.4417335,0.047501,99.39003
A,100,strip,0.4517729,0.047573,99.39003
A,100,strip,0.4618123,0.047654,99.39003
A,100,strip,0.4718517,0.047744,99.39003
A,100,strip,0.4818911,0.047844,99.39003
A,100,strip,0.4919305,0.047956,99.39003
A,100,strip,0.5019698,0.048079,99.39003
A,100,strip,0.5120092,0.048215,99.39003
A,100,strip,0.5220486,0.048365,99.39003
A,100,strip,0.532088,0.04853,99.39003
A,100,strip,0.5421274,0.048712,99.39003
A,100,strip,0.5521668,0.048911,99.39003
A,100,strip,0.5622062,0.049129,99.39003
A,100,strip,0.5722456,0.049368,99.39003
A,100,strip,0.582285,0.049628,99.39003
A,100,strip,0.5923244,0.049912,99.39003
A,100,strip,0.6023638,0.050221,99.39003
A,100,strip,0.6124032,0.050557,99.39003
A,100,strip,0.6224426,0.050922,99.39003
A,100,strip,0.632482,0.051317,99.39003
A,100,strip,0.6425214,0.051744,99.39003
A,100,strip,0.6525608,0.052207,99.39003
A,100,strip,0.6626002,0.052706,99.39003
A,100,strip,0.6726396,0.053245,99.39003
A,100,strip,0.682679,0.053826,99.39003
A,100,strip,0.6927184,0.054451,99.39003
A,100,strip,0.7027578,0.055123,99.39003
A,100,strip,0.7127972,0.055844,99.39003
A,100,strip,0.7228366,0.056618,99.39003
A,100,strip,0.732876,0.057448,99.39003
A,100,strip,0.7429154,0.058337,99.39003
A,100,strip,0.7529548,0.059288,99.39003
A,100,strip,0.7629942,0.060304,99.39003
A,100,strip,0.7730336,0.06139,99.39003
A,100,strip,0.783073,0.062548,99.39003
A,100,strip,0.7931124,0.063783,99.39003
A,100,strip,0.8031518,0.065098,99.39003
A,100,strip,0.8131912,0.066499,99.39003
A,100,strip,0.8232306,0.067989,99.39003
A,100,strip,0.83327,0.069572,99.39003
A,100,strip,0.8433093,0.071254,99.39003
A,100,strip,0.8533487,0.073038,99.39003
A,100,strip,0.8633881,0.074931,99.39003
A,100,strip,0.8734275,0.076938,99.39003
A,100,strip,0.8834669,0.079063,99.39003
A,100,strip,0.8935063,0.081312,99.39003
A,100,strip,0.9035457,0.083691,99.39003
A,100,strip,0.9135851,0.086206,99.39003
A,100,strip,0.9236245,0.088863,99.39003
A,100,strip,0.9336639,0.091668,99.39003
A,100,strip,0.9437033,0.094629,99.39003
A,100,strip,0.9537427,0.097751,99.39003
A,100,strip,0.9637821,0.101042,99.39003
A,100,strip,0.9738215,0.104509,99.39003
A,100,strip,0.9838609,0.108159,99.39003
A,100,strip,0.9939003,0.112,99.39003
A,300,plate,0.0,-0.073,99.28552
A,300,plate,0.010101,-0.069419,99.28552
A,300,plate,0.020202,-0.066344,99.28552
A,300,plate,0.030303,-0.063707,99.28552
A,300,plate,0.040404,-0.061448,99.28552
A,300,plate,0.0505051,-0.059518,99.28552
A,300,plate,0.0606061,-0.057871,99.28552
A,300,plate,0.0707071,-0.05647,99.28552
A,300,plate,0.0808081,-0.055281,99.28552
A,300,plate,0.0909091,-0.054277,99.28552
A,300,plate,0.1010101,-0.053432,99.28552
A,300,plate,0.1111111,-0.052725,99.28552
A,300,plate,0.1212121,-0.052138,99.28552
A,300,plate,0.1313131,-0.051654,99.28552
A,300,plate,0.1414141,-0.051259,99.28552
A,300,plate,0.1515152,-0.050942,99.28552
A,300,plate,0.1616162,-0.050692,99.28552
A,300,plate,0.1717172,-0.0505,99.28552
A,300,plate,0.1818182,-0.050358,99.28552
A,300,plate,0.1919192,-0.050259,99.28552
A,300,plate,0.2020202,-0.050199,99.28552
A,300,plate,0.2121212,-0.050171,99.28552
A,300,plate,0.2222222,-0.050171,99.28552
A,300,plate,0.2323232,-0.050195,99.28552
A,300,plate,0.2424242,-0.050241,99.28552
A,300,plate,0.2525253,-0.050305,99.28552
A,300,plate,0.2626263,-0.050385,99.28552
A,300,plate,0.2727273,-0.050478,99.28552
A,300,plate,0.2828283,-0.050583,99.28552
A,300,plate,0.2929293,-0.050699,99.28552
A,300,plate,0.3030303,-0.050824,99.28552
A,300,plate,0.3131313,-0.050956,99.28552
A,300,plate,0.3232323,-0.051095,99.28552
A,300,plate,0.3333333,-0.051239,99.28552
A,300,plate,0.3434343,-0.051389,99.28552
A,300,plate,0.3535354,-0.051543,99.28552
A,300,plate,0.3636364,-0.051701,99.28552
A,300,plate,0.3737374,-0.051862,99.28552
A,300,plate,0.3838384,-0.052025,99.28552
A,300,plate,0.3939394,-0.052192,99.28552
A,300,plate,0.4040404,-0.05236,99.28552
A,300,plate,0.4141414,-0.05253,99.28552
A,300,plate,0.4242424,-0.052702,99.28552
A,300,plate,0.4343434,-0.052875,99.28552
A,300,plate,0.4444444,-0.053049,99.28552
A,300,plate,0.4545455,-0.053224,99.28552
A,300,plate,0.4646465,-0.0534,99.28552
A,300,plate,0.4747475,-0.053577,99.28552
A,300,plate,0.4848485,-0.053755,99.28552
A,300,plate,0.4949495,-0.053933,99.28552
A,300,plate,0.5050505,-0.054112,99.28552
A,300,plate,0.5151515,-0.054291,99.28552
A,300,plate,0.5252525,-0.05447,99.28552
A,300,plate,0.5353535,-0.05465,99.28552
A,300,plate,0.5454545,-0.05483,99.28552
A,300,plate,0.5555556,-0.05501,99.28552
A,300,plate,0.5656566,-0.05519,99.28552
A,300,plate,0.5757576,-0.055371,99.28552
A,300,plate,0.5858586,-0.055552,99.28552
A,300,plate,0.5959596,-0.055733,99.28552
A,300,plate,0.6060606,-0.055914,99.28552
A,300,plate,0.6161616,-0.056095,99.28552
A,300,plate,0.6262626,-0.056276,99.28552
A,300,plate,0.6363636,-0.056458,99.28552
A,300,plate,0.6464646,-0.056639,99.28552
A,300,plate,0.6565657,-0.056821,99.28552
A,300,plate,0.6666667,-0.057002,99.28552
A,300,plate,0.6767677,-0.057184,99.28552
A,300,plate,0.6868687,-0.057365,99.28552
A,300,plate,0.6969697,-0.057547,99.28552
A,300,plate,0.7070707,-0.057728,99.28552
A,300,plate,0.7171717,-0.05791,99.28552
A,300,plate,0.7272727,-0.058092,99.28552
A,300,plate,0.7373737,-0.058273,99.28552
A,300,plate,0.7474747,-0.058455,99.28552
A,300,plate,0.7575758,-0.058637,99.28552
A,300,plate,0.7676768,-0.058819,99.28552
A,300,plate,0.7777778,-0.059,99.28552
A,300,plate,0.7878788,-0.059182,99.28552
A,300,plate,0.7979798,-0.059364,99.28552
A,300,plate,0.8080808,-0.059546,99.28552
A,300,plate,0.8181818,-0.059728,99.28552
A,300,plate,0.8282828,-0.059909,99.28552
A,300,plate,0.8383838,-0.060091,99.28552
A,300,plate,0.8484848,-0.060273,99.28552
A,300,plate,0.8585859,-0.060455,99.28552
A,300,plate,0.8686869,-0.060636,99.28552
A,300,plate,0.8787879,-0.060818,99.28552
A,300,plate,0.8888889,-0.061,99.28552
A,300,plate,0.8989899,-0.061182,99.28552
A,300,plate,0.9090909,-0.061364,99.28552
A,300,plate,0.9191919,-0.061546,99.28552
A,300,plate,0.9292929,-0.061727,99.28552
A,300,plate,0.9393939,-0.061909,99.28552
A,300,plate,0.9494949,-0.062091,99.28552
A,300,plate,0.959596,-0.062273,99.28552
A,300,plate,0.969697,-0.062455,99.28552
A,300,plate,0.979798,-0.062636,99.28552
A,300,plate,0.989899,-0.062818,99.28552
A,300,plate,1.0,-0.063,99.28552
A,300,strip,0.0,0.051,99.28552
A,300,strip,0.0100288,0.051,99.28552
A,300,strip,0.0200577,0.051,99.28552
A,300,strip,0.0300865,0.051,99.28552
A,300,strip,0.0401154,0.051,99.28552
A,300,strip,0.0501442,0.051,99.28552
A,300,strip,0.060173,0.051,99.28552
A,300,strip,0.0702019,0.051,99.28552
A,300,strip,0.0802307,0.051,99.28552
A,300,strip,0.0902596,0.051,99.28552
A,300,strip,0.1002884,0.051,99.28552
A,300,strip,0.1103172,0.051,99.28552
A,300,strip,0.1203461,0.051,99.28552
A,300,strip,0.1303749,0.051,99.28552
A,300,strip,0.1404038,0.051001,99.28552
A,300,strip,0.1504326,0.051001,99.28552
A,300,strip,0.1604615,0.051001,99.28552
A,300,strip,0.1704903,0.051002,99.28552
A,300,strip,0.1805191,0.051002,99.28552
A,300,strip,0.190548,0.051003,99.28552
A,300,strip,0.2005768,0.051004,99.28552
A,300,strip,0.2106057,0.051006,99.28552
A,300,strip,0.2206345,0.051008,99.28552
A,300,strip,0.2306633,0.05101,99.28552
A,300,strip,0.2406922,0.051013,99.28552
A,300,strip,0.250721,0.051017,99.28552
A,300,strip,0.2607499,0.051021,99.28552
A,300,strip,0.2707787,0.051027,99.28552
A,300,strip,0.2808075,0.051033,99.28552
A,300,strip,0.2908364,0.051041,99.28552
A,300,strip,0.3008652,0.05105,99.28552
A,300,strip,0.3108941,0.051061,99.28552
A,300,strip,0.3209229,0.051074,99.28552
A,300,strip,0.3309517,0.051089,99.28552
A,300,strip,0.3409806,0.051107,99.28552
A,300,strip,0.3510094,0.051127,99.28552
A,300,strip,0.3610383,0.05115,99.28552
A,300,strip,0.3710671,0.051177,99.28552
A,300,strip,0.3810959,0.051208,99.28552
A,300,strip,0.3911248,0.051243,99.28552
A,300,strip,0.4011536,0.051283,99.28552
A,300,strip,0.4111825,0.051328,99.28552
A,300,strip,0.4212113,0.051379,99.28552
A,300,strip,0.4312401,0.051436,99.28552
A,300,strip,0.441269,0.051501,99.28552
A,300,strip,0.4512978,0.051573,99.28552
A,300,strip,0.4613267,0.051654,99.28552
A,300,strip,0.4713555,0.051744,99.28552
A,300,strip,0.4813844,0.051844,99.28552
A,300,strip,0.4914132,0.051956,99.28552
A,300,strip,0.501442,0.052079,99.28552
A,300,strip,0.5114709,0.052215,99.28552
A,300,strip,0.5214997,0.052365,99.28552
A,300,strip,0.5315286,0.05253,99.28552
A,300,strip,0.5415574,0.052712,99.28552
A,300,strip,0.5515862,0.052911,99.28552
A,300,strip,0.5616151,0.053129,99.28552
A,300,strip,0.5716439,0.053368,99.28552
A,300,strip,0.5816728,0.053628,99.28552
A,300,strip,0.5917016,0.053912,99.28552
A,300,strip,0.6017304,0.054221,99.28552
A,300,strip,0.6117593,0.054557,99.28552
A,300,strip,0.6217881,0.054922,99.28552
A,300,strip,0.631817,0.055317,99.28552
A,300,strip,0.6418458,0.055744,99.28552
A,300,strip,0.6518746,0.056207,99.28552
A,300,strip,0.6619035,0.056706,99.28552
A,300,strip,0.6719323,0.057245,99.28552
A,300,strip,0.6819612,0.057826,99.28552
A,300,strip,0.69199,0.058451,99.28552
A,300,strip,0.7020188,0.059123,99.28552
A,300,strip,0.7120477,0.059844,99.28552
A,300,strip,0.7220765,0.060618,99.28552
A,300,strip,0.7321054,0.061448,99.28552
A,300,strip,0.7421342,0.062337,99.28552
A,300,strip,0.752163,0.063288,99.28552
A,300,strip,0.7621919,0.064304,99.28552
A,300,strip,0.7722207,0.06539,99.28552
A,300,strip,0.7822496,0.066548,99.28552
A,300,strip,0.7922784,0.067783,99.28552
A,300,strip,0.8023073,0.069098,99.28552
A,300,strip,0.8123361,0.070499,99.28552
A,300,strip,0.8223649,0.071989,99.28552
A,300,strip,0.8323938,0.073572,99.28552
A,300,strip,0.8424226,0.075254,99.28552
A,300,strip,0.8524515,0.077038,99.28552
A,300,strip,0.8624803,0.078931,99.28552
A,300,strip,0.8725091,0.080938,99.28552
A,300,strip,0.882538,0.083063,99.28552
A,300,strip,0.8925668,0.085312,99.28552
A,300,strip,0.9025957,0.087691,99.28552
A,300,strip,0.9126245,0.090206,99.28552
A,300,strip,0.9226533,0.092863,99.28552
A,300,strip,0.9326822,0.095668,99.28552
A,300,strip,0.942711,0.098629,99.28552
A,300,strip,0.9527399,0.101751,99.28552
A,300,strip,0.9627687,0.105042,99.28552
A,300,strip,0.9727975,0.108509,99.28552
A,300,strip,0.9828264,0.112159,99.28552
A,300,strip,0.9928552,0.116,99.28552
B,1,plate,0.0,-0.093,97.54
B,1,plate,0.010101,-0.089419,97.54
B,1,plate,0.020202,-0.086344,97.54
B,1,plate,0.030303,-0.083707,97.54
B,1,plate,0.040404,-0.081448,97.54
B,1,plate,0.0505051,-0.079518,97.54
B,1,plate,0.0606061,-0.077871,97.54
B,1,plate,0.0707071,-0.07647,97.54
B,1,plate,0.0808081,-0.075281,97.54
B,1,plate,0.0909091,-0.074277,97.54
B,1,plate,0.1010101,-0.073432,97.54
B,1,plate,0.1111111,-0.072725,97.54
B,1,plate,0.1212121,-0.072138,97.54
B,1,plate,0.1313131,-0.071654,97.54
B,1,plate,0.1414141,-0.071259,97.54
B,1,plate,0.1515152,-0.070942,97.54
B,1,plate,0.1616162,-0.070692,97.54
B,1,plate,0.1717172,-0.0705,97.54
B,1,plate,0.1818182,-0.070358,97.54
B,1,plate,0.1919192,-0.070259,97.54
B,1,plate,0.2020202,-0.070199,97.54
B,1,plate,0.2121212,-0.070171,97.54
B,1,plate,0.2222222,-0.070171,97.54
B,1,plate,0.2323232,-0.070195,97.54
B,1,plate,0.2424242,-0.070241,97.54
B,1,plate,0.2525253,-0.070305,97.54
B,1,plate,0.2626263,-0.070385,97.54
B,1,plate,0.2727273,-0.070478,97.54
B,1,plate,0.2828283,-0.070583,97.54
B,1,plate,0.2929293,-0.070699,97.54
B,1,plate,0.3030303,-0.070824,97.54
B,1,plate,0.3131313,-0.070956,97.54
B,1,plate,0.3232323,-0.071095,97.54
B,1,plate,0.3333333,-0.071239,97.54
B,1,plate,0.3434343,-0.071389,97.54
B,1,plate,0.3535354,-0.071543,97.54
B,1,plate,0.3636364,-0.071701,97.54
B,1,plate,0.3737374,-0.071862,97.54
B,1,plate,0.3838384,-0.072025,97.54
B,1,plate,0.3939394,-0.072192,97.54
B,1,plate,0.4040404,-0.07236,97.54
B,1,plate,0.4141414,-0.07253,97.54
B,1,plate,0.4242424,-0.072702,97.54
B,1,plate,0.4343434,-0.072875,97.54
B,1,plate,0.4444444,-0.073049,97.54
B,1,plate,0.4545455,-0.073224,97.54
B,1,plate,0.4646465,-0.0734,97.54
B,1,plate,0.4747475,-0.073577,97.54
B,1,plate,0.4848485,-0.073755,97.54
B,1,plate,0.4949495,-0.073933,97.54
B,1,plate,0.5050505,-0.074112,97.54
B,1,plate,0.5151515,-0.074291,97.54
B,1,plate,0.5252525,-0.07447,97.54
B,1,plate,0.5353535,-0.07465,97.54
B,1,plate,0.5454545,-0.07483,97.54
B,1,plate,0.5555556,-0.07501,97.54
B,1,plate,0.5656566,-0.07519,97.54
B,1,plate,0.5757576,-0.075371,97.54
B,1,plate,0.5858586,-0.075552,97.54
B,1,plate,0.5959596,-0.075733,97.54
B,1,plate,0.6060606,-0.075914,97.54
B,1,plate,0.6161616,-0.076095,97.54
B,1,plate,0.6262626,-0.076276,97.54
B,1,plate,0.6363636,-0.076458,97.54
B,1,plate,0.6464646,-0.076639,97.54
B,1,plate,0.6565657,-0.076821,97.54
B,1,plate,0.6666667,-0.077002,97.54
B,1,plate,0.6767677,-0.077184,97.54
B,1,plate,0.6868687,-0.077365,97.54
B,1,plate,0.6969697,-0.077547,97.54
B,1,plate,0.7070707,-0.077728,97.54
B,1,plate,0.7171717,-0.07791,97.54
B,1,plate,0.7272727,-0.078092,97.54
B,1,plate,0.7373737,-0.078273,97.54
B,1,plate,0.7474747,-0.078455,97.54
B,1,plate,0.7575758,-0.078637,97.54
B,1,plate,0.7676768,-0.078819,97.54
B,1,plate,0.7777778,-0.079,97.54
B,1,plate,0.7878788,-0.079182,97.54
B,1,plate,0.7979798,-0.079364,97.54
B,1,plate,0.8080808,-0.079546,97.54
B,1,plate,0.8181818,-0.079728,97.54
B,1,plate,0.8282828,-0.079909,97.54
B,1,plate,0.8383838,-0.080091,97.54
B,1,plate,0.8484848,-0.080273,97.54
B,1,plate,0.8585859,-0.080455,97.54
B,1,plate,0.8686869,-0.080636,97.54
B,1,plate,0.8787879,-0.080818,97.54
B,1,plate,0.8888889,-0.081,97.54
B,1,plate,0.8989899,-0.081182,97.54
B,1,plate,0.9090909,-0.081364,97.54
B,1,plate,0.9191919,-0.081546,97.54
B,1,plate,0.9292929,-0.081727,97.54
B,1,plate,0.9393939,-0.081909,97.54
B,1,plate,0.9494949,-0.082091,97.54
B,1,plate,0.959596,-0.082273,97.54
B,1,plate,0.969697,-0.082455,97.54
B,1,plate,0.979798,-0.082636,97.54
B,1,plate,0.989899,-0.082818,97.54
B,1,plate,1.0,-0.083,97.54
B,1,strip,0.0,0.06502,97.54
B,1,strip,0.0098525,0.06502,97.54
B,1,strip,0.0197051,0.06502,97.54
B,1,strip,0.0295576,0.06502,97.54
B,1,strip,0.0394101,0.06502,97.54
B,1,strip,0.0492626,0.06502,97.54
B,1,strip,0.0591152,0.06502,97.54
B,1,strip,0.0689677,0.06502,97.54
B,1,strip,0.0788202,0.06502,97.54
B,1,strip,0.0886727,0.06502,97.54
B,1,strip,0.0985253,0.06502,97.54
B,1,strip,0.1083778,0.06502,97.54
B,1,strip,0.1182303,0.06502,97.54
B,1,strip,0.1280828,0.06502,97.54
B,1,strip,0.1379354,0.065021,97.54
B,1,strip,0.1477879,0.065021,97.54
B,1,strip,0.1576404,0.065021,97.54
B,1,strip,0.1674929,0.065022,97.54
B,1,strip,0.1773455,0.065022,97.54
B,1,strip,0.187198,0.065023,97.54
B,1,strip,0.1970505,0.065024,97.54
B,1,strip,0.206903,0.065026,97.54
B,1,strip,0.2167556,0.065028,97.54
B,1,strip,0.2266081,0.06503,97.54
B,1,strip,0.2364606,0.065033,97.54
B,1,strip,0.2463131,0.065037,97.54
B,1,strip,0.2561657,0.065041,97.54
B,1,strip,0.2660182,0.065047,97.54
B,1,strip,0.2758707,0.065053,97.54
B,1,strip,0.2857232,0.065061,97.54
B,1,strip,0.2955758,0.06507,97.54
B,1,strip,0.3054283,0.065081,97.54
B,1,strip,0.3152808,0.065094,97.54
B,1,strip,0.3251333,0.065109,97.54
B,1,strip,0.3349859,0.065127,97.54
B,1,strip,0.3448384,0.065147,97.54
B,1,strip,0.3546909,0.06517,97.54
B,1,strip,0.3645434,0.065197,97.54
B,1,strip,0.374396,0.065228,97.54
B,1,strip,0.3842485,0.065263,97.54
B,1,strip,0.394101,0.065303,97.54
B,1,strip,0.4039535,0.065348,97.54
B,1,strip,0.4138061,0.065399,97.54
B,1,strip,0.4236586,0.065456,97.54
B,1,strip,0.4335111,0.065521,97.54
B,1,strip,0.4433636,0.065593,97.54
B,1,strip,0.4532162,0.065674,97.54
B,1,strip,0.4630687,0.065764,97.54
B,1,strip,0.4729212,0.065864,97.54
B,1,strip,0.4827737,0.065976,97.54
B,1,strip,0.4926263,0.066099,97.54
B,1,strip,0.5024788,0.066235,97.54
B,1,strip,0.5123313,0.066385,97.54
B,1,strip,0.5221838,0.06655,97.54
B,1,strip,0.5320364,0.066732,97.54
B,1,strip,0.5418889,0.066931,97.54
B,1,strip,0.5517414,0.067149,97.54
B,1,strip,0.5615939,0.067388,97.54
B,1,strip,0.5714465,0.067648,97.54
B,1,strip,0.581299,0.067932,97.54
B,1,strip,0.5911515,0.068241,97.54
B,1,strip,0.601004,0.068577,97.54
B,1,strip,0.6108566,0.068942,97.54
B,1,strip,0.6207091,0.069337,97.54
B,1,strip,0.6305616,0.069764,97.54
B,1,strip,0.6404141,0.070227,97.54
B,1,strip,0.6502667,0.070726,97.54
B,1,strip,0.6601192,0.071265,97.54
B,1,strip,0.6699717,0.071846,97.54
B,1,strip,0.6798242,0.072471,97.54
B,1,strip,0.6896768,0.073143,97.54
B,1,strip,0.6995293,0.073864,97.54
B,1,strip,0.7093818,0.074638,97.54
B,1,strip,0.7192343,0.075468,97.54
B,1,strip,0.7290869,0.076357,97.54
B,1,strip,0.7389394,0.077308,97.54
B,1,strip,0.7487919,0.078324,97.54
B,1,strip,0.7586444,0.07941,97.54
B,1,strip,0.768497,0.080568,97.54
B,1,strip,0.7783495,0.081803,97.54
B,1,strip,0.788202,0.083118,97.54
B,1,strip,0.7980545,0.084519,97.54
B,1,strip,0.8079071,0.086009,97.54
B,1,strip,0.8177596,0.087592,97.54
B,1,strip,0.8276121,0.089274,97.54
B,1,strip,0.8374646,0.091058,97.54
B,1,strip,0.8473172,0.092951,97.54
B,1,strip,0.8571697,0.094958,97.54
B,1,strip,0.8670222,0.097083,97.54
B,1,strip,0.8768747,0.099332,97.54
B,1,strip,0.8867273,0.101711,97.54
B,1,strip,0.8965798,0.104226,97.54
B,1,strip,0.9064323,0.106883,97.54
B,1,strip,0.9162848,0.109688,97.54
B,1,strip,0.9261374,0.112649,97.54
B,1,strip,0.9359899,0.115771,97.54
B,1,strip,0.9458424,0.119062,97.54
B,1,strip,0.9556949,0.122529,97.54
B,1,strip,0.9655475,0.126179,97.54
B,1,strip,0.9754,0.13002,97.54
B,100,plate,0.0,-0.093,99.01382
B,100,plate,0.010101,-0.089419,99.01382
B,100,plate,0.020202,-0.086344,99.01382
B,100,plate,0.030303,-0.083707,99.01382
B,100,plate,0.040404,-0.081448,99.01382
B,100,plate,0.0505051,-0.079518,99.01382
B,100,plate,0.0606061,-0.077871,99.01382
B,100,plate,0.0707071,-0.07647,99.01382
B,100,plate,0.0808081,-0.075281,99.01382
B,100,plate,0.0909091,-0.074277,99.01382
B,100,plate,0.1010101,-0.073432,99.01382
B,100,plate,0.1111111,-0.072725,99.01382
B,100,plate,0.1212121,-0.072138,99.01382
B,100,plate,0.1313131,-0.071654,99.01382
B,100,plate,0.1414141,-0.071259,99.01382
B,100,plate,0.1515152,-0.070942,99.01382
B,100,plate,0.1616162,-0.070692,99.01382
B,100,plate,0.1717172,-0.0705,99.01382
B,100,plate,0.1818182,-0.070358,99.01382
B,100,plate,0.1919192,-0.070259,99.01382
B,100,plate,0.2020202,-0.070199,99.01382
B,100,plate,0.2121212,-0.070171,99.01382
B,100,plate,0.2222222,-0.070171,99.01382
B,100,plate,0.2323232,-0.070195,99.01382
B,100,plate,0.2424242,-0.070241,99.01382
B,100,plate,0.2525253,-0.070305,99.01382
B,100,plate,0.2626263,-0.070385,99.01382
B,100,plate,0.2727273,-0.070478,99.01382
B,100,plate,0.2828283,-0.070583,99.01382
B,100,plate,0.2929293,-0.070699,99.01382
B,100,plate,0.3030303,-0.070824,99.01382
B,100,plate,0.3131313,-0.070956,99.01382
B,100,plate,0.3232323,-0.071095,99.01382
B,100,plate,0.3333333,-0.071239,99.01382
B,100,plate,0.3434343,-0.071389,99.01382
B,100,plate,0.3535354,-0.071543,99.01382
B,100,plate,0.3636364,-0.071701,99.01382
B,100,plate,0.3737374,-0.071862,99.01382
B,100,plate,0.3838384,-0.072025,99.01382
B,100,plate,0.3939394,-0.072192,99.01382
B,100,plate,0.4040404,-0.07236,99.01382
B,100,plate,0.4141414,-0.07253,99.01382
B,100,plate,0.4242424,-0.072702,99.01382
B,100,plate,0.4343434,-0.072875,99.01382
B,100,plate,0.4444444,-0.073049,99.01382
B,100,plate,0.4545455,-0.073224,99.01382
B,100,plate,0.4646465,-0.0734,99.01382
B,100,plate,0.4747475,-0.073577,99.01382
B,100,plate,0.4848485,-0.073755,99.01382
B,100,plate,0.4949495,-0.073933,99.01382
B,100,plate,0.5050505,-0.074112,99.01382
B,100,plate,0.5151515,-0.074291,99.01382
B,100,plate,0.5252525,-0.07447,99.01382
B,100,plate,0.5353535,-0.07465,99.01382
B,100,plate,0.5454545,-0.07483,99.01382
B,100,plate,0.5555556,-0.07501,99.01382
B,100,plate,0.5656566,-0.07519,99.01382
B,100,plate,0.5757576,-0.075371,99.01382
B,100,plate,0.5858586,-0.075552,99.01382
B,100,plate,0.5959596,-0.075733,99.01382
B,100,plate,0.6060606,-0.075914,99.01382
B,100,plate,0.6161616,-0.076095,99.01382
B,100,plate,0.6262626,-0.076276,99.01382
B,100,plate,0.6363636,-0.076458,99.01382
B,100,plate,0.6464646,-0.076639,99.01382
B,100,plate,0.6565657,-0.076821,99.01382
B,100,plate,0.6666667,-0.077002,99.01382
B,100,plate,0.6767677,-0.077184,99.01382
B,100,plate,0.6868687,-0.077365,99.01382
B,100,plate,0.6969697,-0.077547,99.01382
B,100,plate,0.7070707,-0.077728,99.01382
B,100,plate,0.7171717,-0.07791,99.01382
B,100,plate,0.7272727,-0.078092,99.01382
B,100,plate,0.7373737,-0.078273,99.01382
B,100,plate,0.7474747,-0.078455,99.01382
B,100,plate,0.7575758,-0.078637,99.01382
B,100,plate,0.7676768,-0.078819,99.01382
B,100,plate,0.7777778,-0.079,99.01382
B,100,plate,0.7878788,-0.079182,99.01382
B,100,plate,0.7979798,-0.079364,99.01382
B,100,plate,0.8080808,-0.079546,99.01382
B,100,plate,0.8181818,-0.079728,99.01382
B,100,plate,0.8282828,-0.079909,99.01382
B,100,plate,0.8383838,-0.080091,99.01382
B,100,plate,0.8484848,-0.080273,99.01382
B,100,plate,0.8585859,-0.080455,99.01382
B,100,plate,0.8686869,-0.080636,99.01382
B,100,plate,0.8787879,-0.080818,99.01382
B,100,plate,0.8888889,-0.081,99.01382
B,100,plate,0.8989899,-0.081182,99.01382
B,100,plate,0.9090909,-0.081364,99.01382
B,100,plate,0.9191919,-0.081546,99.01382
B,100,plate,0.9292929,-0.081727,99.01382
B,100,plate,0.9393939,-0.081909,99.01382
B,100,plate,0.9494949,-0.082091,99.01382
B,100,plate,0.959596,-0.082273,99.01382
B,100,plate,0.969697,-0.082455,99.01382
B,100,plate,0.979798,-0.082636,99.01382
B,100,plate,0.989899,-0.082818,99.01382
B,100,plate,1.0,-0.083,99.01382
B,100,strip,0.0,0.067,99.01382
B,100,strip,0.0100014,0.067,99.01382
B,100,strip,0.0200028,0.067,99.01382
B,100,strip,0.0300042,0.067,99.01382
B,100,strip,0.0400056,0.067,99.01382
B,100,strip,0.050007,0.067,99.01382
B,100,strip,0.0600084,0.067,99.01382
B,100,strip,0.0700098,0.067,99.01382
B,100,strip,0.0800112,0.067,99.01382
B,100,strip,0.0900126,0.067,99.01382
B,100,strip,0.100014,0.067,99.01382
B,100,strip,0.1100154,0.067,99.01382
B,100,strip,0.1200168,0.067,99.01382
B,100,strip,0.1300181,0.067,99.01382
B,100,strip,0.1400195,0.067001,99.01382
B,100,strip,0.1500209,0.067001,99.01382
B,100,strip,0.1600223,0.067001,99.01382
B,100,strip,0.1700237,0.067002,99.01382
B,100,strip,0.1800251,0.067002,99.01382
B,100,strip,0.1900265,0.067003,99.01382
B,100,strip,0.2000279,0.067004,99.01382
B,100,strip,0.2100293,0.067006,99.01382
B,100,strip,0.2200307,0.067008,99.01382
B,100,strip,0.2300321,0.06701,99.01382
B,100,strip,0.2400335,0.067013,99.01382
B,100,strip,0.2500349,0.067017,99.01382
B,100,strip,0.2600363,0.067021,99.01382
B,100,strip,0.2700377,0.067027,99.01382
B,100,strip,0.2800391,0.067033,99.01382
B,100,strip,0.2900405,0.067041,99.01382
B,100,strip,0.3000419,0.06705,99.01382
B,100,strip,0.3100433,0.067061,99.01382
B,100,strip,0.3200447,0.067074,99.01382
B,100,strip,0.3300461,0.067089,99.01382
B,100,strip,0.3400475,0.067107,99.01382
B,100,strip,0.3500489,0.067127,99.01382
B,100,strip,0.3600503,0.06715,99.01382
B,100,strip,0.3700517,0.067177,99.01382
B,100,strip,0.3800531,0.067208,99.01382
B,100,strip,0.3900544,0.067243,99.01382
B,100,strip,0.4000558,0.067283,99.01382
B,100,strip,0.4100572,0.067328,99.01382
B,100,strip,0.4200586,0.067379,99.01382
B,100,strip,0.43006,0.067436,99.01382
B,100,strip,0.4400614,0.067501,99.01382
B,100,strip,0.4500628,0.067573,99.01382
B,100,strip,0.4600642,0.067654,99.01382
B,100,strip,0.4700656,0.067744,99.01382
B,100,strip,0.480067,0.067844,99.01382
B,100,strip,0.4900684,0.067956,99.01382
B,100,strip,0.5000698,0.068079,99.01382
B,100,strip,0.5100712,0.068215,99.01382
B,100,strip,0.5200726,0.068365,99.01382
B,100,strip,0.530074,0.06853,99.01382
B,100,strip,0.5400754,0.068712,99.01382
B,100,strip,0.5500768,0.068911,99.01382
B,100,strip,0.5600782,0.069129,99.01382
B,100,strip,0.5700796,0.069368,99.01382
B,100,strip,0.580081,0.069628,99.01382
B,100,strip,0.5900824,0.069912,99.01382
B,100,strip,0.6000838,0.070221,99.01382
B,100,strip,0.6100852,0.070557,99.01382
B,100,strip,0.6200866,0.070922,99.01382
B,100,strip,0.630088,0.071317,99.01382
B,100,strip,0.6400894,0.071744,99.01382
B,100,strip,0.6500907,0.072207,99.01382
B,100,strip,0.6600921,0.072706,99.01382
B,100,strip,0.6700935,0.073245,99.01382
B,100,strip,0.6800949,0.073826,99.01382
B,100,strip,0.6900963,0.074451,99.01382
B,100,strip,0.7000977,0.075123,99.01382
B,100,strip,0.7100991,0.075844,99.01382
B,100,strip,0.7201005,0.076618,99.01382
B,100,strip,0.7301019,0.077448,99.01382
B,100,strip,0.7401033,0.078337,99.01382
B,100,strip,0.7501047,0.079288,99.01382
B,100,strip,0.7601061,0.080304,99.01382
B,100,strip,0.7701075,0.08139,99.01382
B,100,strip,0.7801089,0.082548,99.01382
B,100,strip,0.7901103,0.083783,99.01382
B,100,strip,0.8001117,0.085098,99.01382
B,100,strip,0.8101131,0.086499,99.01382
B,100,strip,0.8201145,0.087989,99.01382
B,100,strip,0.8301159,0.089572,99.01382
B,100,strip,0.8401173,0.091254,99.01382
B,100,strip,0.8501187,0.093038,99.01382
B,100,strip,0.8601201,0.094931,99.01382
B,100,strip,0.8701215,0.096938,99.01382
B,100,strip,0.8801229,0.099063,99.01382
B,100,strip,0.8901243,0.101312,99.01382
B,100,strip,0.9001256,0.103691,99.01382
B,100,strip,0.910127,0.106206,99.01382
B,100,strip,0.9201284,0.108863,99.01382
B,100,strip,0.9301298,0.111668,99.01382
B,100,strip,0.9401312,0.114629,99.01382
B,100,strip,0.9501326,0.117751,99.01382
B,100,strip,0.960134,0.121042,99.01382
B,100,strip,0.9701354,0.124509,99.01382
B,100,strip,0.9801368,0.128159,99.01382
B,100,strip,0.9901382,0.132,99.01382
B,300,plate,0.0,-0.093,98.47294
B,300,plate,0.010101,-0.089419,98.47294
B,300,plate,0.020202,-0.086344,98.47294
B,300,plate,0.030303,-0.083707,98.47294
B,300,plate,0.040404,-0.081448,98.47294
B,300,plate,0.0505051,-0.079518,98.47294
B,300,plate,0.0606061,-0.077871,98.47294
B,300,plate,0.0707071,-0.07647,98.47294
B,300,plate,0.0808081,-0.075281,98.47294
B,300,plate,0.0909091,-0.074277,98.47294
B,300,plate,0.1010101,-0.073432,98.47294
B,300,plate,0.1111111,-0.072725,98.47294
B,300,plate,0.1212121,-0.072138,98.47294
B,300,plate,0.1313131,-0.071654,98.47294
B,300,plate,0.1414141,-0.071259,98.47294
B,300,plate,0.1515152,-0.070942,98.47294
B,300,plate,0.1616162,-0.070692,98.47294
B,300,plate,0.1717172,-0.0705,98.47294
B,300,plate,0.1818182,-0.070358,98.47294
B,300,plate,0.1919192,-0.070259,98.47294
B,300,plate,0.2020202,-0.070199,98.47294
B,300,plate,0.2121212,-0.070171,98.47294
B,300,plate,0.2222222,-0.070171,98.47294
B,300,plate,0.2323232,-0.070195,98.47294
B,300,plate,0.2424242,-0.070241,98.47294
B,300,plate,0.2525253,-0.070305,98.47294
B,300,plate,0.2626263,-0.070385,98.47294
B,300,plate,0.2727273,-0.070478,98.47294
B,300,plate,0.2828283,-0.070583,98.47294
B,300,plate,0.2929293,-0.070699,98.47294
B,300,plate,0.3030303,-0.070824,98.47294
B,300,plate,0.3131313,-0.070956,98.47294
B,300,plate,0.3232323,-0.071095,98.47294
B,300,plate,0.3333333,-0.071239,98.47294
B,300,plate,0.3434343,-0.071389,98.47294
B,300,plate,0.3535354,-0.071543,98.47294
B,300,plate,0.3636364,-0.071701,98.47294
B,300,plate,0.3737374,-0.071862,98.47294
B,300,plate,0.3838384,-0.072025,98.47294
B,300,plate,0.3939394,-0.072192,98.47294
B,300,plate,0.4040404,-0.07236,98.47294
B,300,plate,0.4141414,-0.07253,98.47294
B,300,plate,0.4242424,-0.072702,98.47294
B,300,plate,0.4343434,-0.072875,98.47294
B,300,plate,0.4444444,-0.073049,98.47294
B,300,plate,0.4545455,-0.073224,98.47294
B,300,plate,0.4646465,-0.0734,98.47294
B,300,plate,0.4747475,-0.073577,98.47294
B,300,plate,0.4848485,-0.073755,98.47294
B,300,plate,0.4949495,-0.073933,98.47294
B,300,plate,0.5050505,-0.074112,98.47294
B,300,plate,0.5151515,-0.074291,98.47294
B,300,plate,0.5252525,-0.07447,98.47294
B,300,plate,0.5353535,-0.07465,98.47294
B,300,plate,0.5454545,-0.07483,98.47294
B,300,plate,0.5555556,-0.07501,98.47294
B,300,plate,0.5656566,-0.07519,98.47294
B,300,plate,0.5757576,-0.075371,98.47294
B,300,plate,0.5858586,-0.075552,98.47294
B,300,plate,0.5959596,-0.075733,98.47294
B,300,plate,0.6060606,-0.075914,98.47294
B,300,plate,0.6161616,-0.076095,98.47294
B,300,plate,0.6262626,-0.076276,98.47294
B,300,plate,0.6363636,-0.076458,98.47294
B,300,plate,0.6464646,-0.076639,98.47294
B,300,plate,0.6565657,-0.076821,98.47294
B,300,plate,0.6666667,-0.077002,98.47294
B,300,plate,0.6767677,-0.077184,98.47294
B,300,plate,0.6868687,-0.077365,98.47294
B,300,plate,0.6969697,-0.077547,98.47294
B,300,plate,0.7070707,-0.077728,98.47294
B,300,plate,0.7171717,-0.07791,98.47294
B,300,plate,0.7272727,-0.078092,98.47294
B,300,plate,0.7373737,-0.078273,98.47294
B,300,plate,0.7474747,-0.078455,98.47294
B,300,plate,0.7575758,-0.078637,98.47294
B,300,plate,0.7676768,-0.078819,98.47294
B,300,plate,0.7777778,-0.079,98.47294
B,300,plate,0.7878788,-0.079182,98.47294
B,300,plate,0.7979798,-0.079364,98.47294
B,300,plate,0.8080808,-0.079546,98.47294
B,300,plate,0.8181818,-0.079728,98.47294
B,300,plate,0.8282828,-0.079909,98.47294
B,300,plate,0.8383838,-0.080091,98.47294
B,300,plate,0.8484848,-0.080273,98.47294
B,300,plate,0.8585859,-0.080455,98.47294
B,300,plate,0.8686869,-0.080636,98.47294
B,300,plate,0.8787879,-0.080818,98.47294
B,300,plate,0.8888889,-0.081,98.47294
B,300,plate,0.8989899,-0.081182,98.47294
B,300,plate,0.9090909,-0.081364,98.47294
B,300,plate,0.9191919,-0.081546,98.47294
B,300,plate,0.9292929,-0.081727,98.47294
B,300,plate,0.9393939,-0.081909,98.47294
B,300,plate,0.9494949,-0.082091,98.47294
B,300,plate,0.959596,-0.082273,98.47294
B,300,plate,0.969697,-0.082455,98.47294
B,300,plate,0.979798,-0.082636,98.47294
B,300,plate,0.989899,-0.082818,98.47294
B,300,plate,1.0,-0.083,98.47294
B,300,strip,0.0,0.071,98.47294
B,300,strip,0.0099468,0.071,98.47294
B,300,strip,0.0198935,0.071,98.47294
B,300,strip,0.0298403,0.071,98.47294
B,300,strip,0.039787,0.071,98.47294
B,300,strip,0.0497338,0.071,98.47294
B,300,strip,0.0596806,0.071,98.47294
B,300,strip,0.0696273,0.071,98.47294
B,300,strip,0.0795741,0.071,98.47294
B,300,strip,0.0895209,0.071,98.47294
B,300,strip,0.0994676,0.071,98.47294
B,300,strip,0.1094144,0.071,98.47294
B,300,strip,0.1193611,0.071,98.47294
B,300,strip,0.1293079,0.071,98.47294
B,300,strip,0.1392547,0.071001,98.47294
B,300,strip,0.1492014,0.071001,98.47294
B,300,strip,0.1591482,0.071001,98.47294
B,300,strip,0.169095,0.071002,98.47294
B,300,strip,0.1790417,0.071002,98.47294
B,300,strip,0.1889885,0.071003,98.47294
B,300,strip,0.1989352,0.071004,98.47294
B,300,strip,0.208882,0.071006,98.47294
B,300,strip,0.2188288,0.071008,98.47294
B,300,strip,0.2287755,0.07101,98.47294
B,300,strip,0.2387223,0.071013,98.47294
B,300,strip,0.2486691,0.071017,98.47294
B,300,strip,0.2586158,0.071021,98.47294
B,300,strip,0.2685626,0.071027,98.47294
B,300,strip,0.2785093,0.071033,98.47294
B,300,strip,0.2884561,0.071041,98.47294
B,300,strip,0.2984029,0.07105,98.47294
B,300,strip,0.3083496,0.071061,98.47294
B,300,strip,0.3182964,0.071074,98.47294
B,300,strip,0.3282431,0.071089,98.47294
B,300,strip,0.3381899,0.071107,98.47294
B,300,strip,0.3481367,0.071127,98.47294
B,300,strip,0.3580834,0.07115,98.47294
B,300,strip,0.3680302,0.071177,98.47294
B,300,strip,0.377977,0.071208,98.47294
B,300,strip,0.3879237,0.071243,98.47294
B,300,strip,0.3978705,0.071283,98.47294
B,300,strip,0.4078172,0.071328,98.47294
B,300,strip,0.417764,0.071379,98.47294
B,300,strip,0.4277108,0.071436,98.47294
B,300,strip,0.4376575,0.071501,98.47294
B,300,strip,0.4476043,0.071573,98.47294
B,300,strip,0.4575511,0.071654,98.47294
B,300,strip,0.4674978,0.071744,98.47294
B,300,strip,0.4774446,0.071844,98.47294
B,300,strip,0.4873913,0.071956,98.47294
B,300,strip,0.4973381,0.072079,98.47294
B,300,strip,0.5072849,0.072215,98.47294
B,300,strip,0.5172316,0.072365,98.47294
B,300,strip,0.5271784,0.07253,98.47294
B,300,strip,0.5371252,0.072712,98.47294
B,300,strip,0.5470719,0.072911,98.47294
B,300,strip,0.5570187,0.073129,98.47294
B,300,strip,0.5669654,0.073368,98.47294
B,300,strip,0.5769122,0.073628,98.47294
B,300,strip,0.586859,0.073912,98.47294
B,300,strip,0.5968057,0.074221,98.47294
B,300,strip,0.6067525,0.074557,98.47294
B,300,strip,0.6166993,0.074922,98.47294
B,300,strip,0.626646,0.075317,98.47294
B,300,strip,0.6365928,0.075744,98.47294
B,300,strip,0.6465395,0.076207,98.47294
B,300,strip,0.6564863,0.076706,98.47294
B,300,strip,0.6664331,0.077245,98.47294
B,300,strip,0.6763798,0.077826,98.47294
B,300,strip,0.6863266,0.078451,98.47294
B,300,strip,0.6962733,0.079123,98.47294
B,300,strip,0.7062201,0.079844,98.47294
B,300,strip,0.7161669,0.080618,98.47294
B,300,strip,0.7261136,0.081448,98.47294
B,300,strip,0.7360604,0.082337,98.47294
B,300,strip,0.7460072,0.083288,98.47294
B,300,strip,0.7559539,0.084304,98.47294
B,300,strip,0.7659007,0.08539,98.47294
B,300,strip,0.7758474,0.086548,98.47294
B,300,strip,0.7857942,0.087783,98.47294
B,300,strip,0.795741,0.089098,98.47294
B,300,strip,0.8056877,0.090499,98.47294
B,300,strip,0.8156345,0.091989,98.47294
B,300,strip,0.8255813,0.093572,98.47294
B,300,strip,0.835528,0.095254,98.47294
B,300,strip,0.8454748,0.097038,98.47294
B,300,strip,0.8554215,0.098931,98.47294
B,300,strip,0.8653683,0.100938,98.47294
B,300,strip,0.8753151,0.103063,98.47294
B,300,strip,0.8852618,0.105312,98.47294
B,300,strip,0.8952086,0.107691,98.47294
B,300,strip,0.9051554,0.110206,98.47294
B,300,strip,0.9151021,0.112863,98.47294
B,300,strip,0.9250489,0.115668,98.47294
B,300,strip,0.9349956,0.118629,98.47294
B,300,strip,0.9449424,0.121751,98.47294
B,300,strip,0.9548892,0.125042,98.47294
B,300,strip,0.9648359,0.128509,98.47294
B,300,strip,0.9747827,0.132159,98.47294
B,300,strip,0.9847294,0.136,98.47294
