species,sputter_time_s,mean_normalized_intensity
F-,0.0,0.3882947
Li+,0.0,0.0632287
S-,0.0,0.0880885
F-,1.818182,0.3795568
Li+,1.818182,0.0697732
S-,1.818182,0.0891053
F-,3.636364,0.3710886
Li+,3.636364,0.0760467
S-,3.636364,0.0902531
F-,5.454545,0.3628817
Li+,5.454545,0.0820604
S-,5.454545,0.0915437
F-,7.272727,0.354928
Li+,7.272727,0.0878252
S-,7.272727,0.0929885
F-,9.090909,0.3472198
Li+,9.090909,0.0933513
S-,9.090909,0.0945992
F-,10.909091,0.3397496
Li+,10.909091,0.0986487
S-,10.909091,0.0963871
F-,12.727273,0.3325098
Li+,12.727273,0.1037267
S-,12.727273,0.0983631
F-,14.545455,0.3254935
Li+,14.545455,0.1085944
S-,14.545455,0.1005375
F-,16.363636,0.3186937
Li+,16.363636,0.1132607
S-,16.363636,0.1029196
F-,18.181818,0.3121038
Li+,18.181818,0.1177337
S-,18.181818,0.1055176
F-,20.0,0.3057173
Li+,20.0,0.1220216
S-,20.0,0.1083382
F-,21.818182,0.2995278
Li+,21.818182,0.1261319
S-,21.818182,0.1113865
F-,23.636364,0.2935294
Li+,23.636364,0.130072
S-,23.636364,0.1146656
F-,25.454545,0.2877161
Li+,25.454545,0.1338491
S-,25.454545,0.1181762
F-,27.272727,0.2820822
Li+,27.272727,0.1374697
S-,27.272727,0.1219166
F-,29.090909,0.2766222
Li+,29.090909,0.1409405
S-,29.090909,0.1258822
F-,30.0,0.2739557
Li+,30.0,0.1426216
S-,30.0,0.1279473
F-,30.909091,0.2713307
Li+,30.909091,0.1442675
S-,30.909091,0.1300656
F-,32.727273,0.2662025
Li+,32.727273,0.1474568
S-,32.727273,0.1344562
F-,34.545455,0.2612325
Li+,34.545455,0.1505141
S-,34.545455,0.1390399
F-,36.363636,0.2564159
Li+,36.363636,0.1534448
S-,36.363636,0.1437994
F-,38.181818,0.251748
Li+,38.181818,0.1562541
S-,38.181818,0.1487139
F-,40.0,0.2472242
Li+,40.0,0.1589471
S-,40.0,0.1537592
F-,41.818182,0.2428399
Li+,41.818182,0.1615287
S-,41.818182,0.1589078
F-,43.636364,0.238591
Li+,43.636364,0.1640033
S-,43.636364,0.164129
F-,45.454545,0.2344732
Li+,45.454545,0.1663755
S-,45.454545,0.1693892
F-,47.272727,0.2304824
Li+,47.272727,0.1686495
S-,47.272727,0.174652
F-,49.090909,0.2266149
Li+,49.090909,0.1708294
S-,49.090909,0.1798791
F-,50.909091,0.2228667
Li+,50.909091,0.172919
S-,50.909091,0.1850299
F-,52.727273,0.2192341
Li+,52.727273,0.1749221
S-,52.727273,0.1900627
F-,54.545455,0.2157137
Li+,54.545455,0.1768422
S-,54.545455,0.1949351
F-,56.363636,0.2123019
Li+,56.363636,0.1786829
S-,56.363636,0.1996042
F-,58.181818,0.2089954
Li+,58.181818,0.1804473
S-,58.181818,0.2040276
F-,60.0,0.205791
Li+,60.0,0.1821387
S-,60.0,0.2081639
F-,61.818182,0.2026855
Li+,61.818182,0.1837601
S-,61.818182,0.2119735
F-,63.636364,0.1996758
Li+,63.636364,0.1853143
S-,63.636364,0.2154188
F-,65.454545,0.1967589
Li+,65.454545,0.1868042
S-,65.454545,0.2184653
F-,67.272727,0.1939321
Li+,67.272727,0.1882324
S-,67.272727,0.2210819
F-,69.090909,0.1911926
Li+,69.090909,0.1896015
S-,69.090909,0.2232416
F-,70.909091,0.1885376
Li+,70.909091,0.1909139
S-,70.909091,0.2249217
F-,72.727273,0.1859645
Li+,72.727273,0.1921719
S-,72.727273,0.2261044
F-,74.545455,0.1834708
Li+,74.545455,0.1933779
S-,74.545455,0.2267773
F-,76.363636,0.1810541
Li+,76.363636,0.194534
S-,76.363636,0.226933
F-,78.181818,0.178712
Li+,78.181818,0.1956421
S-,78.181818,0.2265699
F-,80.0,0.1764421
Li+,80.0,0.1967044
S-,80.0,0.225692
F-,81.818182,0.1742423
Li+,81.818182,0.1977228
S-,81.818182,0.2243085
F-,83.636364,0.1721104
Li+,83.636364,0.1986989
S-,83.636364,0.2224341
F-,85.454545,0.1700443
Li+,85.454545,0.1996347
S-,85.454545,0.2200887
F-,87.272727,0.168042
Li+,87.272727,0.2005317
S-,87.272727,0.2172966
F-,89.090909,0.1661014
Li+,89.090909,0.2013915
S-,89.090909,0.2140867
F-,90.909091,0.1642208
Li+,90.909091,0.2022158
S-,90.909091,0.2104913
F-,92.727273,0.1623982
Li+,92.727273,0.2030059
S-,92.727273,0.2065464
F-,94.545455,0.1606318
Li+,94.545455,0.2037634
S-,94.545455,0.2022904
F-,96.363636,0.1589199
Li+,96.363636,0.2044894
S-,96.363636,0.1977637
F-,98.181818,0.1572609
Li+,98.181818,0.2051854
S-,98.181818,0.1930081
F-,100.0,0.1556531
Li+,100.0,0.2058526
S-,100.0,0.1880664
F-,101.818182,0.1540949
Li+,101.818182,0.2064922
S-,101.818182,0.1829813
F-,103.636364,0.1525848
Li+,103.636364,0.2071053
S-,103.636364,0.1777951
F-,105.454545,0.1511213
Li+,105.454545,0.207693
S-,105.454545,0.172549
F-,107.272727,0.1497029
Li+,107.272727,0.2082564
S-,107.272727,0.1672827
F-,109.090909,0.1483283
Li+,109.090909,0.2087964
S-,109.090909,0.1620339
F-,110.909091,0.1469962
Li+,110.909091,0.2093141
S-,110.909091,0.1568379
F-,112.727273,0.1457051
Li+,112.727273,0.2098103
S-,112.727273,0.1517271
F-,114.545455,0.144454
Li+,114.545455,0.2102861
S-,114.545455,0.146731
F-,116.363636,0.1432414
Li+,116.363636,0.2107421
S-,116.363636,0.1418758
F-,118.181818,0.1420662
Li+,118.181818,0.2111792
S-,118.181818,0.1371843
F-,120.0,0.1409273
Li+,120.0,0.2115982
S-,120.0,0.1326759
F-,121.818182,0.1398236
Li+,121.818182,0.2119999
S-,121.818182,0.1283667
F-,123.636364,0.1387539
Li+,123.636364,0.212385
S-,123.636364,0.1242693
F-,125.454545,0.1377172
Li+,125.454545,0.2127541
S-,125.454545,0.1203931
F-,127.272727,0.1367126
Li+,127.272727,0.2131079
S-,127.272727,0.1167442
F-,129.090909,0.1357389
Li+,129.090909,0.2134471
S-,129.090909,0.1133262
F-,130.909091,0.1347953
Li+,130.909091,0.2137723
S-,130.909091,0.1101396
F-,132.727273,0.1338808
Li+,132.727273,0.2140839
S-,132.727273,0.1071829
F-,134.545455,0.1329945
Li+,134.545455,0.2143827
S-,134.545455,0.104452
F-,136.363636,0.1321356
Li+,136.363636,0.2146691
S-,136.363636,0.1019413
F-,138.181818,0.1313032
Li+,138.181818,0.2149437
S-,138.181818,0.0996433
F-,140.0,0.1304964
Li+,140.0,0.2152069
S-,140.0,0.0975495
F-,141.818182,0.1297146
Li+,141.818182,0.2154591
S-,141.818182,0.09565
F-,143.636364,0.1289569
Li+,143.636364,0.215701
S-,143.636364,0.0939343
F-,145.454545,0.1282226
Li+,145.454545,0.2159328
S-,145.454545,0.0923914
F-,147.272727,0.1275109
Li+,147.272727,0.216155
S-,147.272727,0.0910096
F-,149.090909,0.1268212
Li+,149.090909,0.2163681
S-,149.090909,0.0897775
F-,150.909091,0.1261528
Li+,150.909091,0.2165723
S-,150.909091,0.0886835
F-,152.727273,0.1255051
Li+,152.727273,0.216768
S-,152.727273,0.087716
F-,154.545455,0.1248773
Li+,154.545455,0.2169557
S-,154.545455,0.0868641
F-,156.363636,0.1242689
Li+,156.363636,0.2171356
S-,156.363636,0.086117
F-,158.181818,0.1236792
Li+,158.181818,0.217308
S-,158.181818,0.0854645
F-,160.0,0.1231078
Li+,160.0,0.2174733
S-,160.0,0.0848969
F-,161.818182,0.122554
Li+,161.818182,0.2176317
S-,161.818182,0.0844052
F-,163.636364,0.1220173
Li+,163.636364,0.2177836
S-,163.636364,0.0839809
F-,165.454545,0.1214971
Li+,165.454545,0.2179292
S-,165.454545,0.0836163
F-,167.272727,0.120993
Li+,167.272727,0.2180688
S-,167.272727,0.0833042
F-,169.090909,0.1205045
Li+,169.090909,0.2182026
S-,169.090909,0.0830382
F-,170.909091,0.120031
Li+,170.909091,0.2183309
S-,170.909091,0.0828123
F-,172.727273,0.1195722
Li+,172.727273,0.2184538
S-,172.727273,0.0826212
F-,174.545455,0.1191275
Li+,174.545455,0.2185717
S-,174.545455,0.0824602
F-,176.363636,0.1186965
Li+,176.363636,0.2186846
S-,176.363636,0.082325
F-,178.181818,0.1182789
Li+,178.181818,0.2187929
S-,178.181818,0.0822121
F-,180.0,0.1178741
Li+,180.0,0.2188968
S-,180.0,0.082118
