formulation,cycle_number,specific_capacity_mAh_g
Reference,1,180.0
Reference,2,181.488
Reference,3,182.2173
Reference,4,182.6157
Reference,5,182.2328
Reference,6,181.2362
Reference,7,181.8383
Reference,8,182.1565
Reference,9,182.1204
Reference,10,182.212
Reference,11,181.7747
Reference,12,181.9078
Reference,13,181.2845
Reference,14,182.9878
Reference,15,182.1636
Reference,16,182.699
Reference,17,182.5252
Reference,18,182.2175
Reference,19,181.982
Reference,20,182.3764
Reference,21,181.9955
Reference,22,181.9819
Reference,23,182.1728
Reference,24,182.5524
Reference,25,182.3702
Reference,26,181.9278
Reference,27,182.1916
Reference,28,181.8104
Reference,29,180.8613
Reference,30,181.5683
Reference,31,180.572
Reference,32,182.4727
Reference,33,182.2353
Reference,34,182.3417
Reference,35,180.9015
Reference,36,181.5547
Reference,37,181.7259
Reference,38,180.2785
Reference,39,181.0447
Reference,40,181.29
Reference,41,180.8228
Reference,42,180.7087
Reference,43,180.7934
Reference,44,180.2482
Reference,45,179.9767
Reference,46,180.7235
Reference,47,180.5651
Reference,48,179.7532
Reference,49,179.9224
Reference,50,180.0801
Reference,51,179.3233
Reference,52,180.887
Reference,53,180.365
Reference,54,180.4224
Reference,55,179.3154
Reference,56,180.3772
Reference,57,179.3924
Reference,58,178.7969
Reference,59,180.0448
Reference,60,178.6257
Reference,61,179.0907
Reference,62,179.4385
Reference,63,179.3982
Reference,64,180.0186
Reference,65,179.5336
Reference,66,177.8768
Reference,67,178.259
Reference,68,178.2919
Reference,69,178.6452
Reference,70,178.2233
Reference,71,178.3274
Reference,72,177.1369
Reference,73,178.8236
Reference,74,177.8069
Reference,75,177.3598
Reference,76,177.6593
Reference,77,177.8624
Reference,78,177.5479
Reference,79,176.7787
Reference,80,178.1184
Reference,81,177.1732
Reference,82,176.9104
Reference,83,177.1678
Reference,84,177.1115
Reference,85,177.2196
Reference,86,177.8395
Reference,87,175.6869
Reference,88,176.5973
Reference,89,176.2032
Reference,90,176.4066
Reference,91,176.6185
Reference,92,176.5786
Reference,93,175.6196
Reference,94,175.4432
Reference,95,176.2222
Reference,96,176.0762
Reference,97,175.5496
Reference,98,176.032
Reference,99,175.087
Reference,100,174.9045
Reference,101,175.0696
Reference,102,174.5271
Reference,103,174.3885
Reference,104,175.0855
Reference,105,175.9703
Reference,106,174.9855
Reference,107,175.559
Reference,108,174.6251
Reference,109,174.4875
Reference,110,173.5539
Reference,111,174.9384
Reference,112,174.5007
Reference,113,174.8833
Reference,114,174.7552
Reference,115,173.9672
Reference,116,174.1301
Reference,117,173.0802
Reference,118,173.6318
Reference,119,172.8716
Reference,120,172.9068
Reference,121,173.5097
Reference,122,172.8905
Reference,123,173.4453
Reference,124,171.8799
Reference,125,172.1999
Reference,126,172.4864
Reference,127,173.4642
Reference,128,172.7861
Reference,129,172.3974
Reference,130,171.7593
Reference,131,171.4355
Reference,132,172.1222
Reference,133,171.7985
Reference,134,171.8198
Reference,135,170.6019
Reference,136,171.0139
Reference,137,171.9193
Reference,138,170.8445
Reference,139,170.985
Reference,140,171.3387
Reference,141,171.1003
Reference,142,171.3008
Reference,143,170.0727
Reference,144,171.0937
Reference,145,169.6596
Reference,146,170.9244
Reference,147,169.8476
Reference,148,170.177
Reference,149,170.1751
Reference,150,169.665
Reference,151,169.6145
Reference,152,169.0732
Reference,153,168.6921
Reference,154,168.3986
Reference,155,167.4869
Reference,156,169.5401
Reference,157,168.7183
Reference,158,168.2013
Reference,159,168.5684
Reference,160,169.3995
Reference,161,167.5484
Reference,162,169.0946
Reference,163,168.3461
Reference,164,168.7836
Reference,165,168.6842
Reference,166,167.2432
Reference,167,166.3254
Reference,168,167.6043
Reference,169,167.287
Reference,170,167.5195
Reference,171,166.391
Reference,172,166.2213
Reference,173,166.6239
Reference,174,166.8753
Reference,175,166.5537
Reference,176,165.8897
Reference,177,165.4162
Reference,178,166.2524
Reference,179,166.1456
Reference,180,165.8346
Reference,181,165.8648
Reference,182,165.5251
Reference,183,165.201
Reference,184,164.4562
Reference,185,165.0174
Reference,186,164.6668
Reference,187,165.3007
Reference,188,164.5623
Reference,189,164.2317
Reference,190,164.6246
Reference,191,164.2819
Reference,192,164.5815
Reference,193,163.1928
Reference,194,163.1751
Reference,195,163.2244
Reference,196,163.826
Reference,197,164.201
Reference,198,163.0358
Reference,199,163.3144
Reference,200,163.1847
Reference,201,163.319
Reference,202,161.8741
Reference,203,162.1801
Reference,204,163.1782
Reference,205,162.7716
Reference,206,163.0467
Reference,207,162.5798
Reference,208,162.2419
Reference,209,161.7134
Reference,210,160.7159
Reference,211,160.9459
Reference,212,160.5701
Reference,213,161.806
Reference,214,160.8821
Reference,215,160.0681
Reference,216,160.6463
Reference,217,160.2004
Reference,218,160.2485
Reference,219,159.8242
Reference,220,159.5451
Reference,221,159.627
Reference,222,160.2274
Reference,223,159.2379
Reference,224,159.5202
Reference,225,159.637
Reference,226,159.7662
Reference,227,158.8017
Reference,228,158.4979
Reference,229,158.8237
Reference,230,159.4864
Reference,231,158.6099
Reference,232,157.6996
Reference,233,158.8118
Reference,234,158.5174
Reference,235,158.0361
Reference,236,158.1454
Reference,237,158.7559
Reference,238,157.8461
Reference,239,158.1899
Reference,240,157.5529
Reference,241,157.2228
Reference,242,157.1657
Reference,243,156.4668
Reference,244,156.322
Reference,245,157.5167
Reference,246,156.4753
Reference,247,156.492
Reference,248,156.4055
Reference,249,156.0451
Reference,250,155.0239
Reference,251,157.055
Reference,252,155.6252
Reference,253,154.4925
Reference,254,155.7647
Reference,255,155.0148
Reference,256,154.3969
Reference,257,155.5707
Reference,258,155.3278
Reference,259,154.647
Reference,260,154.5108
Reference,261,154.0777
Reference,262,154.3773
Reference,263,154.6918
Reference,264,152.6407
Reference,265,153.6777
Reference,266,153.5063
Reference,267,153.3391
Reference,268,152.6008
Reference,269,153.5025
Reference,270,153.0427
Reference,271,152.0076
Reference,272,153.0105
Reference,273,152.5399
Reference,274,152.3064
Reference,275,151.5379
Reference,276,151.8513
Reference,277,152.9739
Reference,278,151.1154
Reference,279,151.19
Reference,280,151.2694
Reference,281,152.1685
Reference,282,151.3472
Reference,283,150.9598
Reference,284,150.3315
Reference,285,150.4909
Reference,286,150.0863
Reference,287,150.6383
Reference,288,150.0217
Reference,289,149.5971
Reference,290,149.3043
Reference,291,148.6841
Reference,292,149.4854
Reference,293,148.1042
Reference,294,148.7621
Reference,295,147.8201
Reference,296,148.2223
Reference,297,148.6748
Reference,298,148.4472
Reference,299,147.7601
Reference,300,147.9638
Reference,301,147.6689
Reference,302,147.524
Reference,303,148.2743
Reference,304,147.0758
Reference,305,146.6614
Reference,306,147.779
Reference,307,145.8624
Reference,308,147.1842
Reference,309,146.3491
Reference,310,146.0202
Reference,311,147.0494
Reference,312,146.2806
Reference,313,145.4967
Reference,314,145.993
Reference,315,145.9651
Reference,316,146.0917
Reference,317,144.6636
Reference,318,144.4764
Reference,319,144.5157
Reference,320,144.3357
Reference,321,144.2866
Reference,322,143.846
Reference,323,143.9257
Reference,324,143.7613
Reference,325,144.1859
Reference,326,144.48
Reference,327,144.4661
Reference,328,144.1654
Reference,329,142.6748
Reference,330,141.6383
Reference,331,142.2385
Reference,332,142.6404
Reference,333,142.5501
Reference,334,142.7613
Reference,335,142.0409
Reference,336,141.7603
Reference,337,141.9862
Reference,338,140.7194
Reference,339,140.7568
Reference,340,140.6755
Reference,341,140.8733
Reference,342,141.2859
Reference,343,139.6858
Reference,344,140.6717
Reference,345,140.5686
Reference,346,140.5265
Reference,347,139.0255
Reference,348,140.2073
Reference,349,139.4312
Reference,350,139.8762
Reference,351,139.4219
Reference,352,139.2251
Reference,353,138.4444
Reference,354,138.9302
Reference,355,138.3998
Reference,356,137.3869
Reference,357,138.3313
Reference,358,138.7153
Reference,359,137.388
Reference,360,137.9495
Reference,361,137.6125
Reference,362,137.493
Reference,363,136.1407
Reference,364,137.3933
Reference,365,136.926
Reference,366,137.0556
Reference,367,135.527
Reference,368,135.686
Reference,369,136.2571
Reference,370,135.5762
Reference,371,136.2312
Reference,372,134.8216
Reference,373,135.1777
Reference,374,134.4193
Reference,375,135.2079
Reference,376,134.2808
Reference,377,135.0605
Reference,378,134.6646
Reference,379,133.6488
Reference,380,134.4001
Reference,381,132.7963
Reference,382,133.5286
Reference,383,132.7365
Reference,384,132.4049
Reference,385,133.0442
Reference,386,133.2759
Reference,387,133.1883
Reference,388,132.6193
Reference,389,131.9184
Reference,390,131.5584
Reference,391,131.935
Reference,392,132.3661
Reference,393,131.1969
Reference,394,131.4653
Reference,395,131.4534
Reference,396,130.6282
Reference,397,129.9703
Reference,398,131.648
Reference,399,129.8412
Reference,400,130.3214
Reference,401,129.0767
Reference,402,128.9901
Reference,403,129.212
Reference,404,129.4152
Reference,405,129.295
Reference,406,128.6344
Reference,407,128.7421
Reference,408,128.3227
Reference,409,129.6873
Reference,410,128.2918
Reference,411,128.2795
Reference,412,127.8231
Reference,413,127.4113
Reference,414,127.2802
Reference,415,126.2138
Reference,416,127.2614
Reference,417,127.6741
Reference,418,127.2364
Reference,419,126.8415
Reference,420,126.1754
Reference,421,125.7063
Reference,422,126.439
Reference,423,126.0762
Reference,424,125.4523
Reference,425,124.8082
Reference,426,125.571
Reference,427,125.4174
Reference,428,124.4502
Reference,429,125.0582
Reference,430,124.8169
Reference,431,123.6389
Reference,432,123.8312
Reference,433,123.7559
Reference,434,122.6894
Reference,435,122.7683
Reference,436,123.1841
Reference,437,121.8094
Reference,438,123.1386
Reference,439,122.5833
Reference,440,121.6086
Reference,441,122.5053
Reference,442,122.2653
Reference,443,120.6902
Reference,444,121.333
Reference,445,120.8249
Reference,446,120.7013
Reference,447,121.01
Reference,448,120.4109
Reference,449,120.5117
Reference,450,120.5935
Reference,451,120.2241
Reference,452,120.4105
Reference,453,119.9418
Reference,454,119.4778
Reference,455,119.2468
Reference,456,117.8542
Reference,457,118.62
Reference,458,118.4124
Reference,459,118.5427
Reference,460,117.9466
Reference,461,118.2534
Reference,462,117.9919
Reference,463,117.7889
Reference,464,117.7736
Reference,465,117.2624
Reference,466,117.0881
Reference,467,116.3795
Reference,468,116.7705
Reference,469,116.8281
Reference,470,115.4913
Reference,471,116.346
Reference,472,115.6606
Reference,473,115.1148
Reference,474,115.7258
Reference,475,114.6623
Reference,476,115.6603
Reference,477,114.7556
Reference,478,113.6658
Reference,479,113.6963
Reference,480,114.5213
Reference,481,113.6687
Reference,482,114.1435
Reference,483,113.6808
Reference,484,112.7112
Reference,485,113.6848
Reference,486,112.8498
Reference,487,113.7171
Reference,488,112.327
Reference,489,112.9938
Reference,490,112.4632
Reference,491,113.8378
Reference,492,111.9197
Reference,493,111.8236
Reference,494,110.7597
Reference,495,110.7436
Reference,496,110.9685
Reference,497,110.8697
Reference,498,110.418
Reference,499,110.6152
Reference,500,110.0
Formulation B,1,185.0
Formulation B,2,185.9027
Formulation B,3,184.9504
Formulation B,4,184.2268
Formulation B,5,185.2018
Formulation B,6,184.5467
Formulation B,7,184.4561
Formulation B,8,185.0942
Formulation B,9,185.9603
Formulation B,10,185.1767
Formulation B,11,185.3369
Formulation B,12,186.7751
Formulation B,13,185.7576
Formulation B,14,185.7691
Formulation B,15,186.4639
Formulation B,16,186.7847
Formulation B,17,184.8177
Formulation B,18,186.9502
Formulation B,19,186.17
Formulation B,20,186.7833
Formulation B,21,185.6334
Formulation B,22,186.3075
Formulation B,23,185.8058
Formulation B,24,186.4175
Formulation B,25,185.6252
Formulation B,26,184.4656
Formulation B,27,186.5247
Formulation B,28,185.509
Formulation B,29,186.0374
Formulation B,30,185.3191
Formulation B,31,185.038
Formulation B,32,184.6577
Formulation B,33,185.9946
Formulation B,34,185.474
Formulation B,35,184.9727
Formulation B,36,186.6757
Formulation B,37,185.5315
Formulation B,38,185.9873
Formulation B,39,185.6817
Formulation B,40,185.3048
Formulation B,41,184.4233
Formulation B,42,184.3655
Formulation B,43,185.5784
Formulation B,44,184.6646
Formulation B,45,184.0402
Formulation B,46,184.0955
Formulation B,47,185.5335
Formulation B,48,185.0381
Formulation B,49,184.6399
Formulation B,50,184.8443
Formulation B,51,184.9988
Formulation B,52,183.7012
Formulation B,53,184.9644
Formulation B,54,185.3527
Formulation B,55,183.6172
Formulation B,56,185.2029
Formulation B,57,183.2063
Formulation B,58,184.3035
Formulation B,59,183.0489
Formulation B,60,183.5445
Formulation B,61,184.2115
Formulation B,62,184.0357
Formulation B,63,185.5273
Formulation B,64,182.859
Formulation B,65,182.9798
Formulation B,66,184.7231
Formulation B,67,183.779
Formulation B,68,185.2345
Formulation B,69,183.6276
Formulation B,70,182.4209
Formulation B,71,183.8941
Formulation B,72,183.8054
Formulation B,73,182.7774
Formulation B,74,183.3875
Formulation B,75,183.5486
Formulation B,76,182.723
Formulation B,77,183.7625
Formulation B,78,183.1894
Formulation B,79,184.152
Formulation B,80,182.7897
Formulation B,81,183.049
Formulation B,82,183.7324
Formulation B,83,183.4884
Formulation B,84,182.87
Formulation B,85,183.3068
Formulation B,86,182.4928
Formulation B,87,182.7828
Formulation B,88,182.9021
Formulation B,89,182.0739
Formulation B,90,183.1825
Formulation B,91,182.8759
Formulation B,92,181.5347
Formulation B,93,181.4725
Formulation B,94,181.9467
Formulation B,95,182.4673
Formulation B,96,181.3719
Formulation B,97,181.4743
Formulation B,98,180.9845
Formulation B,99,181.657
Formulation B,100,183.0754
Formulation B,101,183.2621
Formulation B,102,181.8572
Formulation B,103,181.2295
Formulation B,104,181.9622
Formulation B,105,180.6476
Formulation B,106,181.6792
Formulation B,107,182.6643
Formulation B,108,182.2819
Formulation B,109,180.5213
Formulation B,110,181.8068
Formulation B,111,181.6926
Formulation B,112,181.2023
Formulation B,113,181.0457
Formulation B,114,179.7494
Formulation B,115,181.3853
Formulation B,116,180.9138
Formulation B,117,181.6681
Formulation B,118,180.0951
Formulation B,119,180.744
Formulation B,120,181.1087
Formulation B,121,179.5735
Formulation B,122,180.8988
Formulation B,123,179.3333
Formulation B,124,180.1215
Formulation B,125,180.5658
Formulation B,126,179.455
Formulation B,127,181.1205
Formulation B,128,180.7975
Formulation B,129,180.0195
Formulation B,130,180.8406
Formulation B,131,179.3867
Formulation B,132,180.4889
Formulation B,133,180.2937
Formulation B,134,179.529
Formulation B,135,179.6868
Formulation B,136,180.2439
Formulation B,137,179.1305
Formulation B,138,178.6407
Formulation B,139,180.0655
Formulation B,140,179.3409
Formulation B,141,180.1861
Formulation B,142,179.7711
Formulation B,143,179.7106
Formulation B,144,179.8295
Formulation B,145,179.9251
Formulation B,146,179.6096
Formulation B,147,179.6044
Formulation B,148,178.49
Formulation B,149,178.6656
Formulation B,150,179.795
Formulation B,151,178.0911
Formulation B,152,178.0646
Formulation B,153,177.836
Formulation B,154,178.7781
Formulation B,155,178.6016
Formulation B,156,177.666
Formulation B,157,178.1092
Formulation B,158,177.9879
Formulation B,159,177.9238
Formulation B,160,178.0278
Formulation B,161,177.7648
Formulation B,162,177.7016
Formulation B,163,177.4873
Formulation B,164,175.5797
Formulation B,165,177.4118
Formulation B,166,176.9834
Formulation B,167,176.8205
Formulation B,168,178.1885
Formulation B,169,176.7632
Formulation B,170,178.1161
Formulation B,171,177.8979
Formulation B,172,176.9019
Formulation B,173,177.1797
Formulation B,174,177.1073
Formulation B,175,177.3848
Formulation B,176,176.4267
Formulation B,177,176.5098
Formulation B,178,178.1742
Formulation B,179,176.0585
Formulation B,180,176.1487
Formulation B,181,177.3285
Formulation B,182,176.0855
Formulation B,183,176.6348
Formulation B,184,177.468
Formulation B,185,175.9295
Formulation B,186,176.5523
Formulation B,187,176.324
Formulation B,188,174.5256
Formulation B,189,174.6964
Formulation B,190,176.3297
Formulation B,191,176.4429
Formulation B,192,175.2172
Formulation B,193,174.8878
Formulation B,194,175.3904
Formulation B,195,175.0372
Formulation B,196,174.7969
Formulation B,197,175.3534
Formulation B,198,175.7359
Formulation B,199,174.964
Formulation B,200,175.3174
Formulation B,201,175.7292
Formulation B,202,174.3932
Formulation B,203,175.2275
Formulation B,204,174.4628
Formulation B,205,175.9413
Formulation B,206,174.1684
Formulation B,207,173.859
Formulation B,208,174.3168
Formulation B,209,173.7815
Formulation B,210,173.8746
Formulation B,211,172.5294
Formulation B,212,174.0428
Formulation B,213,175.3097
Formulation B,214,174.4485
Formulation B,215,174.1473
Formulation B,216,175.0294
Formulation B,217,173.4442
Formulation B,218,173.5761
Formulation B,219,174.5893
Formulation B,220,172.6994
Formulation B,221,172.5952
Formulation B,222,172.6381
Formulation B,223,173.6809
Formulation B,224,171.392
Formulation B,225,173.1091
Formulation B,226,174.0588
Formulation B,227,172.1712
Formulation B,228,173.1914
Formulation B,229,172.118
Formulation B,230,172.6105
Formulation B,231,173.2255
Formulation B,232,172.4058
Formulation B,233,172.1898
Formulation B,234,170.6394
Formulation B,235,172.2267
Formulation B,236,171.1277
Formulation B,237,172.3401
Formulation B,238,171.7051
Formulation B,239,172.3183
Formulation B,240,172.8841
Formulation B,241,171.9621
Formulation B,242,171.3627
Formulation B,243,170.301
Formulation B,244,170.7443
Formulation B,245,170.6782
Formulation B,246,171.0555
Formulation B,247,170.6834
Formulation B,248,171.0368
Formulation B,249,170.4181
Formulation B,250,170.9438
Formulation B,251,170.799
Formulation B,252,170.5107
Formulation B,253,171.0322
Formulation B,254,170.3788
Formulation B,255,172.2796
Formulation B,256,169.831
Formulation B,257,168.6986
Formulation B,258,170.8011
Formulation B,259,170.1691
Formulation B,260,170.4207
Formulation B,261,170.208
Formulation B,262,168.6039
Formulation B,263,169.5394
Formulation B,264,170.3479
Formulation B,265,170.4777
Formulation B,266,168.3987
Formulation B,267,168.9479
Formulation B,268,168.7654
Formulation B,269,168.7276
Formulation B,270,169.9871
Formulation B,271,168.8501
Formulation B,272,169.4497
Formulation B,273,167.24
Formulation B,274,168.6704
Formulation B,275,169.2191
Formulation B,276,169.0313
Formulation B,277,167.9252
Formulation B,278,167.9913
Formulation B,279,167.3691
Formulation B,280,168.2353
Formulation B,281,168.2853
Formulation B,282,169.2535
Formulation B,283,168.2112
Formulation B,284,168.7757
Formulation B,285,168.384
Formulation B,286,166.6479
Formulation B,287,168.1633
Formulation B,288,167.5827
Formulation B,289,167.4006
Formulation B,290,167.4406
Formulation B,291,168.0308
Formulation B,292,168.3201
Formulation B,293,166.5071
Formulation B,294,167.5756
Formulation B,295,167.2936
Formulation B,296,166.5526
Formulation B,297,166.91
Formulation B,298,166.4693
Formulation B,299,167.7487
Formulation B,300,166.3012
Formulation B,301,167.7802
Formulation B,302,165.815
Formulation B,303,166.468
Formulation B,304,166.7736
Formulation B,305,165.3765
Formulation B,306,166.2454
Formulation B,307,166.1621
Formulation B,308,165.2745
Formulation B,309,166.3963
Formulation B,310,165.7122
Formulation B,311,164.5589
Formulation B,312,166.4065
Formulation B,313,165.9366
Formulation B,314,165.7654
Formulation B,315,165.0247
Formulation B,316,164.442
Formulation B,317,165.5687
Formulation B,318,165.3041
Formulation B,319,164.8614
Formulation B,320,163.9909
Formulation B,321,163.4577
Formulation B,322,164.2706
Formulation B,323,164.1966
Formulation B,324,164.0274
Formulation B,325,163.405
Formulation B,326,163.8042
Formulation B,327,164.5106
Formulation B,328,163.6934
Formulation B,329,163.2734
Formulation B,330,164.5713
Formulation B,331,163.9314
Formulation B,332,163.8303
Formulation B,333,162.6277
Formulation B,334,162.9358
Formulation B,335,163.0179
Formulation B,336,164.0996
Formulation B,337,162.0979
Formulation B,338,163.2576
Formulation B,339,163.7048
Formulation B,340,163.6428
Formulation B,341,163.6693
Formulation B,342,161.6139
Formulation B,343,163.2613
Formulation B,344,163.1555
Formulation B,345,161.8287
Formulation B,346,163.0903
Formulation B,347,162.1637
Formulation B,348,162.6962
Formulation B,349,162.8943
Formulation B,350,162.6621
Formulation B,351,161.8747
Formulation B,352,161.3122
Formulation B,353,162.0219
Formulation B,354,161.404
Formulation B,355,161.0663
Formulation B,356,161.7488
Formulation B,357,160.7404
Formulation B,358,160.0357
Formulation B,359,161.1631
Formulation B,360,160.0262
Formulation B,361,159.6741
Formulation B,362,160.2495
Formulation B,363,159.5127
Formulation B,364,160.0985
Formulation B,365,158.8192
Formulation B,366,160.9124
Formulation B,367,160.5521
Formulation B,368,160.6287
Formulation B,369,159.1835
Formulation B,370,158.6676
Formulation B,371,159.6906
Formulation B,372,159.833
Formulation B,373,159.252
Formulation B,374,159.2307
Formulation B,375,159.8103
Formulation B,376,159.2563
Formulation B,377,159.1342
Formulation B,378,159.4434
Formulation B,379,158.3763
Formulation B,380,159.2181
Formulation B,381,159.6277
Formulation B,382,157.6381
Formulation B,383,157.9955
Formulation B,384,159.2443
Formulation B,385,159.0938
Formulation B,386,156.4973
Formulation B,387,157.9939
Formulation B,388,158.8618
Formulation B,389,158.7983
Formulation B,390,157.2603
Formulation B,391,158.3845
Formulation B,392,157.1539
Formulation B,393,156.8229
Formulation B,394,157.8343
Formulation B,395,157.5849
Formulation B,396,156.9547
Formulation B,397,158.8191
Formulation B,398,156.7481
Formulation B,399,156.0498
Formulation B,400,157.2907
Formulation B,401,156.4166
Formulation B,402,157.2852
Formulation B,403,155.5449
Formulation B,404,157.1625
Formulation B,405,155.9804
Formulation B,406,155.9393
Formulation B,407,154.9187
Formulation B,408,156.1662
Formulation B,409,155.5397
Formulation B,410,155.5455
Formulation B,411,155.4332
Formulation B,412,155.6389
Formulation B,413,156.0846
Formulation B,414,155.1501
Formulation B,415,154.5357
Formulation B,416,154.0816
Formulation B,417,155.9928
Formulation B,418,154.0072
Formulation B,419,154.8846
Formulation B,420,154.5023
Formulation B,421,154.0281
Formulation B,422,154.5387
Formulation B,423,154.4085
Formulation B,424,154.9933
Formulation B,425,154.5157
Formulation B,426,153.3957
Formulation B,427,153.7816
Formulation B,428,153.6235
Formulation B,429,154.32
Formulation B,430,152.7683
Formulation B,431,154.5975
Formulation B,432,153.8855
Formulation B,433,154.0958
Formulation B,434,153.3491
Formulation B,435,153.33
Formulation B,436,151.9071
Formulation B,437,152.5156
Formulation B,438,152.1971
Formulation B,439,152.644
Formulation B,440,151.3851
Formulation B,441,153.3177
Formulation B,442,153.1829
Formulation B,443,152.3047
Formulation B,444,152.4061
Formulation B,445,152.6559
Formulation B,446,150.5585
Formulation B,447,150.6602
Formulation B,448,151.6555
Formulation B,449,151.6859
Formulation B,450,151.7319
Formulation B,451,152.326
Formulation B,452,150.9694
Formulation B,453,150.9008
Formulation B,454,151.3487
Formulation B,455,151.3696
Formulation B,456,150.5681
Formulation B,457,150.7851
Formulation B,458,148.6052
Formulation B,459,151.5555
Formulation B,460,150.7623
Formulation B,461,150.05
Formulation B,462,149.5415
Formulation B,463,149.8407
Formulation B,464,149.9059
Formulation B,465,149.1332
Formulation B,466,149.5949
Formulation B,467,147.5301
Formulation B,468,150.1529
Formulation B,469,148.9019
Formulation B,470,148.2338
Formulation B,471,148.7162
Formulation B,472,150.0217
Formulation B,473,148.4918
Formulation B,474,147.4223
Formulation B,475,148.3699
Formulation B,476,148.0694
Formulation B,477,147.8349
Formulation B,478,148.1909
Formulation B,479,146.6629
Formulation B,480,147.145
Formulation B,481,147.4181
Formulation B,482,147.4118
Formulation B,483,147.4701
Formulation B,484,147.4339
Formulation B,485,147.4342
Formulation B,486,147.9807
Formulation B,487,147.3673
Formulation B,488,146.544
Formulation B,489,145.3766
Formulation B,490,147.7136
Formulation B,491,146.4408
Formulation B,492,146.8439
Formulation B,493,147.5586
Formulation B,494,145.8872
Formulation B,495,146.1994
Formulation B,496,144.8976
Formulation B,497,145.8362
Formulation B,498,146.3498
Formulation B,499,144.7634
Formulation B,500,145.0
Formulation C,1,188.0
Formulation C,2,188.7668
Formulation C,3,188.0207
Formulation C,4,190.0395
Formulation C,5,188.742
Formulation C,6,189.0965
Formulation C,7,189.529
Formulation C,8,190.1457
Formulation C,9,188.8936
Formulation C,10,190.4076
Formulation C,11,189.2868
Formulation C,12,189.6356
Formulation C,13,190.4597
Formulation C,14,189.2155
Formulation C,15,189.7697
Formulation C,16,190.0254
Formulation C,17,189.7814
Formulation C,18,189.3521
Formulation C,19,191.0722
Formulation C,20,191.403
Formulation C,21,189.4954
Formulation C,22,189.6333
Formulation C,23,190.0445
Formulation C,24,190.32
Formulation C,25,189.3297
Formulation C,26,190.7623
Formulation C,27,190.2321
Formulation C,28,189.6455
Formulation C,29,190.2802
Formulation C,30,188.536
Formulation C,31,188.746
Formulation C,32,188.3565
Formulation C,33,190.6328
Formulation C,34,189.9945
Formulation C,35,190.2506
Formulation C,36,189.0821
Formulation C,37,188.8956
Formulation C,38,190.1999
Formulation C,39,190.2103
Formulation C,40,190.8912
Formulation C,41,190.3598
Formulation C,42,189.1976
Formulation C,43,189.5804
Formulation C,44,189.5066
Formulation C,45,190.3541
Formulation C,46,188.3132
Formulation C,47,189.6605
Formulation C,48,189.0882
Formulation C,49,189.2399
Formulation C,50,188.8623
Formulation C,51,188.3469
Formulation C,52,188.8287
Formulation C,53,187.9051
Formulation C,54,187.7093
Formulation C,55,189.1501
Formulation C,56,189.5352
Formulation C,57,189.7467
Formulation C,58,189.5151
Formulation C,59,189.2007
Formulation C,60,188.733
Formulation C,61,188.8408
Formulation C,62,188.7117
Formulation C,63,188.4093
Formulation C,64,188.427
Formulation C,65,187.6893
Formulation C,66,188.194
Formulation C,67,188.3202
Formulation C,68,188.0736
Formulation C,69,187.66
Formulation C,70,188.5586
Formulation C,71,188.1616
Formulation C,72,186.9679
Formulation C,73,188.3144
Formulation C,74,188.9434
Formulation C,75,188.6
Formulation C,76,187.9228
Formulation C,77,187.4115
Formulation C,78,187.0948
Formulation C,79,187.4203
Formulation C,80,188.7949
Formulation C,81,186.8392
Formulation C,82,187.3277
Formulation C,83,188.8971
Formulation C,84,187.0822
Formulation C,85,186.399
Formulation C,86,186.6045
Formulation C,87,186.8903
Formulation C,88,188.1201
Formulation C,89,189.731
Formulation C,90,188.5011
Formulation C,91,186.8963
Formulation C,92,188.151
Formulation C,93,187.6675
Formulation C,94,188.2999
Formulation C,95,186.6591
Formulation C,96,186.7502
Formulation C,97,186.546
Formulation C,98,187.9112
Formulation C,99,187.6906
Formulation C,100,187.3564
Formulation C,101,187.2147
Formulation C,102,187.1571
Formulation C,103,187.6955
Formulation C,104,187.5847
Formulation C,105,186.5554
Formulation C,106,186.2493
Formulation C,107,187.0349
Formulation C,108,186.9455
Formulation C,109,187.4176
Formulation C,110,186.7499
Formulation C,111,187.1706
Formulation C,112,186.3364
Formulation C,113,186.0406
Formulation C,114,186.9597
Formulation C,115,185.7478
Formulation C,116,186.2556
Formulation C,117,187.855
Formulation C,118,185.5706
Formulation C,119,186.8224
Formulation C,120,186.4489
Formulation C,121,185.4716
Formulation C,122,184.5225
Formulation C,123,186.2944
Formulation C,124,184.2679
Formulation C,125,186.4849
Formulation C,126,185.8348
Formulation C,127,185.5489
Formulation C,128,185.5926
Formulation C,129,186.2119
Formulation C,130,186.2882
Formulation C,131,185.1714
Formulation C,132,184.7913
Formulation C,133,185.903
Formulation C,134,184.4465
Formulation C,135,185.6708
Formulation C,136,184.9313
Formulation C,137,185.6029
Formulation C,138,184.6995
Formulation C,139,185.7203
Formulation C,140,185.2485
Formulation C,141,185.2375
Formulation C,142,186.5847
Formulation C,143,184.7682
Formulation C,144,184.8031
Formulation C,145,184.4415
Formulation C,146,184.983
Formulation C,147,185.716
Formulation C,148,185.866
Formulation C,149,184.5975
Formulation C,150,185.7432
Formulation C,151,184.2914
Formulation C,152,183.7745
Formulation C,153,184.0941
Formulation C,154,184.0078
Formulation C,155,184.9718
Formulation C,156,184.7762
Formulation C,157,185.6595
Formulation C,158,184.1362
Formulation C,159,183.8784
Formulation C,160,185.1226
Formulation C,161,183.1545
Formulation C,162,183.878
Formulation C,163,185.2935
Formulation C,164,184.4888
Formulation C,165,183.278
Formulation C,166,183.9632
Formulation C,167,185.232
Formulation C,168,183.9657
Formulation C,169,183.327
Formulation C,170,183.7536
Formulation C,171,184.7213
Formulation C,172,184.6131
Formulation C,173,184.1619
Formulation C,174,184.2929
Formulation C,175,184.5852
Formulation C,176,184.2757
Formulation C,177,183.9579
Formulation C,178,183.0048
Formulation C,179,183.3073
Formulation C,180,183.0516
Formulation C,181,183.1427
Formulation C,182,183.861
Formulation C,183,181.663
Formulation C,184,182.9252
Formulation C,185,184.3851
Formulation C,186,183.9937
Formulation C,187,183.0626
Formulation C,188,183.8456
Formulation C,189,182.3561
Formulation C,190,183.4139
Formulation C,191,182.918
Formulation C,192,183.221
Formulation C,193,182.9739
Formulation C,194,184.0604
Formulation C,195,182.6477
Formulation C,196,181.6246
Formulation C,197,183.1547
Formulation C,198,182.9976
Formulation C,199,182.9412
Formulation C,200,182.8417
Formulation C,201,182.3548
Formulation C,202,181.5344
Formulation C,203,182.4788
Formulation C,204,183.6373
Formulation C,205,182.4003
Formulation C,206,181.0326
Formulation C,207,181.9764
Formulation C,208,182.5308
Formulation C,209,181.681
Formulation C,210,182.853
Formulation C,211,182.7315
Formulation C,212,182.4118
Formulation C,213,182.1608
Formulation C,214,183.4224
Formulation C,215,182.5914
Formulation C,216,182.7761
Formulation C,217,181.747
Formulation C,218,182.7151
Formulation C,219,182.7068
Formulation C,220,182.3304
Formulation C,221,182.3435
Formulation C,222,181.8591
Formulation C,223,182.6017
Formulation C,224,181.1007
Formulation C,225,182.0559
Formulation C,226,180.6996
Formulation C,227,181.5052
Formulation C,228,180.6328
Formulation C,229,181.8233
Formulation C,230,180.39
Formulation C,231,180.612
Formulation C,232,181.1426
Formulation C,233,180.5619
Formulation C,234,181.5512
Formulation C,235,180.845
Formulation C,236,181.151
Formulation C,237,180.8876
Formulation C,238,181.9482
Formulation C,239,181.3323
Formulation C,240,182.0574
Formulation C,241,180.9744
Formulation C,242,180.0583
Formulation C,243,180.6218
Formulation C,244,181.8315
Formulation C,245,181.3084
Formulation C,246,181.0967
Formulation C,247,180.2254
Formulation C,248,179.603
Formulation C,249,180.0586
Formulation C,250,181.553
Formulation C,251,181.3384
Formulation C,252,180.6316
Formulation C,253,180.396
Formulation C,254,179.5147
Formulation C,255,179.7992
Formulation C,256,180.0002
Formulation C,257,178.8722
Formulation C,258,180.8857
Formulation C,259,179.8762
Formulation C,260,181.0123
Formulation C,261,179.1516
Formulation C,262,179.3298
Formulation C,263,178.7545
Formulation C,264,179.4187
Formulation C,265,178.7441
Formulation C,266,178.7506
Formulation C,267,178.6684
Formulation C,268,179.3333
Formulation C,269,178.9864
Formulation C,270,177.3619
Formulation C,271,179.302
Formulation C,272,178.5297
Formulation C,273,179.3814
Formulation C,274,178.7233
Formulation C,275,178.7927
Formulation C,276,178.4409
Formulation C,277,179.8788
Formulation C,278,177.8929
Formulation C,279,179.6591
Formulation C,280,177.6361
Formulation C,281,178.3765
Formulation C,282,179.2251
Formulation C,283,178.3879
Formulation C,284,178.6246
Formulation C,285,178.9055
Formulation C,286,178.9576
Formulation C,287,178.2356
Formulation C,288,176.9389
Formulation C,289,179.1426
Formulation C,290,177.4496
Formulation C,291,176.6413
Formulation C,292,179.0362
Formulation C,293,177.575
Formulation C,294,177.4699
Formulation C,295,177.868
Formulation C,296,178.2049
Formulation C,297,178.1342
Formulation C,298,177.4026
Formulation C,299,177.3446
Formulation C,300,177.7724
Formulation C,301,176.9713
Formulation C,302,177.0093
Formulation C,303,176.7605
Formulation C,304,177.3236
Formulation C,305,176.4636
Formulation C,306,176.7575
Formulation C,307,176.9039
Formulation C,308,177.255
Formulation C,309,176.7613
Formulation C,310,176.0589
Formulation C,311,177.4114
Formulation C,312,177.1741
Formulation C,313,177.0518
Formulation C,314,176.3935
Formulation C,315,175.6155
Formulation C,316,176.4631
Formulation C,317,177.0699
Formulation C,318,176.9465
Formulation C,319,176.0911
Formulation C,320,176.5206
Formulation C,321,176.2336
Formulation C,322,175.5857
Formulation C,323,176.5433
Formulation C,324,176.0148
Formulation C,325,174.3856
Formulation C,326,175.9056
Formulation C,327,175.6368
Formulation C,328,175.6293
Formulation C,329,175.3504
Formulation C,330,174.9187
Formulation C,331,175.1921
Formulation C,332,176.7306
Formulation C,333,175.4007
Formulation C,334,175.7045
Formulation C,335,176.7688
Formulation C,336,174.8692
Formulation C,337,174.8621
Formulation C,338,174.9226
Formulation C,339,174.4676
Formulation C,340,176.3055
Formulation C,341,176.5836
Formulation C,342,174.3329
Formulation C,343,174.9425
Formulation C,344,175.7162
Formulation C,345,175.5234
Formulation C,346,176.1916
Formulation C,347,174.4686
Formulation C,348,173.0607
Formulation C,349,173.8178
Formulation C,350,174.7829
Formulation C,351,174.2927
Formulation C,352,174.8579
Formulation C,353,174.9388
Formulation C,354,174.8224
Formulation C,355,173.3529
Formulation C,356,174.7165
Formulation C,357,173.9631
Formulation C,358,175.0634
Formulation C,359,173.7368
Formulation C,360,174.4354
Formulation C,361,173.451
Formulation C,362,173.5187
Formulation C,363,174.3314
Formulation C,364,174.8533
Formulation C,365,173.758
Formulation C,366,172.8786
Formulation C,367,174.0279
Formulation C,368,173.9254
Formulation C,369,172.6652
Formulation C,370,173.5319
Formulation C,371,172.8917
Formulation C,372,173.3323
Formulation C,373,173.571
Formulation C,374,172.6419
Formulation C,375,172.3131
Formulation C,376,172.7321
Formulation C,377,172.978
Formulation C,378,172.9939
Formulation C,379,172.2214
Formulation C,380,172.4459
Formulation C,381,172.6251
Formulation C,382,172.9735
Formulation C,383,171.4449
Formulation C,384,172.3856
Formulation C,385,172.9931
Formulation C,386,171.4264
Formulation C,387,171.9573
Formulation C,388,173.0009
Formulation C,389,171.9549
Formulation C,390,171.6865
Formulation C,391,171.7119
Formulation C,392,172.3209
Formulation C,393,171.1354
Formulation C,394,171.3688
Formulation C,395,171.7289
Formulation C,396,171.8609
Formulation C,397,172.322
Formulation C,398,171.7
Formulation C,399,171.5594
Formulation C,400,172.7824
Formulation C,401,172.3358
Formulation C,402,172.1508
Formulation C,403,172.4696
Formulation C,404,171.0616
Formulation C,405,169.7487
Formulation C,406,171.9669
Formulation C,407,170.9569
Formulation C,408,170.6616
Formulation C,409,170.4725
Formulation C,410,171.5431
Formulation C,411,170.7801
Formulation C,412,169.4553
Formulation C,413,171.0224
Formulation C,414,171.7134
Formulation C,415,171.0609
Formulation C,416,170.447
Formulation C,417,170.1933
Formulation C,418,171.1623
Formulation C,419,170.0615
Formulation C,420,169.9103
Formulation C,421,168.7919
Formulation C,422,171.1651
Formulation C,423,169.9667
Formulation C,424,170.914
Formulation C,425,171.1164
Formulation C,426,169.7028
Formulation C,427,170.8733
Formulation C,428,169.2651
Formulation C,429,170.6741
Formulation C,430,169.7234
Formulation C,431,170.2314
Formulation C,432,167.9801
Formulation C,433,169.325
Formulation C,434,169.0259
Formulation C,435,168.6258
Formulation C,436,168.6245
Formulation C,437,168.8256
Formulation C,438,168.7047
Formulation C,439,169.5329
Formulation C,440,169.3214
Formulation C,441,168.8459
Formulation C,442,168.8071
Formulation C,443,169.621
Formulation C,444,167.6684
Formulation C,445,168.6832
Formulation C,446,169.45
Formulation C,447,168.8765
Formulation C,448,168.4038
Formulation C,449,168.4096
Formulation C,450,168.3356
Formulation C,451,168.1894
Formulation C,452,167.8837
Formulation C,453,168.4701
Formulation C,454,167.669
Formulation C,455,168.648
Formulation C,456,167.6886
Formulation C,457,166.6395
Formulation C,458,168.1705
Formulation C,459,166.6329
Formulation C,460,167.5655
Formulation C,461,166.8556
Formulation C,462,167.3001
Formulation C,463,166.9483
Formulation C,464,167.5655
Formulation C,465,166.5239
Formulation C,466,168.0973
Formulation C,467,167.5873
Formulation C,468,166.5184
Formulation C,469,167.3015
Formulation C,470,165.9136
Formulation C,471,167.3269
Formulation C,472,167.2589
Formulation C,473,165.8731
Formulation C,474,167.4427
Formulation C,475,167.5921
Formulation C,476,165.8445
Formulation C,477,166.5089
Formulation C,478,165.9697
Formulation C,479,166.1299
Formulation C,480,166.1515
Formulation C,481,164.6764
Formulation C,482,166.0515
Formulation C,483,165.8149
Formulation C,484,165.6429
Formulation C,485,165.0115
Formulation C,486,164.8017
Formulation C,487,166.1177
Formulation C,488,165.4456
Formulation C,489,166.0844
Formulation C,490,165.268
Formulation C,491,165.4589
Formulation C,492,164.9502
Formulation C,493,164.4338
Formulation C,494,164.9223
Formulation C,495,164.681
Formulation C,496,164.4899
Formulation C,497,163.9516
Formulation C,498,165.4387
Formulation C,499,166.0509
Formulation C,500,165.0
