cycle,electrolyte_A_mAh_g,electrolyte_B_mAh_g
1.0,156.3535098419262,155.5572741420464
2.0,156.39064062749645,155.38017180454128
3.0,156.39700027075554,155.18183721658707
4.0,156.36239636523612,154.96722323514123
5.0,156.28221518262686,154.74267701834344
6.0,156.15804563055423,154.51540927152465
7.0,155.99746371962044,154.29289139008233
8.0,155.81300671097307,154.08223084490564
9.0,155.6204757886249,153.8895769730545
10.0,155.43679698176638,153.7196067971894
11.0,155.2777298511068,153.57513381387378
12.0,155.15573405770687,153.45687242146818
13.0,155.07828256410983,153.3633776605286
14.0,155.04684976799578,153.29116529888424
15.0,155.0567115196331,153.23500223258497
16.0,155.09758408973826,153.18834295045255
17.0,155.15501560635653,153.14387561187334
18.0,155.21234163622276,153.0941321334274
19.0,155.25294023175618,153.03211133443045
20.0,155.26248123357382,152.95186310089102
21.0,155.23086539589806,152.8489847828284
22.0,155.15359088325033,152.72098836949147
23.0,155.03236218943542,152.56750777864934
24.0,154.87485906440904,152.39032894856402
25.0,154.69369672361702,152.1932402194034
26.0,154.504718070518,151.98171549889182
27.0,154.3248490718837,151.76245667156243
28.0,154.1698075506968,151.54283346586234
29.0,154.0519755007044,151.33026755689184
30.0,153.97872289480102,151.13161233956825
31.0,153.9514098518405,150.95258016858284
32.0,153.96520221384912,150.79726489746227
33.0,154.00972549433,150.66779959040815
34.0,154.07046868875543,150.56417799200796
35.0,154.130747948016,150.48425466412638
36.0,154.17396434077116,150.42392377838993
37.0,154.18585012709403,150.37746163275233
38.0,154.15639952074557,150.33800428766264
39.0,154.08122262039987,150.29812043322147
40.0,153.9621392615177,150.25043164575703
41.0,153.80693241374183,150.18822823466127
42.0,153.62829450025984,150.10602924859396
43.0,153.44210924980555,150.0000398735436
44.0,153.2653016245117,149.86846802427294
45.0,153.1135468257346,149.7116736897565
46.0,152.99914845310826,149.53213856031087
47.0,152.92937299798882,149.3342584728001
48.0,152.9054660897333,149.1239760071632
49.0,152.92248364120934,148.90828391683468
50.0,152.96996074714437,148.6946408625841
51.0,153.03332780300838,148.49034824304113
52.0,153.09588217932915,148.30194016407938
53.0,153.14104859452056,148.13463749197663
54.0,153.1546222553135,147.9919115834935
55.0,153.12669116620546,147.8751941266465
56.0,153.05297743231318,147.78375732392243
57.0,152.9354160165303,147.71477442400118
58.0,152.7818926188765,147.6635555467482
59.0,152.60517615479017,147.62393910710338
60.0,152.42119031637375,147.58880614908122
61.0,152.24685815262208,147.55067463660095
62.0,152.09781139454304,147.5023240704892
63.0,151.9862745572247,147.43739826839715
64.0,151.91941019566337,147.35093596803512
65.0,151.8983492761708,147.23978494177055
66.0,151.9180378979979,147.10286503886266
67.0,151.9679211106424,146.94125818800225
68.0,152.0333712753344,146.7581178437608
69.0,152.09766764863102,146.55840543920002
70.0,152.14425926072866,146.34847585399893
71.0,152.15900481848695,146.13554651651097
72.0,152.13208647276034,145.92709447615684
73.0,152.0593384305665,145.73023179792057
74.0,151.94281059063027,145.55111144108662
75.0,151.790490916838,145.39441323855021
76.0,151.6152241250156,145.26295290365567
77.0,151.43297303366603,145.15744671721257
78.0,151.26065789665057,145.07645154614053
79.0,151.11386615396472,145.01648520285397
80.0,151.00474257506073,144.97231709384127
81.0,150.9403453538869,144.93740488465835
82.0,150.92169065043302,144.90444071439975
83.0,150.9436148955684,144.86596134398792
84.0,150.99547349553333,144.81497128336636
85.0,151.06258136967602,144.74552685878461
86.0,151.12820035137818,144.6532324433466
87.0,151.17580446674495,144.53560740943715
88.0,151.19131649618484,144.39229315794995
89.0,151.16501311073046,144.22508293478717
90.0,151.09284073180595,144.0377719445353
91.0,150.9769640189653,143.83584027860977
92.0,150.82547275032843,143.625995137202
93.0,150.6512867680448,143.4156105750545
94.0,150.47040719924956,143.2121115591053
95.0,150.2997506415238,143.0223537766863
96.0,150.15485944566828,142.85205098784104
97.0,150.04779799824865,142.7052977448122
98.0,149.98551973217292,142.58422733742302
99.0,149.96892588273215,142.4888335300596
100.0,149.99274338203296,142.4169709773567
101.0,150.04623841821007,142.36453428383004
102.0,150.1146690825032,142.32580075374136
103.0,150.1812804952037,142.29390820734372
104.0,150.22957237951053,142.2614279599584
105.0,150.24553217778626,142.22098511307325
106.0,150.21953146837953,142.1658743555195
107.0,150.14762901187027,142.090619847749
108.0,150.032104065517,141.99143243197994
109.0,149.88114778427533,141.86652598552774
110.0,149.70775447578788,141.71626649790798
111.0,149.5279627727604,141.54314142191257
112.0,149.358684771768,141.3515518581865
113.0,149.2154169543499,141.1474449284048
114.0,149.11014270646083,140.93781703836055
115.0,149.04971032041112,140.73012951454888
116.0,149.03490600910268,140.53168541571844
117.0,149.06034739571422,140.34901956322932
118.0,149.11521189448723,140.18735273012362
119.0,149.1847013996698,140.0501555707779
120.0,149.25204504382117,139.93885870832383
121.0,149.30076896151655,139.85273319106105
122.0,149.31692585656288,139.7889513011875
123.0,149.2909826112436,139.74282263754736
124.0,149.2191104585177,139.70818575656787
125.0,149.10370309839948,139.67792266454433
126.0,148.95305263387962,139.64455319483955
127.0,148.78022718692256,139.60085963219646
128.0,148.60130210393183,139.54048942035774
129.0,148.4331841487078,139.45848561950055
130.0,148.2913231681578,139.35170081376825
131.0,148.18762094605142,139.21905990252844
132.0,148.1288202716396,139.06164982904488
133.0,148.11559225512534,138.88262875309854
134.0,148.14244541753962,138.68696225273402
135.0,148.1984688592657,138.4810085854963
136.0,148.26880892282136,138.27198764490325
137.0,148.33667949050528,138.06737796077277
138.0,148.38563383253393,137.8742921012439
139.0,148.401790521669,137.698882638053
140.0,148.37571214721527,137.5458282842228
141.0,148.3036825532503,137.417943117942
142.0,148.18820973286716,137.31594152720933
143.0,148.03768631404014,137.23837850522582
144.0,147.8652535887449,137.1817702825837
145.0,147.6870228336477,137.14088522196832
146.0,147.51989465825187,137.1091806820861
147.0,147.37927152148524,137.07934936731206
148.0,147.27697301686524,137.04392953615297
149.0,147.21963608260032,136.99592810862882
150.0,147.20781666067387,136.92940463545838
151.0,147.23591439112576,136.83996736045256
152.0,147.29293053379456,136.72513994881564
153.0,147.36395653635682,136.58456825503274
154.0,147.43219177794867,136.42004986267904
155.0,147.48121739622593,136.2353839291996
156.0,147.4972184460239,136.0360538754468
157.0,147.47085363085571,135.82876941927105
158.0,147.398519547851,135.62090619895707
159.0,147.28283833650116,135.4198897847988
160.0,147.13230273023063,135.23257552137974
161.0,146.96012655138765,135.06467599131088
162.0,146.78245622975385,134.92028391420553
163.0,146.61618540714167,134.8015303246581
164.0,146.4766684110846,134.70840657554047
165.0,146.37564206821943,134.63876503150996
166.0,146.31963713015898,134.5884983948001
167.0,146.3090943179023,134.55188268738394
168.0,146.33830462401286,134.52205524628604
169.0,146.3961819523769,134.49158781356957
170.0,146.4677635223638,134.4531068609542
171.0,146.53623496471565,134.39990934434994
172.0,146.5852060219276,134.3265224652514
173.0,146.60092884773923,134.2291606920496
174.0,146.5741586692979,134.10604187437323
175.0,146.50140498008986,133.95753605103158
176.0,146.38540392053724,133.78613452426214
177.0,146.23474791175346,133.59624178295422
178.0,146.0627226697829,133.3938076517985
179.0,145.88550900498274,133.18583038640523
180.0,145.71999278455644,132.9797722120273
181.0,145.58147946952806,132.78293611555503
182.0,145.4816225528476,132.60185593627605
183.0,145.42684627480435,132.44175069028537
184.0,145.4174760938089,132.3060886991325
185.0,145.44769459923708,132.19629792329496
186.0,145.50632883331795,132.11164669117437
187.0,145.57836246173306,132.04930478419556
188.0,145.6469681277245,132.00457977664956
189.0,145.69578492010837,131.97130889299967
190.0,145.71113271057612,131.94237365775936
191.0,145.68386366010964,131.9102943583664
192.0,145.61060030179644,131.86785467611458
193.0,145.49419263133677,131.80870432080235
194.0,145.34333234017905,131.72788934171763
195.0,145.17137640301408,131.62226582748852
196.0,144.994539241533,131.49076244578956
197.0,144.82969814659882,131.3344698976154
198.0,144.69210898463706,131.15654981558862
199.0,144.59334135666475,130.96197071440258
200.0,144.53971267648873,130.75709304476675
201.0,144.53143310823756,130.54913800392592
202.0,144.56257709191516,130.34558446357653
203.0,144.62188531085133,130.15354437908084
204.0,144.6942885585126,129.97916884095415
205.0,144.76294725644246,129.8271343705964
206.0,144.81153058414003,129.70025236086184
207.0,144.8264267513342,129.5992342779573
208.0,144.79858526266423,129.522632233183
209.0,144.72474183287932,129.4669598874974
210.0,144.60786016602498,129.4269835918896
211.0,144.45673080587179,129.39615944976785
212.0,144.28478135129222,129.3671798012958
213.0,144.10825906834867,129.33258349153687
214.0,143.9440318740151,129.2853789575363
215.0,143.80730531806452,129.21962809893384
216.0,143.70956455890868,129.1309421717545
217.0,143.65701987730034,129.0168482921672
218.0,143.64976612032183,128.87699594265501
219.0,143.6817698409667,128.71318623479743
220.0,143.74168587390866,128.5292214848605
221.0,143.81439282775187,128.33058766447158
222.0,143.88303967208665,128.1239962456335
223.0,143.93132642338796,127.9168237016275
224.0,143.94571024961542,127.7164954723415
225.0,143.91723840760247,127.52986584046134
226.0,143.84275993375252,127.362645506455
227.0,143.72535209138715,127.21892466684744
228.0,143.5739038570938,127.10083142458785
229.0,143.40191281923745,127.00835405842535
230.0,143.2256583227752,126.9393419939734
231.0,143.06199811664783,126.88968539536438
232.0,142.92608671718492,126.85365837938853
233.0,142.82932429632754,126.82439718952871
234.0,142.77781370302282,126.79447339650035
235.0,142.77153445270105,126.75651425602625
236.0,142.80434548148244,126.70381841637129
237.0,142.8648162923389,126.63091555651292
238.0,142.93777400147496,126.53402321830261
239.0,143.00635689945324,126.41136268153457
240.0,143.05429658719592,126.26330750248135
241.0,143.0681198104582,126.09235231110692
242.0,143.03897198480163,125.90290447276973
243.0,142.96381560551538,125.7009160132124
244.0,142.84584134331945,125.49338654560854
245.0,142.69403618597266,125.28777871134344
246.0,142.52196707578935,125.09139495238225
247.0,142.34594467201694,124.91076766236424
248.0,142.18281576422018,124.75111364627442
249.0,142.04768312315986,124.61589844799019
250.0,141.95186139665114,124.50654692968753
251.0,141.90134571030347,124.42232427326879
252.0,141.8960002408456,124.36039734164889
253.0,141.92957658482658,124.31607127547878
254.0,141.99055943657154,124.28318156657966
255.0,142.06372511684646,124.25460886515151
256.0,142.1322020126847,124.22287352804712
257.0,142.17975405750855,124.18076025604506
258.0,142.19297819322048,124.12192065525743
259.0,142.16311839807636,124.0414034014116
260.0,142.08725076017524,123.93606773179287
261.0,141.96867920242534,123.80484573320464
262.0,141.81648829946656,123.64883152168618
263.0,141.64431371067775,123.47118986638843
264.0,141.4684966453917,123.27689188863133
265.0,141.30587214478913,123.07229990850736
266.0,141.17149052614104,122.8646361094235
267.0,141.07658038122793,122.66137939359929
268.0,141.0270288275426,122.46964079847311
269.0,141.02258470314388,122.29556963439606
270.0,141.05689254899764,122.14383993838854
271.0,141.1183527794522,122.01726013135992
272.0,141.19169162080772,121.91653847719353
273.0,141.26002833415643,121.84022393073471
274.0,141.3071599335778,121.78482731459833
275.0,141.31975417379735,121.74511270504654
276.0,141.2891539967149,121.7145346926458
277.0,141.21254921342725,121.68578500108086
278.0,141.09335684007837,121.65140281475803
279.0,140.94075861086225,121.6043978453659
280.0,140.76845826362103,121.53883410370237
281.0,140.59282679360186,121.450325624669
282.0,140.4306867065725,121.33640274632208
283.0,140.29703516224103,121.19671835419219
284.0,140.20301416983366,121.0330768669441
285.0,140.15440256033617,120.84928354271854
286.0,140.1508338398784,120.65082669092067
287.0,140.1858457841368,120.44441932866296
288.0,140.24775506138192,120.23743855916247
289.0,140.32123850804373,120.03730949086231
290.0,140.38940703856295,119.85088514757642
291.0,140.43609149555726,119.68387415475463
292.0,140.44803106120455,119.54036399707473
293.0,140.41666803862668,119.42247966119075
294.0,140.33930608803183,119.33020617114882
295.0,140.21947515578523,119.26138983693615
296.0,140.06645370496898,119.21191811189283
297.0,139.89401291128198,119.17606303868921
298.0,139.71855279147178,119.1469596019216
299.0,139.55688253057002,119.1171790390248
300.0,139.42394543022536,119.07934923101658
