formulation,raman_shift_cm_1,offset_intensity_au
Formulation A,670.0,-0.01948
Formulation A,670.772,-0.01499
Formulation A,671.545,-0.01032
Formulation A,672.317,-0.00554
Formulation A,673.09,-0.00068
Formulation A,673.862,0.00418
Formulation A,674.635,0.00899
Formulation A,675.407,0.01369
Formulation A,676.18,0.01824
Formulation A,676.952,0.02257
Formulation A,677.724,0.02664
Formulation A,678.497,0.0304
Formulation A,679.269,0.03381
Formulation A,680.042,0.03681
Formulation A,680.814,0.03939
Formulation A,681.587,0.04151
Formulation A,682.359,0.04314
Formulation A,683.132,0.04427
Formulation A,683.904,0.04488
Formulation A,684.676,0.04497
Formulation A,685.449,0.04453
Formulation A,686.221,0.04357
Formulation A,686.994,0.04211
Formulation A,687.766,0.04015
Formulation A,688.539,0.03772
Formulation A,689.311,0.03485
Formulation A,690.084,0.03157
Formulation A,690.856,0.02793
Formulation A,691.628,0.02396
Formulation A,692.401,0.01971
Formulation A,693.173,0.01522
Formulation A,693.946,0.01056
Formulation A,694.718,0.00578
Formulation A,695.491,0.00093
Formulation A,696.263,-0.00393
Formulation A,697.035,-0.00874
Formulation A,697.808,-0.01346
Formulation A,698.58,-0.01801
Formulation A,699.353,-0.02235
Formulation A,700.125,-0.02643
Formulation A,700.898,-0.03021
Formulation A,701.67,-0.03362
Formulation A,702.443,-0.03665
Formulation A,703.215,-0.03924
Formulation A,703.987,-0.04137
Formulation A,704.76,-0.04301
Formulation A,705.532,-0.04415
Formulation A,706.305,-0.04476
Formulation A,707.077,-0.04485
Formulation A,707.85,-0.04439
Formulation A,708.622,-0.04341
Formulation A,709.395,-0.0419
Formulation A,710.167,-0.03988
Formulation A,710.939,-0.03737
Formulation A,711.712,-0.03439
Formulation A,712.484,-0.03097
Formulation A,713.257,-0.02713
Formulation A,714.029,-0.02292
Formulation A,714.802,-0.01836
Formulation A,715.574,-0.01349
Formulation A,716.347,-0.00836
Formulation A,717.119,-0.00299
Formulation A,717.891,0.00258
Formulation A,718.664,0.0083
Formulation A,719.436,0.01417
Formulation A,720.209,0.02014
Formulation A,720.981,0.02619
Formulation A,721.754,0.03232
Formulation A,722.526,0.03851
Formulation A,723.299,0.04476
Formulation A,724.071,0.05109
Formulation A,724.843,0.05749
Formulation A,725.616,0.06401
Formulation A,726.388,0.07068
Formulation A,727.161,0.07753
Formulation A,727.933,0.08462
Formulation A,728.706,0.09201
Formulation A,729.478,0.09976
Formulation A,730.251,0.10796
Formulation A,731.023,0.11668
Formulation A,731.795,0.126
Formulation A,732.568,0.13601
Formulation A,733.34,0.1468
Formulation A,734.113,0.15844
Formulation A,734.885,0.17102
Formulation A,735.658,0.18461
Formulation A,736.43,0.19926
Formulation A,737.203,0.21503
Formulation A,737.975,0.23196
Formulation A,738.747,0.25006
Formulation A,739.52,0.26932
Formulation A,740.292,0.28974
Formulation A,741.065,0.31126
Formulation A,741.837,0.33381
Formulation A,742.61,0.3573
Formulation A,743.382,0.38161
Formulation A,744.154,0.40661
Formulation A,744.927,0.43211
Formulation A,745.699,0.45794
Formulation A,746.472,0.4839
Formulation A,747.244,0.50974
Formulation A,748.017,0.53525
Formulation A,748.789,0.56016
Formulation A,749.562,0.58423
Formulation A,750.334,0.60721
Formulation A,751.106,0.62883
Formulation A,751.879,0.64886
Formulation A,752.651,0.66707
Formulation A,753.424,0.68324
Formulation A,754.196,0.69717
Formulation A,754.969,0.70871
Formulation A,755.741,0.71771
Formulation A,756.514,0.72406
Formulation A,757.286,0.72769
Formulation A,758.058,0.72855
Formulation A,758.831,0.72663
Formulation A,759.603,0.72196
Formulation A,760.376,0.7146
Formulation A,761.148,0.70464
Formulation A,761.921,0.6922
Formulation A,762.693,0.67744
Formulation A,763.466,0.66051
Formulation A,764.238,0.64162
Formulation A,765.01,0.62096
Formulation A,765.783,0.59876
Formulation A,766.555,0.57523
Formulation A,767.328,0.55061
Formulation A,768.1,0.52513
Formulation A,768.873,0.499
Formulation A,769.645,0.47244
Formulation A,770.418,0.44566
Formulation A,771.19,0.41884
Formulation A,771.962,0.39217
Formulation A,772.735,0.36579
Formulation A,773.507,0.33986
Formulation A,774.28,0.31449
Formulation A,775.052,0.28979
Formulation A,775.825,0.26585
Formulation A,776.597,0.24275
Formulation A,777.37,0.22052
Formulation A,778.142,0.19923
Formulation A,778.914,0.17889
Formulation A,779.687,0.15952
Formulation A,780.459,0.14113
Formulation A,781.232,0.12372
Formulation A,782.004,0.10729
Formulation A,782.777,0.09181
Formulation A,783.549,0.07727
Formulation A,784.322,0.06367
Formulation A,785.094,0.05096
Formulation A,785.866,0.03915
Formulation A,786.639,0.02821
Formulation A,787.411,0.01812
Formulation A,788.184,0.00886
Formulation A,788.956,0.00042
Formulation A,789.729,-0.00721
Formulation A,790.501,-0.01405
Formulation A,791.273,-0.02011
Formulation A,792.046,-0.02541
Formulation A,792.818,-0.02994
Formulation A,793.591,-0.03374
Formulation A,794.363,-0.03681
Formulation A,795.136,-0.03916
Formulation A,795.908,-0.04081
Formulation A,796.681,-0.04178
Formulation A,797.453,-0.04209
Formulation A,798.225,-0.04177
Formulation A,798.998,-0.04084
Formulation A,799.77,-0.03934
Formulation A,800.543,-0.0373
Formulation A,801.315,-0.03475
Formulation A,802.088,-0.03174
Formulation A,802.86,-0.02832
Formulation A,803.633,-0.02452
Formulation A,804.405,-0.02041
Formulation A,805.177,-0.01604
Formulation A,805.95,-0.01145
Formulation A,806.722,-0.00671
Formulation A,807.495,-0.00187
Formulation A,808.267,0.003
Formulation A,809.04,0.00786
Formulation A,809.812,0.01265
Formulation A,810.585,0.0173
Formulation A,811.357,0.02177
Formulation A,812.129,0.02601
Formulation A,812.902,0.02997
Formulation A,813.674,0.03361
Formulation A,814.447,0.03688
Formulation A,815.219,0.03976
Formulation A,815.992,0.04222
Formulation A,816.764,0.04424
Formulation A,817.537,0.04579
Formulation A,818.309,0.04687
Formulation A,819.081,0.04748
Formulation A,819.854,0.04762
Formulation A,820.626,0.0473
Formulation A,821.399,0.04654
Formulation A,822.171,0.04535
Formulation A,822.944,0.04378
Formulation A,823.716,0.04186
Formulation A,824.489,0.03963
Formulation A,825.261,0.03714
Formulation A,826.033,0.03444
Formulation A,826.806,0.0316
Formulation A,827.578,0.02868
Formulation A,828.351,0.02575
Formulation A,829.123,0.02287
Formulation A,829.896,0.02011
Formulation A,830.668,0.01756
Formulation A,831.441,0.01529
Formulation A,832.213,0.01338
Formulation A,832.985,0.01189
Formulation A,833.758,0.01091
Formulation A,834.53,0.0105
Formulation A,835.303,0.01073
Formulation A,836.075,0.01168
Formulation A,836.848,0.01339
Formulation A,837.62,0.01594
Formulation A,838.392,0.01935
Formulation A,839.165,0.02369
Formulation A,839.937,0.02898
Formulation A,840.71,0.03526
Formulation A,841.482,0.04253
Formulation A,842.255,0.05083
Formulation A,843.027,0.06014
Formulation A,843.8,0.07047
Formulation A,844.572,0.08179
Formulation A,845.344,0.09409
Formulation A,846.117,0.10732
Formulation A,846.889,0.12144
Formulation A,847.662,0.13641
Formulation A,848.434,0.15215
Formulation A,849.207,0.16859
Formulation A,849.979,0.18567
Formulation A,850.752,0.20328
Formulation A,851.524,0.22133
Formulation A,852.296,0.23973
Formulation A,853.069,0.25837
Formulation A,853.841,0.27714
Formulation A,854.614,0.29591
Formulation A,855.386,0.31458
Formulation A,856.159,0.33303
Formulation A,856.931,0.35113
Formulation A,857.704,0.36876
Formulation A,858.476,0.38581
Formulation A,859.248,0.40217
Formulation A,860.021,0.41771
Formulation A,860.793,0.43234
Formulation A,861.566,0.44595
Formulation A,862.338,0.45845
Formulation A,863.111,0.46975
Formulation A,863.883,0.47979
Formulation A,864.656,0.48848
Formulation A,865.428,0.49578
Formulation A,866.2,0.50164
Formulation A,866.973,0.50603
Formulation A,867.745,0.50893
Formulation A,868.518,0.51032
Formulation A,869.29,0.51021
Formulation A,870.063,0.50862
Formulation A,870.835,0.50558
Formulation A,871.608,0.50111
Formulation A,872.38,0.49528
Formulation A,873.152,0.48815
Formulation A,873.925,0.47978
Formulation A,874.697,0.47025
Formulation A,875.47,0.45967
Formulation A,876.242,0.44811
Formulation A,877.015,0.43569
Formulation A,877.787,0.42251
Formulation A,878.559,0.40868
Formulation A,879.332,0.39431
Formulation A,880.104,0.37952
Formulation A,880.877,0.36443
Formulation A,881.649,0.34914
Formulation A,882.422,0.33376
Formulation A,883.194,0.31841
Formulation A,883.967,0.30318
Formulation A,884.739,0.28817
Formulation A,885.511,0.27347
Formulation A,886.284,0.25916
Formulation A,887.056,0.24531
Formulation A,887.829,0.23199
Formulation A,888.601,0.21926
Formulation A,889.374,0.20715
Formulation A,890.146,0.1957
Formulation A,890.919,0.18495
Formulation A,891.691,0.1749
Formulation A,892.463,0.16557
Formulation A,893.236,0.15694
Formulation A,894.008,0.14901
Formulation A,894.781,0.14177
Formulation A,895.553,0.13517
Formulation A,896.326,0.12918
Formulation A,897.098,0.12377
Formulation A,897.871,0.11889
Formulation A,898.643,0.11449
Formulation A,899.415,0.11051
Formulation A,900.188,0.1069
Formulation A,900.96,0.10359
Formulation A,901.733,0.10054
Formulation A,902.505,0.09768
Formulation A,903.278,0.09495
Formulation A,904.05,0.09231
Formulation A,904.823,0.08969
Formulation A,905.595,0.08705
Formulation A,906.367,0.08435
Formulation A,907.14,0.08155
Formulation A,907.912,0.07862
Formulation A,908.685,0.07553
Formulation A,909.457,0.07227
Formulation A,910.23,0.06882
Formulation A,911.002,0.06518
Formulation A,911.775,0.06136
Formulation A,912.547,0.05738
Formulation A,913.319,0.05324
Formulation A,914.092,0.04899
Formulation A,914.864,0.04466
Formulation A,915.637,0.04029
Formulation A,916.409,0.03595
Formulation A,917.182,0.03168
Formulation A,917.954,0.02757
Formulation A,918.727,0.02368
Formulation A,919.499,0.0201
Formulation A,920.271,0.0169
Formulation A,921.044,0.01417
Formulation A,921.816,0.01201
Formulation A,922.589,0.01051
Formulation A,923.361,0.00975
Formulation A,924.134,0.00983
Formulation A,924.906,0.01082
Formulation A,925.678,0.01282
Formulation A,926.451,0.0159
Formulation A,927.223,0.02011
Formulation A,927.996,0.02552
Formulation A,928.768,0.03216
Formulation A,929.541,0.04006
Formulation A,930.313,0.04923
Formulation A,931.086,0.05967
Formulation A,931.858,0.07135
Formulation A,932.63,0.08422
Formulation A,933.403,0.09821
Formulation A,934.175,0.11324
Formulation A,934.948,0.12921
Formulation A,935.72,0.14597
Formulation A,936.493,0.16338
Formulation A,937.265,0.18128
Formulation A,938.038,0.19948
Formulation A,938.81,0.21779
Formulation A,939.582,0.23601
Formulation A,940.355,0.25391
Formulation A,941.127,0.27129
Formulation A,941.9,0.28793
Formulation A,942.672,0.30362
Formulation A,943.445,0.31815
Formulation A,944.217,0.33134
Formulation A,944.99,0.34301
Formulation A,945.762,0.35301
Formulation A,946.534,0.36121
Formulation A,947.307,0.36749
Formulation A,948.079,0.37178
Formulation A,948.852,0.37402
Formulation A,949.624,0.37419
Formulation A,950.397,0.37231
Formulation A,951.169,0.36839
Formulation A,951.942,0.36251
Formulation A,952.714,0.35474
Formulation A,953.486,0.34521
Formulation A,954.259,0.33405
Formulation A,955.031,0.32139
Formulation A,955.804,0.30742
Formulation A,956.576,0.29229
Formulation A,957.349,0.27619
Formulation A,958.121,0.25931
Formulation A,958.894,0.24183
Formulation A,959.666,0.22394
Formulation A,960.438,0.20581
Formulation A,961.211,0.18762
Formulation A,961.983,0.16953
Formulation A,962.756,0.15169
Formulation A,963.528,0.13423
Formulation A,964.301,0.11729
Formulation A,965.073,0.10097
Formulation A,965.846,0.08537
Formulation A,966.618,0.07056
Formulation A,967.39,0.05663
Formulation A,968.163,0.04362
Formulation A,968.935,0.03158
Formulation A,969.708,0.02054
Formulation A,970.48,0.01052
Formulation A,971.253,0.00153
Formulation A,972.025,-0.00644
Formulation A,972.797,-0.01338
Formulation A,973.57,-0.01931
Formulation A,974.342,-0.02426
Formulation A,975.115,-0.02824
Formulation A,975.887,-0.0313
Formulation A,976.66,-0.03347
Formulation A,977.432,-0.03478
Formulation A,978.205,-0.03529
Formulation A,978.977,-0.03504
Formulation A,979.749,-0.03409
Formulation A,980.522,-0.03249
Formulation A,981.294,-0.03029
Formulation A,982.067,-0.02756
Formulation A,982.839,-0.02435
Formulation A,983.612,-0.02073
Formulation A,984.384,-0.01677
Formulation A,985.157,-0.01252
Formulation A,985.929,-0.00805
Formulation A,986.701,-0.00343
Formulation A,987.474,0.00128
Formulation A,988.246,0.00601
Formulation A,989.019,0.0107
Formulation A,989.791,0.01529
Formulation A,990.564,0.01972
Formulation A,991.336,0.02393
Formulation A,992.109,0.02788
Formulation A,992.881,0.03151
Formulation A,993.653,0.03479
Formulation A,994.426,0.03766
Formulation A,995.198,0.04009
Formulation A,995.971,0.04206
Formulation A,996.743,0.04354
Formulation A,997.516,0.04452
Formulation A,998.288,0.04497
Formulation A,999.061,0.0449
Formulation A,999.833,0.04431
Formulation A,1000.605,0.0432
Formulation A,1001.378,0.04159
Formulation A,1002.15,0.03949
Formulation A,1002.923,0.03693
Formulation A,1003.695,0.03394
Formulation A,1004.468,0.03055
Formulation A,1005.24,0.0268
Formulation A,1006.013,0.02275
Formulation A,1006.785,0.01842
Formulation A,1007.557,0.01388
Formulation A,1008.33,0.00918
Formulation A,1009.102,0.00437
Formulation A,1009.875,-0.00049
Formulation A,1010.647,-0.00534
Formulation A,1011.42,-0.01013
Formulation A,1012.192,-0.0148
Formulation A,1012.965,-0.0193
Formulation A,1013.737,-0.02358
Formulation A,1014.509,-0.02758
Formulation A,1015.282,-0.03125
Formulation A,1016.054,-0.03457
Formulation A,1016.827,-0.03747
Formulation A,1017.599,-0.03994
Formulation A,1018.372,-0.04195
Formulation A,1019.144,-0.04346
Formulation A,1019.916,-0.04447
Formulation A,1020.689,-0.04495
Formulation A,1021.461,-0.04491
Formulation A,1022.234,-0.04435
Formulation A,1023.006,-0.04327
Formulation A,1023.779,-0.04168
Formulation A,1024.551,-0.03961
Formulation A,1025.324,-0.03707
Formulation A,1026.096,-0.0341
Formulation A,1026.868,-0.03073
Formulation A,1027.641,-0.027
Formulation A,1028.413,-0.02296
Formulation A,1029.186,-0.01865
Formulation A,1029.958,-0.01412
Formulation A,1030.731,-0.00942
Formulation A,1031.503,-0.00462
Formulation A,1032.276,0.00024
Formulation A,1033.048,0.00509
Formulation A,1033.82,0.00989
Formulation A,1034.593,0.01457
Formulation A,1035.365,0.01908
Formulation A,1036.138,0.02337
Formulation A,1036.91,0.02738
Formulation A,1037.683,0.03108
Formulation A,1038.455,0.03441
Formulation A,1039.228,0.03734
Formulation A,1040.0,0.03983
Formulation B,670.0,0.87361
Formulation B,670.772,0.8776
Formulation B,671.545,0.88128
Formulation B,672.317,0.88459
Formulation B,673.09,0.88749
Formulation B,673.862,0.88996
Formulation B,674.635,0.89196
Formulation B,675.407,0.89347
Formulation B,676.18,0.89447
Formulation B,676.952,0.89495
Formulation B,677.724,0.89491
Formulation B,678.497,0.89434
Formulation B,679.269,0.89326
Formulation B,680.042,0.89167
Formulation B,680.814,0.88959
Formulation B,681.587,0.88705
Formulation B,682.359,0.88408
Formulation B,683.132,0.88071
Formulation B,683.904,0.87698
Formulation B,684.676,0.87293
Formulation B,685.449,0.86862
Formulation B,686.221,0.86409
Formulation B,686.994,0.85939
Formulation B,687.766,0.85459
Formulation B,688.539,0.84973
Formulation B,689.311,0.84487
Formulation B,690.084,0.84008
Formulation B,690.856,0.8354
Formulation B,691.628,0.83089
Formulation B,692.401,0.8266
Formulation B,693.173,0.82259
Formulation B,693.946,0.8189
Formulation B,694.718,0.81557
Formulation B,695.491,0.81264
Formulation B,696.263,0.81015
Formulation B,697.035,0.80813
Formulation B,697.808,0.8066
Formulation B,698.58,0.80557
Formulation B,699.353,0.80506
Formulation B,700.125,0.80507
Formulation B,700.898,0.80562
Formulation B,701.67,0.80668
Formulation B,702.443,0.80824
Formulation B,703.215,0.81029
Formulation B,703.987,0.81281
Formulation B,704.76,0.81577
Formulation B,705.532,0.81912
Formulation B,706.305,0.82283
Formulation B,707.077,0.82686
Formulation B,707.85,0.83117
Formulation B,708.622,0.83569
Formulation B,709.395,0.84038
Formulation B,710.167,0.84519
Formulation B,710.939,0.85005
Formulation B,711.712,0.85492
Formulation B,712.484,0.85973
Formulation B,713.257,0.86444
Formulation B,714.029,0.86898
Formulation B,714.802,0.87331
Formulation B,715.574,0.87737
Formulation B,716.347,0.88113
Formulation B,717.119,0.88453
Formulation B,717.891,0.88756
Formulation B,718.664,0.89017
Formulation B,719.436,0.89234
Formulation B,720.209,0.89406
Formulation B,720.981,0.8953
Formulation B,721.754,0.89608
Formulation B,722.526,0.89639
Formulation B,723.299,0.89624
Formulation B,724.071,0.89565
Formulation B,724.843,0.89466
Formulation B,725.616,0.8933
Formulation B,726.388,0.89162
Formulation B,727.161,0.88966
Formulation B,727.933,0.8875
Formulation B,728.706,0.88521
Formulation B,729.478,0.88286
Formulation B,730.251,0.88054
Formulation B,731.023,0.87836
Formulation B,731.795,0.8764
Formulation B,732.568,0.87479
Formulation B,733.34,0.87363
Formulation B,734.113,0.87304
Formulation B,734.885,0.87316
Formulation B,735.658,0.8741
Formulation B,736.43,0.876
Formulation B,737.203,0.87898
Formulation B,737.975,0.88317
Formulation B,738.747,0.88868
Formulation B,739.52,0.89565
Formulation B,740.292,0.90417
Formulation B,741.065,0.91436
Formulation B,741.837,0.92628
Formulation B,742.61,0.94003
Formulation B,743.382,0.95565
Formulation B,744.154,0.97318
Formulation B,744.927,0.99264
Formulation B,745.699,1.01402
Formulation B,746.472,1.03729
Formulation B,747.244,1.06239
Formulation B,748.017,1.08923
Formulation B,748.789,1.1177
Formulation B,749.562,1.14764
Formulation B,750.334,1.17889
Formulation B,751.106,1.21124
Formulation B,751.879,1.24446
Formulation B,752.651,1.27829
Formulation B,753.424,1.31245
Formulation B,754.196,1.34665
Formulation B,754.969,1.38056
Formulation B,755.741,1.41387
Formulation B,756.514,1.44624
Formulation B,757.286,1.47733
Formulation B,758.058,1.50681
Formulation B,758.831,1.53436
Formulation B,759.603,1.55966
Formulation B,760.376,1.58243
Formulation B,761.148,1.6024
Formulation B,761.921,1.61933
Formulation B,762.693,1.63302
Formulation B,763.466,1.64331
Formulation B,764.238,1.65006
Formulation B,765.01,1.6532
Formulation B,765.783,1.65269
Formulation B,766.555,1.64854
Formulation B,767.328,1.6408
Formulation B,768.1,1.62956
Formulation B,768.873,1.61496
Formulation B,769.645,1.59717
Formulation B,770.418,1.57641
Formulation B,771.19,1.55293
Formulation B,771.962,1.52698
Formulation B,772.735,1.49886
Formulation B,773.507,1.46888
Formulation B,774.28,1.43735
Formulation B,775.052,1.40461
Formulation B,775.825,1.37099
Formulation B,776.597,1.33679
Formulation B,777.37,1.30234
Formulation B,778.142,1.26794
Formulation B,778.914,1.23387
Formulation B,779.687,1.20041
Formulation B,780.459,1.16779
Formulation B,781.232,1.13623
Formulation B,782.004,1.10593
Formulation B,782.777,1.07706
Formulation B,783.549,1.04975
Formulation B,784.322,1.02412
Formulation B,785.094,1.00025
Formulation B,785.866,0.97821
Formulation B,786.639,0.95803
Formulation B,787.411,0.93973
Formulation B,788.184,0.92331
Formulation B,788.956,0.90873
Formulation B,789.729,0.89596
Formulation B,790.501,0.88494
Formulation B,791.273,0.87559
Formulation B,792.046,0.86784
Formulation B,792.818,0.8616
Formulation B,793.591,0.85676
Formulation B,794.363,0.85323
Formulation B,795.136,0.85089
Formulation B,795.908,0.84964
Formulation B,796.681,0.84936
Formulation B,797.453,0.84993
Formulation B,798.225,0.85126
Formulation B,798.998,0.85322
Formulation B,799.77,0.8557
Formulation B,800.543,0.85861
Formulation B,801.315,0.86184
Formulation B,802.088,0.86529
Formulation B,802.86,0.86887
Formulation B,803.633,0.8725
Formulation B,804.405,0.87609
Formulation B,805.177,0.87957
Formulation B,805.95,0.88287
Formulation B,806.722,0.88593
Formulation B,807.495,0.88869
Formulation B,808.267,0.89111
Formulation B,809.04,0.89316
Formulation B,809.812,0.89478
Formulation B,810.585,0.89597
Formulation B,811.357,0.89671
Formulation B,812.129,0.89698
Formulation B,812.902,0.89678
Formulation B,813.674,0.89613
Formulation B,814.447,0.89503
Formulation B,815.219,0.89351
Formulation B,815.992,0.89159
Formulation B,816.764,0.88931
Formulation B,817.537,0.88671
Formulation B,818.309,0.88383
Formulation B,819.081,0.88074
Formulation B,819.854,0.87747
Formulation B,820.626,0.87411
Formulation B,821.399,0.8707
Formulation B,822.171,0.86733
Formulation B,822.944,0.86406
Formulation B,823.716,0.86096
Formulation B,824.489,0.85811
Formulation B,825.261,0.85558
Formulation B,826.033,0.85344
Formulation B,826.806,0.85177
Formulation B,827.578,0.85064
Formulation B,828.351,0.85011
Formulation B,829.123,0.85025
Formulation B,829.896,0.85112
Formulation B,830.668,0.85278
Formulation B,831.441,0.85527
Formulation B,832.213,0.85864
Formulation B,832.985,0.86293
Formulation B,833.758,0.86817
Formulation B,834.53,0.87439
Formulation B,835.303,0.88159
Formulation B,836.075,0.88979
Formulation B,836.848,0.89899
Formulation B,837.62,0.90917
Formulation B,838.392,0.92033
Formulation B,839.165,0.93242
Formulation B,839.937,0.94543
Formulation B,840.71,0.9593
Formulation B,841.482,0.97398
Formulation B,842.255,0.98941
Formulation B,843.027,1.00552
Formulation B,843.8,1.02224
Formulation B,844.572,1.03948
Formulation B,845.344,1.05716
Formulation B,846.117,1.07518
Formulation B,846.889,1.09344
Formulation B,847.662,1.11184
Formulation B,848.434,1.13027
Formulation B,849.207,1.14862
Formulation B,849.979,1.16678
Formulation B,850.752,1.18463
Formulation B,851.524,1.20207
Formulation B,852.296,1.21899
Formulation B,853.069,1.23528
Formulation B,853.841,1.25083
Formulation B,854.614,1.26554
Formulation B,855.386,1.27933
Formulation B,856.159,1.29209
Formulation B,856.931,1.30376
Formulation B,857.704,1.31426
Formulation B,858.476,1.32352
Formulation B,859.248,1.33148
Formulation B,860.021,1.33812
Formulation B,860.793,1.34338
Formulation B,861.566,1.34725
Formulation B,862.338,1.34971
Formulation B,863.111,1.35076
Formulation B,863.883,1.35042
Formulation B,864.656,1.3487
Formulation B,865.428,1.34564
Formulation B,866.2,1.34127
Formulation B,866.973,1.33566
Formulation B,867.745,1.32885
Formulation B,868.518,1.32093
Formulation B,869.29,1.31197
Formulation B,870.063,1.30205
Formulation B,870.835,1.29127
Formulation B,871.608,1.27972
Formulation B,872.38,1.2675
Formulation B,873.152,1.25471
Formulation B,873.925,1.24146
Formulation B,874.697,1.22785
Formulation B,875.47,1.21399
Formulation B,876.242,1.19997
Formulation B,877.015,1.18589
Formulation B,877.787,1.17185
Formulation B,878.559,1.15793
Formulation B,879.332,1.14422
Formulation B,880.104,1.13079
Formulation B,880.877,1.11772
Formulation B,881.649,1.10506
Formulation B,882.422,1.09287
Formulation B,883.194,1.08118
Formulation B,883.967,1.07004
Formulation B,884.739,1.05947
Formulation B,885.511,1.04949
Formulation B,886.284,1.0401
Formulation B,887.056,1.0313
Formulation B,887.829,1.02309
Formulation B,888.601,1.01544
Formulation B,889.374,1.00834
Formulation B,890.146,1.00176
Formulation B,890.919,0.99566
Formulation B,891.691,0.98999
Formulation B,892.463,0.98473
Formulation B,893.236,0.97981
Formulation B,894.008,0.97519
Formulation B,894.781,0.97081
Formulation B,895.553,0.96664
Formulation B,896.326,0.96261
Formulation B,897.098,0.95867
Formulation B,897.871,0.95479
Formulation B,898.643,0.95091
Formulation B,899.415,0.94699
Formulation B,900.188,0.943
Formulation B,900.96,0.9389
Formulation B,901.733,0.93467
Formulation B,902.505,0.93028
Formulation B,903.278,0.92572
Formulation B,904.05,0.92098
Formulation B,904.823,0.91606
Formulation B,905.595,0.91095
Formulation B,906.367,0.90567
Formulation B,907.14,0.90024
Formulation B,907.912,0.89466
Formulation B,908.685,0.88898
Formulation B,909.457,0.88322
Formulation B,910.23,0.87741
Formulation B,911.002,0.87161
Formulation B,911.775,0.86586
Formulation B,912.547,0.8602
Formulation B,913.319,0.85469
Formulation B,914.092,0.84939
Formulation B,914.864,0.84435
Formulation B,915.637,0.83964
Formulation B,916.409,0.83531
Formulation B,917.182,0.83143
Formulation B,917.954,0.82807
Formulation B,918.727,0.82529
Formulation B,919.499,0.82314
Formulation B,920.271,0.8217
Formulation B,921.044,0.82102
Formulation B,921.816,0.82117
Formulation B,922.589,0.82219
Formulation B,923.361,0.82414
Formulation B,924.134,0.82707
Formulation B,924.906,0.83102
Formulation B,925.678,0.83604
Formulation B,926.451,0.84214
Formulation B,927.223,0.84937
Formulation B,927.996,0.85772
Formulation B,928.768,0.86722
Formulation B,929.541,0.87785
Formulation B,930.313,0.88959
Formulation B,931.086,0.90243
Formulation B,931.858,0.91631
Formulation B,932.63,0.93118
Formulation B,933.403,0.94697
Formulation B,934.175,0.96358
Formulation B,934.948,0.98092
Formulation B,935.72,0.99886
Formulation B,936.493,1.01727
Formulation B,937.265,1.03599
Formulation B,938.038,1.05486
Formulation B,938.81,1.07371
Formulation B,939.582,1.09235
Formulation B,940.355,1.11058
Formulation B,941.127,1.12821
Formulation B,941.9,1.14504
Formulation B,942.672,1.16086
Formulation B,943.445,1.17549
Formulation B,944.217,1.18873
Formulation B,944.99,1.20042
Formulation B,945.762,1.2104
Formulation B,946.534,1.21854
Formulation B,947.307,1.22471
Formulation B,948.079,1.22884
Formulation B,948.852,1.23085
Formulation B,949.624,1.23071
Formulation B,950.397,1.22843
Formulation B,951.169,1.22402
Formulation B,951.942,1.21754
Formulation B,952.714,1.20909
Formulation B,953.486,1.19877
Formulation B,954.259,1.18672
Formulation B,955.031,1.17309
Formulation B,955.804,1.15808
Formulation B,956.576,1.14188
Formulation B,957.349,1.12468
Formulation B,958.121,1.10671
Formulation B,958.894,1.08819
Formulation B,959.666,1.06933
Formulation B,960.438,1.05035
Formulation B,961.211,1.03145
Formulation B,961.983,1.01283
Formulation B,962.756,0.99467
Formulation B,963.528,0.97715
Formulation B,964.301,0.96041
Formulation B,965.073,0.94458
Formulation B,965.846,0.92978
Formulation B,966.618,0.91608
Formulation B,967.39,0.90357
Formulation B,968.163,0.89229
Formulation B,968.935,0.88228
Formulation B,969.708,0.87353
Formulation B,970.48,0.86605
Formulation B,971.253,0.85982
Formulation B,972.025,0.85479
Formulation B,972.797,0.85093
Formulation B,973.57,0.84816
Formulation B,974.342,0.84641
Formulation B,975.115,0.84562
Formulation B,975.887,0.8457
Formulation B,976.66,0.84655
Formulation B,977.432,0.84808
Formulation B,978.205,0.8502
Formulation B,978.977,0.85282
Formulation B,979.749,0.85584
Formulation B,980.522,0.85917
Formulation B,981.294,0.86272
Formulation B,982.067,0.86639
Formulation B,982.839,0.87011
Formulation B,983.612,0.87379
Formulation B,984.384,0.87737
Formulation B,985.157,0.88077
Formulation B,985.929,0.88392
Formulation B,986.701,0.88678
Formulation B,987.474,0.88928
Formulation B,988.246,0.8914
Formulation B,989.019,0.89308
Formulation B,989.791,0.8943
Formulation B,990.564,0.89504
Formulation B,991.336,0.89529
Formulation B,992.109,0.89502
Formulation B,992.881,0.89425
Formulation B,993.653,0.89298
Formulation B,994.426,0.89121
Formulation B,995.198,0.88897
Formulation B,995.971,0.88628
Formulation B,996.743,0.88318
Formulation B,997.516,0.87968
Formulation B,998.288,0.87585
Formulation B,999.061,0.87172
Formulation B,999.833,0.86733
Formulation B,1000.605,0.86274
Formulation B,1001.378,0.85801
Formulation B,1002.15,0.85318
Formulation B,1002.923,0.84832
Formulation B,1003.695,0.84347
Formulation B,1004.468,0.8387
Formulation B,1005.24,0.83407
Formulation B,1006.013,0.82962
Formulation B,1006.785,0.82541
Formulation B,1007.557,0.82148
Formulation B,1008.33,0.81789
Formulation B,1009.102,0.81468
Formulation B,1009.875,0.81187
Formulation B,1010.647,0.80952
Formulation B,1011.42,0.80763
Formulation B,1012.192,0.80624
Formulation B,1012.965,0.80536
Formulation B,1013.737,0.80501
Formulation B,1014.509,0.80518
Formulation B,1015.282,0.80587
Formulation B,1016.054,0.80708
Formulation B,1016.827,0.80879
Formulation B,1017.599,0.81098
Formulation B,1018.372,0.81363
Formulation B,1019.144,0.8167
Formulation B,1019.916,0.82016
Formulation B,1020.689,0.82397
Formulation B,1021.461,0.82808
Formulation B,1022.234,0.83245
Formulation B,1023.006,0.83703
Formulation B,1023.779,0.84176
Formulation B,1024.551,0.84658
Formulation B,1025.324,0.85144
Formulation B,1026.096,0.85629
Formulation B,1026.868,0.86106
Formulation B,1027.641,0.8657
Formulation B,1028.413,0.87016
Formulation B,1029.186,0.87439
Formulation B,1029.958,0.87833
Formulation B,1030.731,0.88194
Formulation B,1031.503,0.88517
Formulation B,1032.276,0.88799
Formulation B,1033.048,0.89038
Formulation B,1033.82,0.89228
Formulation B,1034.593,0.8937
Formulation B,1035.365,0.8946
Formulation B,1036.138,0.89499
Formulation B,1036.91,0.89484
Formulation B,1037.683,0.89418
Formulation B,1038.455,0.89299
Formulation B,1039.228,0.89131
Formulation B,1040.0,0.88914
Formulation C,670.0,1.74499
Formulation C,670.772,1.74482
Formulation C,671.545,1.74412
Formulation C,672.317,1.74291
Formulation C,673.09,1.7412
Formulation C,673.862,1.739
Formulation C,674.635,1.73635
Formulation C,675.407,1.73328
Formulation C,676.18,1.72982
Formulation C,676.952,1.726
Formulation C,677.724,1.72189
Formulation C,678.497,1.71752
Formulation C,679.269,1.71294
Formulation C,680.042,1.70821
Formulation C,680.814,1.70339
Formulation C,681.587,1.69853
Formulation C,682.359,1.69368
Formulation C,683.132,1.68891
Formulation C,683.904,1.68427
Formulation C,684.676,1.67981
Formulation C,685.449,1.67559
Formulation C,686.221,1.67165
Formulation C,686.994,1.66804
Formulation C,687.766,1.66481
Formulation C,688.539,1.66199
Formulation C,689.311,1.65961
Formulation C,690.084,1.6577
Formulation C,690.856,1.65629
Formulation C,691.628,1.65539
Formulation C,692.401,1.65501
Formulation C,693.173,1.65516
Formulation C,693.946,1.65583
Formulation C,694.718,1.65701
Formulation C,695.491,1.6587
Formulation C,696.263,1.66087
Formulation C,697.035,1.6635
Formulation C,697.808,1.66656
Formulation C,698.58,1.67
Formulation C,699.353,1.6738
Formulation C,700.125,1.6779
Formulation C,700.898,1.68226
Formulation C,701.67,1.68682
Formulation C,702.443,1.69155
Formulation C,703.215,1.69637
Formulation C,703.987,1.70123
Formulation C,704.76,1.70608
Formulation C,705.532,1.71085
Formulation C,706.305,1.7155
Formulation C,707.077,1.71997
Formulation C,707.85,1.72421
Formulation C,708.622,1.72816
Formulation C,709.395,1.73178
Formulation C,710.167,1.73504
Formulation C,710.939,1.73788
Formulation C,711.712,1.74028
Formulation C,712.484,1.74221
Formulation C,713.257,1.74365
Formulation C,714.029,1.74458
Formulation C,714.802,1.74499
Formulation C,715.574,1.74487
Formulation C,716.347,1.74423
Formulation C,717.119,1.74307
Formulation C,717.891,1.74141
Formulation C,718.664,1.73927
Formulation C,719.436,1.73668
Formulation C,720.209,1.73366
Formulation C,720.981,1.73025
Formulation C,721.754,1.72649
Formulation C,722.526,1.72243
Formulation C,723.299,1.71811
Formulation C,724.071,1.7136
Formulation C,724.843,1.70894
Formulation C,725.616,1.70419
Formulation C,726.388,1.69942
Formulation C,727.161,1.69468
Formulation C,727.933,1.69004
Formulation C,728.706,1.68556
Formulation C,729.478,1.68131
Formulation C,730.251,1.67733
Formulation C,731.023,1.67371
Formulation C,731.795,1.67048
Formulation C,732.568,1.66772
Formulation C,733.34,1.66548
Formulation C,734.113,1.66382
Formulation C,734.885,1.66277
Formulation C,735.658,1.66241
Formulation C,736.43,1.66277
Formulation C,737.203,1.66391
Formulation C,737.975,1.66586
Formulation C,738.747,1.66867
Formulation C,739.52,1.67238
Formulation C,740.292,1.67703
Formulation C,741.065,1.68266
Formulation C,741.837,1.6893
Formulation C,742.61,1.697
Formulation C,743.382,1.70578
Formulation C,744.154,1.71567
Formulation C,744.927,1.72672
Formulation C,745.699,1.73894
Formulation C,746.472,1.75236
Formulation C,747.244,1.76701
Formulation C,748.017,1.78289
Formulation C,748.789,1.80002
Formulation C,749.562,1.81841
Formulation C,750.334,1.83805
Formulation C,751.106,1.85892
Formulation C,751.879,1.88101
Formulation C,752.651,1.90426
Formulation C,753.424,1.92865
Formulation C,754.196,1.95408
Formulation C,754.969,1.9805
Formulation C,755.741,2.00778
Formulation C,756.514,2.03582
Formulation C,757.286,2.06448
Formulation C,758.058,2.0936
Formulation C,758.831,2.12301
Formulation C,759.603,2.15251
Formulation C,760.376,2.1819
Formulation C,761.148,2.21096
Formulation C,761.921,2.23946
Formulation C,762.693,2.26714
Formulation C,763.466,2.29377
Formulation C,764.238,2.31909
Formulation C,765.01,2.34285
Formulation C,765.783,2.36481
Formulation C,766.555,2.38473
Formulation C,767.328,2.40241
Formulation C,768.1,2.41763
Formulation C,768.873,2.43023
Formulation C,769.645,2.44005
Formulation C,770.418,2.44697
Formulation C,771.19,2.45092
Formulation C,771.962,2.45182
Formulation C,772.735,2.44968
Formulation C,773.507,2.44451
Formulation C,774.28,2.43638
Formulation C,775.052,2.42539
Formulation C,775.825,2.41165
Formulation C,776.597,2.39536
Formulation C,777.37,2.37668
Formulation C,778.142,2.35586
Formulation C,778.914,2.33313
Formulation C,779.687,2.30876
Formulation C,780.459,2.28302
Formulation C,781.232,2.2562
Formulation C,782.004,2.22858
Formulation C,782.777,2.20044
Formulation C,783.549,2.17208
Formulation C,784.322,2.14374
Formulation C,785.094,2.11568
Formulation C,785.866,2.08814
Formulation C,786.639,2.06133
Formulation C,787.411,2.03543
Formulation C,788.184,2.01061
Formulation C,788.956,1.98699
Formulation C,789.729,1.96469
Formulation C,790.501,1.94377
Formulation C,791.273,1.9243
Formulation C,792.046,1.9063
Formulation C,792.818,1.88977
Formulation C,793.591,1.87468
Formulation C,794.363,1.86099
Formulation C,795.136,1.84865
Formulation C,795.908,1.83757
Formulation C,796.681,1.82767
Formulation C,797.453,1.81886
Formulation C,798.225,1.81102
Formulation C,798.998,1.80405
Formulation C,799.77,1.79784
Formulation C,800.543,1.79228
Formulation C,801.315,1.78726
Formulation C,802.088,1.78267
Formulation C,802.86,1.77843
Formulation C,803.633,1.77443
Formulation C,804.405,1.77061
Formulation C,805.177,1.76689
Formulation C,805.95,1.7632
Formulation C,806.722,1.75951
Formulation C,807.495,1.75577
Formulation C,808.267,1.75194
Formulation C,809.04,1.74803
Formulation C,809.812,1.74401
Formulation C,810.585,1.73989
Formulation C,811.357,1.73569
Formulation C,812.129,1.73142
Formulation C,812.902,1.72712
Formulation C,813.674,1.72283
Formulation C,814.447,1.71858
Formulation C,815.219,1.71443
Formulation C,815.992,1.71043
Formulation C,816.764,1.70664
Formulation C,817.537,1.70311
Formulation C,818.309,1.69993
Formulation C,819.081,1.69713
Formulation C,819.854,1.6948
Formulation C,820.626,1.69299
Formulation C,821.399,1.69176
Formulation C,822.171,1.69118
Formulation C,822.944,1.69129
Formulation C,823.716,1.69216
Formulation C,824.489,1.69383
Formulation C,825.261,1.69634
Formulation C,826.033,1.69972
Formulation C,826.806,1.70402
Formulation C,827.578,1.70925
Formulation C,828.351,1.71544
Formulation C,829.123,1.72258
Formulation C,829.896,1.73069
Formulation C,830.668,1.73976
Formulation C,831.441,1.74978
Formulation C,832.213,1.76072
Formulation C,832.985,1.77256
Formulation C,833.758,1.78526
Formulation C,834.53,1.79878
Formulation C,835.303,1.81307
Formulation C,836.075,1.82807
Formulation C,836.848,1.84371
Formulation C,837.62,1.85993
Formulation C,838.392,1.87664
Formulation C,839.165,1.89377
Formulation C,839.937,1.91122
Formulation C,840.71,1.92891
Formulation C,841.482,1.94673
Formulation C,842.255,1.9646
Formulation C,843.027,1.9824
Formulation C,843.8,2.00005
Formulation C,844.572,2.01744
Formulation C,845.344,2.03446
Formulation C,846.117,2.05102
Formulation C,846.889,2.06702
Formulation C,847.662,2.08237
Formulation C,848.434,2.09697
Formulation C,849.207,2.11073
Formulation C,849.979,2.12358
Formulation C,850.752,2.13545
Formulation C,851.524,2.14625
Formulation C,852.296,2.15594
Formulation C,853.069,2.16446
Formulation C,853.841,2.17176
Formulation C,854.614,2.17782
Formulation C,855.386,2.18261
Formulation C,856.159,2.18611
Formulation C,856.931,2.18832
Formulation C,857.704,2.18923
Formulation C,858.476,2.18888
Formulation C,859.248,2.18727
Formulation C,860.021,2.18445
Formulation C,860.793,2.18046
Formulation C,861.566,2.17534
Formulation C,862.338,2.16915
Formulation C,863.111,2.16197
Formulation C,863.883,2.15386
Formulation C,864.656,2.1449
Formulation C,865.428,2.13517
Formulation C,866.2,2.12476
Formulation C,866.973,2.11376
Formulation C,867.745,2.10226
Formulation C,868.518,2.09035
Formulation C,869.29,2.07812
Formulation C,870.063,2.06566
Formulation C,870.835,2.05306
Formulation C,871.608,2.0404
Formulation C,872.38,2.02776
Formulation C,873.152,2.01522
Formulation C,873.925,2.00285
Formulation C,874.697,1.9907
Formulation C,875.47,1.97883
Formulation C,876.242,1.9673
Formulation C,877.015,1.95614
Formulation C,877.787,1.94539
Formulation C,878.559,1.93506
Formulation C,879.332,1.92519
Formulation C,880.104,1.91578
Formulation C,880.877,1.90683
Formulation C,881.649,1.89834
Formulation C,882.422,1.89029
Formulation C,883.194,1.88266
Formulation C,883.967,1.87545
Formulation C,884.739,1.8686
Formulation C,885.511,1.8621
Formulation C,886.284,1.8559
Formulation C,887.056,1.84998
Formulation C,887.829,1.84427
Formulation C,888.601,1.83876
Formulation C,889.374,1.83339
Formulation C,890.146,1.82812
Formulation C,890.919,1.82292
Formulation C,891.691,1.81774
Formulation C,892.463,1.81255
Formulation C,893.236,1.80733
Formulation C,894.008,1.80203
Formulation C,894.781,1.79665
Formulation C,895.553,1.79116
Formulation C,896.326,1.78554
Formulation C,897.098,1.77979
Formulation C,897.871,1.77391
Formulation C,898.643,1.7679
Formulation C,899.415,1.76177
Formulation C,900.188,1.75553
Formulation C,900.96,1.7492
Formulation C,901.733,1.7428
Formulation C,902.505,1.73637
Formulation C,903.278,1.72992
Formulation C,904.05,1.72351
Formulation C,904.823,1.71715
Formulation C,905.595,1.71091
Formulation C,906.367,1.70481
Formulation C,907.14,1.6989
Formulation C,907.912,1.69323
Formulation C,908.685,1.68784
Formulation C,909.457,1.68278
Formulation C,910.23,1.67808
Formulation C,911.002,1.67379
Formulation C,911.775,1.66994
Formulation C,912.547,1.66659
Formulation C,913.319,1.66375
Formulation C,914.092,1.66146
Formulation C,914.864,1.65974
Formulation C,915.637,1.65863
Formulation C,916.409,1.65815
Formulation C,917.182,1.6583
Formulation C,917.954,1.6591
Formulation C,918.727,1.66057
Formulation C,919.499,1.66271
Formulation C,920.271,1.66553
Formulation C,921.044,1.66902
Formulation C,921.816,1.67319
Formulation C,922.589,1.67803
Formulation C,923.361,1.68354
Formulation C,924.134,1.68972
Formulation C,924.906,1.69656
Formulation C,925.678,1.70404
Formulation C,926.451,1.71216
Formulation C,927.223,1.72091
Formulation C,927.996,1.73027
Formulation C,928.768,1.74024
Formulation C,929.541,1.75079
Formulation C,930.313,1.7619
Formulation C,931.086,1.77355
Formulation C,931.858,1.78571
Formulation C,932.63,1.79836
Formulation C,933.403,1.81145
Formulation C,934.175,1.82493
Formulation C,934.948,1.83875
Formulation C,935.72,1.85286
Formulation C,936.493,1.86717
Formulation C,937.265,1.88161
Formulation C,938.038,1.8961
Formulation C,938.81,1.91052
Formulation C,939.582,1.92478
Formulation C,940.355,1.93875
Formulation C,941.127,1.95232
Formulation C,941.9,1.96535
Formulation C,942.672,1.97772
Formulation C,943.445,1.98928
Formulation C,944.217,1.99991
Formulation C,944.99,2.00948
Formulation C,945.762,2.01786
Formulation C,946.534,2.02494
Formulation C,947.307,2.03062
Formulation C,948.079,2.03482
Formulation C,948.852,2.03746
Formulation C,949.624,2.03849
Formulation C,950.397,2.03789
Formulation C,951.169,2.03565
Formulation C,951.942,2.03179
Formulation C,952.714,2.02635
Formulation C,953.486,2.0194
Formulation C,954.259,2.01103
Formulation C,955.031,2.00134
Formulation C,955.804,1.99046
Formulation C,956.576,1.97854
Formulation C,957.349,1.96574
Formulation C,958.121,1.95223
Formulation C,958.894,1.93819
Formulation C,959.666,1.92379
Formulation C,960.438,1.90921
Formulation C,961.211,1.89464
Formulation C,961.983,1.88023
Formulation C,962.756,1.86616
Formulation C,963.528,1.85256
Formulation C,964.301,1.83957
Formulation C,965.073,1.82729
Formulation C,965.846,1.81583
Formulation C,966.618,1.80526
Formulation C,967.39,1.79562
Formulation C,968.163,1.78697
Formulation C,968.935,1.77931
Formulation C,969.708,1.77264
Formulation C,970.48,1.76693
Formulation C,971.253,1.76216
Formulation C,972.025,1.75827
Formulation C,972.797,1.75519
Formulation C,973.57,1.75285
Formulation C,974.342,1.75118
Formulation C,975.115,1.75007
Formulation C,975.887,1.74945
Formulation C,976.66,1.74922
Formulation C,977.432,1.74928
Formulation C,978.205,1.74954
Formulation C,978.977,1.74991
Formulation C,979.749,1.75031
Formulation C,980.522,1.75067
Formulation C,981.294,1.7509
Formulation C,982.067,1.75095
Formulation C,982.839,1.75075
Formulation C,983.612,1.75027
Formulation C,984.384,1.74946
Formulation C,985.157,1.74829
Formulation C,985.929,1.74674
Formulation C,986.701,1.74481
Formulation C,987.474,1.74248
Formulation C,988.246,1.73977
Formulation C,989.019,1.73668
Formulation C,989.791,1.73324
Formulation C,990.564,1.72947
Formulation C,991.336,1.7254
Formulation C,992.109,1.72108
Formulation C,992.881,1.71654
Formulation C,993.653,1.71184
Formulation C,994.426,1.70702
Formulation C,995.198,1.70213
Formulation C,995.971,1.69723
Formulation C,996.743,1.69237
Formulation C,997.516,1.68761
Formulation C,998.288,1.683
Formulation C,999.061,1.67859
Formulation C,999.833,1.67443
Formulation C,1000.605,1.67058
Formulation C,1001.378,1.66707
Formulation C,1002.15,1.66395
Formulation C,1002.923,1.66126
Formulation C,1003.695,1.65901
Formulation C,1004.468,1.65725
Formulation C,1005.24,1.65598
Formulation C,1006.013,1.65523
Formulation C,1006.785,1.655
Formulation C,1007.557,1.6553
Formulation C,1008.33,1.65612
Formulation C,1009.102,1.65746
Formulation C,1009.875,1.65929
Formulation C,1010.647,1.66159
Formulation C,1011.42,1.66435
Formulation C,1012.192,1.66752
Formulation C,1012.965,1.67107
Formulation C,1013.737,1.67496
Formulation C,1014.509,1.67914
Formulation C,1015.282,1.68357
Formulation C,1016.054,1.68819
Formulation C,1016.827,1.69294
Formulation C,1017.599,1.69778
Formulation C,1018.372,1.70264
Formulation C,1019.144,1.70748
Formulation C,1019.916,1.71222
Formulation C,1020.689,1.71682
Formulation C,1021.461,1.72123
Formulation C,1022.234,1.72539
Formulation C,1023.006,1.72925
Formulation C,1023.779,1.73277
Formulation C,1024.551,1.73591
Formulation C,1025.324,1.73863
Formulation C,1026.096,1.74089
Formulation C,1026.868,1.74268
Formulation C,1027.641,1.74397
Formulation C,1028.413,1.74475
Formulation C,1029.186,1.745
Formulation C,1029.958,1.74473
Formulation C,1030.731,1.74393
Formulation C,1031.503,1.74262
Formulation C,1032.276,1.74082
Formulation C,1033.048,1.73854
Formulation C,1033.82,1.7358
Formulation C,1034.593,1.73265
Formulation C,1035.365,1.72912
Formulation C,1036.138,1.72524
Formulation C,1036.91,1.72108
Formulation C,1037.683,1.71666
Formulation C,1038.455,1.71205
Formulation C,1039.228,1.7073
Formulation C,1040.0,1.70247
Formulation D,670.0,2.57501
Formulation D,670.772,2.57083
Formulation D,671.545,2.5664
Formulation D,672.317,2.56178
Formulation D,673.09,2.55703
Formulation D,673.862,2.55219
Formulation D,674.635,2.54732
Formulation D,675.407,2.54249
Formulation D,676.18,2.53775
Formulation D,676.952,2.53315
Formulation D,677.724,2.52874
Formulation D,678.497,2.52458
Formulation D,679.269,2.52072
Formulation D,680.042,2.51721
Formulation D,680.814,2.51407
Formulation D,681.587,2.51136
Formulation D,682.359,2.50909
Formulation D,683.132,2.50731
Formulation D,683.904,2.50602
Formulation D,684.676,2.50525
Formulation D,685.449,2.505
Formulation D,686.221,2.50528
Formulation D,686.994,2.50607
Formulation D,687.766,2.50739
Formulation D,688.539,2.5092
Formulation D,689.311,2.51148
Formulation D,690.084,2.51422
Formulation D,690.856,2.51737
Formulation D,691.628,2.52091
Formulation D,692.401,2.52478
Formulation D,693.173,2.52895
Formulation D,693.946,2.53337
Formulation D,694.718,2.53798
Formulation D,695.491,2.54273
Formulation D,696.263,2.54756
Formulation D,697.035,2.55243
Formulation D,697.808,2.55726
Formulation D,698.58,2.56202
Formulation D,699.353,2.56663
Formulation D,700.125,2.57104
Formulation D,700.898,2.57521
Formulation D,701.67,2.57909
Formulation D,702.443,2.58262
Formulation D,703.215,2.58578
Formulation D,703.987,2.58852
Formulation D,704.76,2.5908
Formulation D,705.532,2.59261
Formulation D,706.305,2.59392
Formulation D,707.077,2.59472
Formulation D,707.85,2.595
Formulation D,708.622,2.59475
Formulation D,709.395,2.59398
Formulation D,710.167,2.59269
Formulation D,710.939,2.59091
Formulation D,711.712,2.58865
Formulation D,712.484,2.58593
Formulation D,713.257,2.5828
Formulation D,714.029,2.57928
Formulation D,714.802,2.57542
Formulation D,715.574,2.57127
Formulation D,716.347,2.56686
Formulation D,717.119,2.56226
Formulation D,717.891,2.55751
Formulation D,718.664,2.55268
Formulation D,719.436,2.54782
Formulation D,720.209,2.54298
Formulation D,720.981,2.53823
Formulation D,721.754,2.53361
Formulation D,722.526,2.52918
Formulation D,723.299,2.525
Formulation D,724.071,2.52111
Formulation D,724.843,2.51756
Formulation D,725.616,2.51439
Formulation D,726.388,2.51164
Formulation D,727.161,2.50933
Formulation D,727.933,2.50751
Formulation D,728.706,2.50619
Formulation D,729.478,2.50538
Formulation D,730.251,2.5051
Formulation D,731.023,2.50535
Formulation D,731.795,2.50614
Formulation D,732.568,2.50745
Formulation D,733.34,2.50928
Formulation D,734.113,2.5116
Formulation D,734.885,2.51439
Formulation D,735.658,2.51764
Formulation D,736.43,2.5213
Formulation D,737.203,2.52535
Formulation D,737.975,2.52975
Formulation D,738.747,2.53446
Formulation D,739.52,2.53944
Formulation D,740.292,2.54465
Formulation D,741.065,2.55006
Formulation D,741.837,2.55564
Formulation D,742.61,2.56133
Formulation D,743.382,2.56712
Formulation D,744.154,2.57298
Formulation D,744.927,2.57889
Formulation D,745.699,2.58484
Formulation D,746.472,2.59082
Formulation D,747.244,2.59682
Formulation D,748.017,2.60287
Formulation D,748.789,2.60897
Formulation D,749.562,2.61516
Formulation D,750.334,2.62147
Formulation D,751.106,2.62795
Formulation D,751.879,2.63466
Formulation D,752.651,2.64166
Formulation D,753.424,2.64901
Formulation D,754.196,2.6568
Formulation D,754.969,2.66512
Formulation D,755.741,2.67404
Formulation D,756.514,2.68366
Formulation D,757.286,2.69407
Formulation D,758.058,2.70535
Formulation D,758.831,2.71759
Formulation D,759.603,2.73086
Formulation D,760.376,2.74523
Formulation D,761.148,2.76075
Formulation D,761.921,2.77746
Formulation D,762.693,2.79537
Formulation D,763.466,2.8145
Formulation D,764.238,2.83481
Formulation D,765.01,2.85627
Formulation D,765.783,2.87882
Formulation D,766.555,2.90234
Formulation D,767.328,2.92674
Formulation D,768.1,2.95187
Formulation D,768.873,2.97755
Formulation D,769.645,3.00361
Formulation D,770.418,3.02983
Formulation D,771.19,3.05599
Formulation D,771.962,3.08185
Formulation D,772.735,3.10715
Formulation D,773.507,3.13164
Formulation D,774.28,3.15506
Formulation D,775.052,3.17716
Formulation D,775.825,3.19769
Formulation D,776.597,3.2164
Formulation D,777.37,3.23308
Formulation D,778.142,3.24754
Formulation D,778.914,3.25959
Formulation D,779.687,3.2691
Formulation D,780.459,3.27594
Formulation D,781.232,3.28003
Formulation D,782.004,3.28133
Formulation D,782.777,3.27982
Formulation D,783.549,3.27552
Formulation D,784.322,3.26849
Formulation D,785.094,3.25882
Formulation D,785.866,3.24662
Formulation D,786.639,3.23204
Formulation D,787.411,3.21525
Formulation D,788.184,3.19644
Formulation D,788.956,3.17582
Formulation D,789.729,3.1536
Formulation D,790.501,3.13001
Formulation D,791.273,3.10528
Formulation D,792.046,3.07963
Formulation D,792.818,3.05331
Formulation D,793.591,3.02652
Formulation D,794.363,2.99948
Formulation D,795.136,2.97238
Formulation D,795.908,2.9454
Formulation D,796.681,2.91872
Formulation D,797.453,2.89248
Formulation D,798.225,2.8668
Formulation D,798.998,2.84182
Formulation D,799.77,2.81762
Formulation D,800.543,2.79428
Formulation D,801.315,2.77186
Formulation D,802.088,2.75043
Formulation D,802.86,2.73001
Formulation D,803.633,2.71063
Formulation D,804.405,2.69232
Formulation D,805.177,2.67507
Formulation D,805.95,2.65889
Formulation D,806.722,2.64379
Formulation D,807.495,2.62975
Formulation D,808.267,2.61677
Formulation D,809.04,2.60484
Formulation D,809.812,2.59396
Formulation D,810.585,2.58411
Formulation D,811.357,2.5753
Formulation D,812.129,2.56752
Formulation D,812.902,2.56076
Formulation D,813.674,2.55503
Formulation D,814.447,2.55033
Formulation D,815.219,2.54666
Formulation D,815.992,2.54402
Formulation D,816.764,2.54242
Formulation D,817.537,2.54186
Formulation D,818.309,2.54235
Formulation D,819.081,2.54388
Formulation D,819.854,2.54645
Formulation D,820.626,2.55007
Formulation D,821.399,2.55472
Formulation D,822.171,2.5604
Formulation D,822.944,2.56709
Formulation D,823.716,2.57477
Formulation D,824.489,2.58343
Formulation D,825.261,2.59303
Formulation D,826.033,2.60355
Formulation D,826.806,2.61494
Formulation D,827.578,2.62716
Formulation D,828.351,2.64016
Formulation D,829.123,2.65389
Formulation D,829.896,2.66829
Formulation D,830.668,2.6833
Formulation D,831.441,2.69884
Formulation D,832.213,2.71485
Formulation D,832.985,2.73124
Formulation D,833.758,2.74794
Formulation D,834.53,2.76486
Formulation D,835.303,2.78191
Formulation D,836.075,2.79902
Formulation D,836.848,2.81608
Formulation D,837.62,2.83301
Formulation D,838.392,2.84972
Formulation D,839.165,2.86612
Formulation D,839.937,2.88211
Formulation D,840.71,2.89762
Formulation D,841.482,2.91256
Formulation D,842.255,2.92685
Formulation D,843.027,2.94041
Formulation D,843.8,2.95318
Formulation D,844.572,2.96507
Formulation D,845.344,2.97603
Formulation D,846.117,2.98602
Formulation D,846.889,2.99497
Formulation D,847.662,3.00284
Formulation D,848.434,3.00961
Formulation D,849.207,3.01525
Formulation D,849.979,3.01975
Formulation D,850.752,3.02308
Formulation D,851.524,3.02525
Formulation D,852.296,3.02628
Formulation D,853.069,3.02617
Formulation D,853.841,3.02495
Formulation D,854.614,3.02264
Formulation D,855.386,3.0193
Formulation D,856.159,3.01497
Formulation D,856.931,3.00969
Formulation D,857.704,3.00352
Formulation D,858.476,2.99654
Formulation D,859.248,2.9888
Formulation D,860.021,2.98037
Formulation D,860.793,2.97134
Formulation D,861.566,2.96177
Formulation D,862.338,2.95175
Formulation D,863.111,2.94135
Formulation D,863.883,2.93064
Formulation D,864.656,2.9197
Formulation D,865.428,2.9086
Formulation D,866.2,2.89742
Formulation D,866.973,2.88621
Formulation D,867.745,2.87503
Formulation D,868.518,2.86395
Formulation D,869.29,2.85301
Formulation D,870.063,2.84226
Formulation D,870.835,2.83173
Formulation D,871.608,2.82145
Formulation D,872.38,2.81145
Formulation D,873.152,2.80175
Formulation D,873.925,2.79237
Formulation D,874.697,2.78329
Formulation D,875.47,2.77453
Formulation D,876.242,2.76608
Formulation D,877.015,2.75792
Formulation D,877.787,2.75004
Formulation D,878.559,2.74242
Formulation D,879.332,2.73504
Formulation D,880.104,2.72787
Formulation D,880.877,2.72088
Formulation D,881.649,2.71404
Formulation D,882.422,2.70732
Formulation D,883.194,2.70069
Formulation D,883.967,2.69412
Formulation D,884.739,2.68758
Formulation D,885.511,2.68105
Formulation D,886.284,2.6745
Formulation D,887.056,2.66792
Formulation D,887.829,2.66128
Formulation D,888.601,2.65457
Formulation D,889.374,2.64778
Formulation D,890.146,2.64092
Formulation D,890.919,2.63398
Formulation D,891.691,2.62696
Formulation D,892.463,2.61988
Formulation D,893.236,2.61275
Formulation D,894.008,2.60559
Formulation D,894.781,2.59842
Formulation D,895.553,2.59128
Formulation D,896.326,2.58418
Formulation D,897.098,2.57717
Formulation D,897.871,2.57028
Formulation D,898.643,2.56355
Formulation D,899.415,2.55702
Formulation D,900.188,2.55073
Formulation D,900.96,2.54472
Formulation D,901.733,2.53902
Formulation D,902.505,2.53369
Formulation D,903.278,2.52875
Formulation D,904.05,2.52424
Formulation D,904.823,2.52019
Formulation D,905.595,2.51663
Formulation D,906.367,2.51359
Formulation D,907.14,2.51109
Formulation D,907.912,2.50915
Formulation D,908.685,2.50777
Formulation D,909.457,2.50696
Formulation D,910.23,2.50673
Formulation D,911.002,2.50707
Formulation D,911.775,2.50798
Formulation D,912.547,2.50943
Formulation D,913.319,2.51141
Formulation D,914.092,2.51391
Formulation D,914.864,2.51688
Formulation D,915.637,2.52031
Formulation D,916.409,2.52416
Formulation D,917.182,2.52838
Formulation D,917.954,2.53296
Formulation D,918.727,2.53783
Formulation D,919.499,2.54298
Formulation D,920.271,2.54835
Formulation D,921.044,2.55391
Formulation D,921.816,2.55963
Formulation D,922.589,2.56547
Formulation D,923.361,2.57141
Formulation D,924.134,2.57741
Formulation D,924.906,2.58347
Formulation D,925.678,2.58956
Formulation D,926.451,2.59568
Formulation D,927.223,2.60183
Formulation D,927.996,2.608
Formulation D,928.768,2.61421
Formulation D,929.541,2.62047
Formulation D,930.313,2.6268
Formulation D,931.086,2.63322
Formulation D,931.858,2.63977
Formulation D,932.63,2.64647
Formulation D,933.403,2.65334
Formulation D,934.175,2.66042
Formulation D,934.948,2.66774
Formulation D,935.72,2.67532
Formulation D,936.493,2.68317
Formulation D,937.265,2.69131
Formulation D,938.038,2.69974
Formulation D,938.81,2.70845
Formulation D,939.582,2.71743
Formulation D,940.355,2.72664
Formulation D,941.127,2.73605
Formulation D,941.9,2.74559
Formulation D,942.672,2.75521
Formulation D,943.445,2.76483
Formulation D,944.217,2.77436
Formulation D,944.99,2.78371
Formulation D,945.762,2.79278
Formulation D,946.534,2.80145
Formulation D,947.307,2.80962
Formulation D,948.079,2.81718
Formulation D,948.852,2.82403
Formulation D,949.624,2.83006
Formulation D,950.397,2.83519
Formulation D,951.169,2.83934
Formulation D,951.942,2.84243
Formulation D,952.714,2.84443
Formulation D,953.486,2.84529
Formulation D,954.259,2.845
Formulation D,955.031,2.84355
Formulation D,955.804,2.84099
Formulation D,956.576,2.83733
Formulation D,957.349,2.83264
Formulation D,958.121,2.82699
Formulation D,958.894,2.82047
Formulation D,959.666,2.81317
Formulation D,960.438,2.80519
Formulation D,961.211,2.79665
Formulation D,961.983,2.78766
Formulation D,962.756,2.77834
Formulation D,963.528,2.7688
Formulation D,964.301,2.75914
Formulation D,965.073,2.74947
Formulation D,965.846,2.73987
Formulation D,966.618,2.73043
Formulation D,967.39,2.72121
Formulation D,968.163,2.71227
Formulation D,968.935,2.70364
Formulation D,969.708,2.69537
Formulation D,970.48,2.68745
Formulation D,971.253,2.6799
Formulation D,972.025,2.67271
Formulation D,972.797,2.66586
Formulation D,973.57,2.65932
Formulation D,974.342,2.65307
Formulation D,975.115,2.64706
Formulation D,975.887,2.64126
Formulation D,976.66,2.63563
Formulation D,977.432,2.63013
Formulation D,978.205,2.62472
Formulation D,978.977,2.61935
Formulation D,979.749,2.61401
Formulation D,980.522,2.60866
Formulation D,981.294,2.60328
Formulation D,982.067,2.59787
Formulation D,982.839,2.5924
Formulation D,983.612,2.58688
Formulation D,984.384,2.58132
Formulation D,985.157,2.57572
Formulation D,985.929,2.57011
Formulation D,986.701,2.56451
Formulation D,987.474,2.55894
Formulation D,988.246,2.55344
Formulation D,989.019,2.54805
Formulation D,989.791,2.54281
Formulation D,990.564,2.53775
Formulation D,991.336,2.53291
Formulation D,992.109,2.52834
Formulation D,992.881,2.52409
Formulation D,993.653,2.52018
Formulation D,994.426,2.51665
Formulation D,995.198,2.51354
Formulation D,995.971,2.51089
Formulation D,996.743,2.5087
Formulation D,997.516,2.50702
Formulation D,998.288,2.50585
Formulation D,999.061,2.5052
Formulation D,999.833,2.50508
Formulation D,1000.605,2.5055
Formulation D,1001.378,2.50644
Formulation D,1002.15,2.50789
Formulation D,1002.923,2.50983
Formulation D,1003.695,2.51225
Formulation D,1004.468,2.5151
Formulation D,1005.24,2.51837
Formulation D,1006.013,2.52201
Formulation D,1006.785,2.52597
Formulation D,1007.557,2.53022
Formulation D,1008.33,2.53469
Formulation D,1009.102,2.53935
Formulation D,1009.875,2.54413
Formulation D,1010.647,2.54898
Formulation D,1011.42,2.55384
Formulation D,1012.192,2.55866
Formulation D,1012.965,2.56337
Formulation D,1013.737,2.56793
Formulation D,1014.509,2.57228
Formulation D,1015.282,2.57637
Formulation D,1016.054,2.58015
Formulation D,1016.827,2.58358
Formulation D,1017.599,2.58662
Formulation D,1018.372,2.58923
Formulation D,1019.144,2.59138
Formulation D,1019.916,2.59305
Formulation D,1020.689,2.59421
Formulation D,1021.461,2.59486
Formulation D,1022.234,2.59498
Formulation D,1023.006,2.59458
Formulation D,1023.779,2.59366
Formulation D,1024.551,2.59222
Formulation D,1025.324,2.5903
Formulation D,1026.096,2.5879
Formulation D,1026.868,2.58506
Formulation D,1027.641,2.58181
Formulation D,1028.413,2.57819
Formulation D,1029.186,2.57424
Formulation D,1029.958,2.57001
Formulation D,1030.731,2.56554
Formulation D,1031.503,2.56089
Formulation D,1032.276,2.55611
Formulation D,1033.048,2.55127
Formulation D,1033.82,2.5464
Formulation D,1034.593,2.54158
Formulation D,1035.365,2.53686
Formulation D,1036.138,2.53229
Formulation D,1036.91,2.52793
Formulation D,1037.683,2.52383
Formulation D,1038.455,2.52003
Formulation D,1039.228,2.51658
Formulation D,1040.0,2.51352
