binding_energy_eV,intensity_counts,background_counts,component_1,component_2,component_3
280.0,91.51198513564289,110.0,6.499347972072279e-17,8.872249300637174e-20,3.464359909831619e-33
280.0280561122245,105.9939875234632,110.08416833667343,1.0996559804466908e-16,1.374045267433382e-19,5.712460037660678e-33
280.0561122244489,106.4036505954063,110.16833667334669,1.8547119909487691e-16,2.1238984251966655e-19,9.404705500215266e-33
280.0841683366734,114.11071287476413,110.25250501002012,3.118377637343331e-16,3.276663499409861e-19,1.5459273518808355e-32
280.1122244488978,107.94853325824073,110.33667334669337,5.226530911254072e-16,5.045396968080545e-19,2.5372006659259706e-32
280.14028056112227,106.47608036165394,110.4208416833668,8.732345843301071e-16,7.753972181839212e-19,4.1575971606040905e-32
280.1683366733467,90.73203427871437,110.50501002004006,1.4543901351041262e-15,1.1893742546275523e-18,6.802238462148792e-32
280.19639278557116,116.58204278600167,110.58917835671349,2.4147017733477127e-15,1.820867005511362e-18,1.111176768770694e-31
280.2244488977956,109.18313218165916,110.67334669338675,3.996489444948665e-15,2.7822959119442133e-18,1.8123259477466346e-31
280.25250501002006,132.80584327913706,110.75751503006018,6.5936581590871636e-15,4.243202975647478e-18,2.951286143337795e-31
280.2805611222445,103.62950119645564,110.84168336673343,1.0844431099021484e-14,6.4587681414874566e-18,4.798529665407798e-31
280.30861723446895,120.37860673379171,110.92585170340686,1.777950673632149e-14,9.81230366508327e-18,7.789810704317707e-31
280.3366733466934,133.8971145960793,111.01002004008012,2.9057967290353835e-14,1.4878449106945868e-17,1.2626049261817488e-30
280.36472945891785,104.01670458741718,111.09418837675355,4.7341644670242463e-14,2.251695944843262e-17,2.043289529649657e-30
280.39278557114227,113.74080813997284,111.17835671342681,7.688719914272908e-14,3.401161275843171e-17,3.301521992947395e-30
280.42084168336675,114.31312383609166,111.26252505010024,1.244793546774166e-13,5.127552361046081e-17,5.326235129517002e-30
280.44889779559117,106.4863811781617,111.3466933867735,2.008968855543751e-13,7.715398820410047e-17,8.5792303699166e-30
280.47695390781564,119.08950094584972,111.43086172344692,3.2320767732545316e-13,1.1587027956620373e-16,1.3797429372028586e-29
280.50501002004006,119.04453239869234,111.51503006012018,5.183495439534391e-13,1.7368052669362424e-16,2.2154904612199928e-29
280.53306613226454,136.7013795409567,111.59919839679361,8.286981353246426e-13,2.598337721564088e-16,3.55192219824738e-29
280.56112224448896,98.41687776093364,111.68336673346687,1.3206951737945952e-12,3.8797654139975344e-16,5.685633471832785e-29
280.58917835671343,118.305329932647,111.7675350701403,2.0981735518711667e-12,5.782035240920777e-16,9.086907955002534e-29
280.61723446893785,125.4457337188799,111.85170340681356,3.3228658940027148e-12,8.600454440182126e-16,1.4500242108126845e-28
280.6452905811623,114.80141307762283,111.93587174348698,5.245861355530664e-12,1.2768134913676404e-15,2.310235394616586e-28
280.67334669338675,111.16987781130058,112.02004008016024,8.255690264242812e-12,1.8919032555231584e-15,3.675014592719919e-28
280.7014028056112,131.0834651403822,112.10420841683367,1.2951574308274852e-11,2.7979231666550134e-15,5.836920221949011e-28
280.72945891783564,104.8806725325254,112.18837675350693,2.0254630308028313e-11,4.129885794322717e-15,9.256148253902255e-28
280.7575150300601,111.38391308032675,112.27254509018036,3.1576113046911294e-11,6.084231049279107e-15,1.4655434590584973e-27
280.7855711422846,116.21915430716412,112.35671342685379,4.907107859885586e-11,8.946203074358417e-15,2.3168021946487514e-27
280.813627254509,106.0433043147805,112.44088176352705,7.601952088998201e-11,1.3129167968130546e-14,3.656798796046818e-27
280.8416833667335,113.29887728521982,112.52505010020047,1.173970653225317e-10,1.9230964003584562e-14,5.762819666928577e-27
280.8697394789579,95.26200823886381,112.60921843687373,1.8072654302168478e-10,2.8114496071356913e-14,9.067568579806352e-27
280.8977955911824,119.39103520318915,112.69338677354716,2.773442909602832e-10,4.102276699634848e-14,1.4245199085787266e-26
280.9258517034068,114.15302167747151,112.77755511022042,4.2427662737730815e-10,5.97427205046886e-14,2.2344366816798687e-26
280.9539078156313,96.60167452046939,112.86172344689385,6.470108650542934e-10,8.683812511807213e-14,3.4993665529455416e-26
280.9819639278557,115.69453153395457,112.9458917835671,9.835730664857819e-10,1.259799058427967e-13,5.471831000891924e-26
281.0100200400802,120.13109901207064,113.03006012024053,1.4905078587906978e-09,1.8241372784338083e-13,8.542751427259333e-26
281.0380761523046,107.90316055400582,113.11422845691379,2.2516169066082115e-09,2.63620485945457e-13,1.33163351983758e-25
281.0661322645291,108.59683743962418,113.19839679358722,3.390684024360254e-09,3.8024734633981475e-13,2.0724951487222227e-25
281.0941883767535,120.53929743348591,113.28256513026048,5.089940756241947e-09,5.474174353805017e-13,3.220506511189551e-25
281.12224448897797,105.09026430548236,113.36673346693391,7.616767922998543e-09,7.865683325575116e-13,4.996624296284836e-25
281.1503006012024,130.8714119047743,113.45090180360717,1.1362170637450833e-08,1.128027500867482e-12,7.7401800676710725e-25
281.17835671342687,132.85211925834906,113.5350701402806,1.6896022516868052e-08,1.6146125206782686e-12,1.1971464665193008e-24
281.2064128256513,112.08452294520208,113.61923847695385,2.504610750365329e-08,2.3066534022180852e-12,1.8486954261482735e-24
281.23446893787576,104.57388009024454,113.70340681362728,3.701080995179187e-08,3.2889840461692913e-12,2.8503966597726157e-24
281.2625250501002,128.5282167785104,113.78757515030054,5.451920656110257e-08,4.6806545479448585e-12,4.388004750256279e-24
281.29058116232466,115.23165864265535,113.87174348697397,8.005768957966036e-08,6.648394941350666e-12,6.744515120316563e-24
281.3186372745491,115.90520622124166,113.95591182364723,1.1718962552234221e-07,9.42524025317109e-12,1.0350378488215007e-23
281.34669338677355,116.3012160255143,114.04008016032066,1.7100462985511377e-07,1.3336241351289235e-11,1.5859284305493165e-23
281.37474949899797,119.71166015246723,114.12424849699391,2.487477490867359e-07,1.883388272280268e-11,2.4262346072854493e-23
281.40280561122245,110.04627210528506,114.20841683366734,3.60697422175351e-07,2.6546769270871805e-11,3.70598670106056e-23
281.43086172344687,140.82544414058907,114.2925851703406,5.213861684736867e-07,3.7346412241721144e-11,5.651930006049356e-23
281.45891783567134,106.05359969650122,114.37675350701403,7.512916491177042e-07,5.243864927383731e-11,8.606202253529951e-23
281.4869739478958,112.78771584341197,114.46092184368746,1.079170849080867e-06,7.348852055225605e-11,1.3084230202199721e-22
281.51503006012024,111.2860798493307,114.54509018036072,1.5452702297943227e-06,1.0279048386471894e-10,1.986125373196505e-22
281.5430861723447,130.24285564595218,114.62925851703415,2.2057244561163634e-06,1.4349993838343787e-10,3.01014209978782e-22
281.57114228456913,118.29550338515048,114.7134268537074,3.138561676363572e-06,1.9994747169446203e-10,4.555008491621424e-22
281.5991983967936,116.78550274666144,114.79759519038083,4.4518719562605245e-06,2.780644811707884e-10,6.881977351207671e-22
281.62725450901803,116.2128197028985,114.88176352705409,6.294877026803587e-06,3.8595841658240856e-10,1.0381476902284673e-21
281.6553106212425,123.0145468507032,114.96593186372752,8.872876247853965e-06,5.34688585353826e-10,1.5636044581280447e-21
281.6833667334669,110.91618649991692,115.05010020040078,1.2467351001802774e-05,7.393102164523802e-10,2.3513458526953736e-21
281.7114228456914,98.19950000725106,115.1342685370742,1.7462906843495716e-05,1.020276540188571e-09,3.530433056074658e-21
281.7394789579158,115.90239302158334,115.21843687374746,2.438324352729589e-05,1.4053176215676756e-09,5.292505325257449e-21
281.7675350701403,111.5322058271352,115.3026052104209,3.393899700047014e-05,1.9319526643908447e-09,7.921665162845395e-21
281.7955911823647,107.69095684099014,115.38677354709415,4.709113077519434e-05,2.6508421583728845e-09,1.1838413744880881e-20
281.8236472945892,114.32752232916901,115.47094188376758,6.513461088134261e-05,3.630251006969483e-09,1.7664136086282835e-20
281.8517034068136,116.78500152302902,115.55511022044084,8.980843226780992e-05,4.9619780454247785e-09,2.6315592008303405e-20
281.8797595190381,112.91498276407025,115.63927855711427,0.0001234397392924143,6.769216749008772e-09,3.914314730420619e-20
281.9078156312625,119.28519547023326,115.72344689378752,0.000169131875478866,9.216953584965475e-09,5.813265988271921e-20
281.935871743487,113.93444724816138,115.80761523046095,0.00023100879884608533,1.2525693450635066e-08,8.619984844122182e-20
281.9639278557114,122.97572894545043,115.89178356713421,0.0003145315155174472,1.6989537451179395e-08,1.276188023712055e-19
281.9919839679359,109.50339965493326,115.97595190380764,0.0004269061402962817,2.299994141037724e-08,1.8864473213402434e-19
282.0200400801603,116.10534072674488,116.0601202404809,0.0005776080318573303,3.10768722437303e-08,2.784175160332728e-19
282.0480961923848,113.35891114944633,116.14428857715433,0.000779052336058875,4.1909576597391744e-08,4.1027049163239594e-19
282.0761523046092,122.02031519414412,116.22845691382759,0.0010474483887833793,5.640981069605389e-08,6.036231176449147e-19
282.10420841683367,116.06086947924148,116.31262525050101,0.0014038839864979988,7.57811880262955e-08,8.867134607611771e-19
282.1322645290581,112.80714216485123,116.39679358717427,0.001875695756071672,1.0160932697635446e-07,1.3005366442930305e-18
282.16032064128257,115.70991461691791,116.4809619238477,0.0024981939923956567,1.3597877932750653e-07,1.9045121194026835e-18
282.188376753507,113.81958516730715,116.56513026052096,0.003316824645961372,1.816243612004299e-07,2.7846251595203684e-18
282.21643286573146,137.26243068547296,116.64929859719439,0.004389867907061351,2.4212657546111047e-07,4.065103428028705e-18
282.24448897795594,120.90124397079447,116.73346693386782,0.005791792326473353,3.22163412967202e-07,5.925135844419742e-18
282.27254509018036,112.3907610994782,116.81763527054107,0.007617405906720226,4.2783407736236187e-07,8.62277152199226e-18
282.30060120240483,105.89774491101532,116.9018036072145,0.00998697134635074,5.670742509038844e-07,1.2529025716021069e-17
282.32865731462925,106.93394199829848,116.98597194388776,0.013052481840580115,7.501875978901915e-07,1.8176471402053757e-17
282.35671342685373,119.27996431460012,117.07014028056119,0.017005326698607624,9.90524519634791e-07,2.6328354038482398e-17
282.38476953907815,122.2818190449566,117.15430861723445,0.022085612614485467,1.3053470116524557e-06,3.807673452613003e-17
282.4128256513026,120.20725952581107,117.23847695390788,0.02859344670227145,1.7169281693104817e-06,5.498162074227408e-17
282.44088176352705,103.4469361272789,117.32264529058114,0.036902531212369694,2.253946851192323e-06,7.92678783942501e-17
282.4689378757515,118.56468452921337,117.40681362725456,0.04747646684604498,2.953252730175235e-06,1.141034526935115e-16
282.49699398797594,117.17136184661837,117.49098196392782,0.06088821121907171,3.8620950267123185e-06,1.639918226074748e-16
282.5250501002004,122.10116295791624,117.57515030060125,0.07784319047868861,5.040930325578669e-06,2.3532466774571035e-16
282.55310621242484,118.50231678572254,117.65931863727451,0.0992066142233495,6.566951855210277e-06,3.371588552886724e-16
282.5811623246493,122.29465144679963,117.74348697394794,0.1260355952441934,8.538515438802905e-06,4.823069744196344e-16
282.60921843687373,114.0339552106812,117.8276553106212,0.1596167243277847,1.1080677163887991e-05,6.888653948036627e-16
282.6372745490982,121.34324853985575,117.91182364729463,0.20150979414181885,1.4352106019655792e-05,9.823518103441042e-16
282.6653306613226,125.58143110770607,117.99599198396788,0.2535984022980665,1.8553692904898643e-05,1.3986903743794672e-15
282.6933867735471,113.17765528589958,118.08016032064131,0.31814818881988904,2.3939247363222847e-05,1.9883735500009866e-15
282.7214428857715,126.3628041472686,118.16432865731457,0.3978734736883299,3.0828757298503295e-05,2.8222548210113993e-15
282.749498997996,112.84435621146585,118.248496993988,0.4960130517184173,3.962478723970268e-05,3.999597836036728e-15
282.7775551102204,108.46481663577497,118.33266533066126,0.616415870062827,5.083271030451457e-05,5.65924219871786e-15
282.8056112224449,131.47182030099367,118.41683366733469,0.7636372531799881,6.508561111607977e-05,7.995066711860583e-15
282.8336673346693,109.51465202117002,118.50100200400794,0.9430462458258563,8.317486526312894e-05,1.1277368142231867e-14
282.8617234468938,105.32277873554435,118.58517034068137,1.1609445111759207,0.00010608759967018694,1.588236888990531e-14
282.8897795591182,116.46066516097373,118.66933867735463,1.424697043136021,0.0001350524721948527,2.2332876012103904e-14
282.9178356713427,108.82066191559208,118.75350701402806,1.7428747242284388,0.00017159548321336144,3.1354211654146976e-14
282.94589178356716,114.77800909940756,118.83767535070149,2.1254084784742386,0.00021760785280484622,4.395102131895224e-14
282.9739478957916,127.66840327335461,118.92184368737475,2.583754428767711,0.00027542837096445315,6.151257567064339e-14
283.00200400801606,119.12704992016988,119.00601202404818,3.131069067650103,0.00034794306226585954,8.595689279167971e-14
283.0300601202405,127.42995240393522,119.09018036072143,3.7823929880803995,0.0004387055084297607,1.1992765967043425e-13
283.05811623246495,121.29273340550185,119.17434869739486,4.554841197613275,0.000552081750868268,1.6706284169229798e-13
283.0861723446894,115.69982154978135,119.25851703406812,5.467797458257794,0.0006934243595972923,2.323604586006335e-13
283.11422845691385,122.92982085359016,119.34268537074155,6.543109461189708,0.0008692810147002885,3.2267583346542097e-13
283.14228456913827,138.271202982754,119.4268537074148,7.80528096886421,0.0010876438119685426,4.47396426581918e-13
283.17034068136275,123.34224620503225,119.51102204408824,9.281656349367607,0.001358246486101403,6.193561244818604e-13
283.19839679358716,123.86778452624341,119.5951903807615,11.002592204202276,0.001692917853699432,8.560718507456129e-13
283.22645290581164,118.41887039308675,119.67935871743492,13.001610070900501,0.0021060010251914567,1.1814132905285043e-12
283.25450901803606,139.41890462181306,119.76352705410818,15.315523488194389,0.0026148493303665447,1.6278535933802812e-12
283.28256513026054,136.07623843376948,119.84769539078161,17.984532071061594,0.0032404114566210933,2.239498045768838e-12
283.31062124248496,128.11419216363987,119.93186372745487,21.052274684552813,0.004007920021485899,3.0761526859432096e-12
283.33867735470943,155.39677393239393,120.0160320641283,24.56583336210281,0.004947699699620557,4.2187806286989416e-12
283.36673346693385,131.58406921801543,120.10020040080155,28.57567931905991,0.0060961131051208185,5.77680693465613e-12
283.3947895791583,160.15886805037584,120.18436873747498,33.13555230191801,0.007496664896684845,7.897881593160515e-12
283.42284569138275,160.69822537079745,120.26853707414824,38.30226462171814,0.009201287026161633,1.0780905479924669e-11
283.4509018036072,167.82007307100795,120.35270541082167,44.13542158159118,0.011271830687498801,1.4693380100392558e-11
283.47895791583164,159.871055147008,120.43687374749493,50.697050652056326,0.013781793334670533,1.999447675537931e-11
283.5070140280561,190.7698415589234,120.52104208416836,58.05113270172127,0.016818312111043524,2.71656579616616e-11
283.53507014028054,187.18212796981277,120.60521042084162,66.2630298726023,0.020484458148020582,3.68512537612461e-11
283.563126252505,202.67023226972563,120.68937875751504,75.39880631296877,0.024901869421181617,4.991213679546648e-11
283.59118236472943,191.92544375363858,120.7735470941883,85.52443994517708,0.03021376316015348,6.7496602479258e-11
283.6192384769539,207.6414143074871,120.85771543086173,96.70492574583753,0.036588372149746286,9.113380796678684e-11
283.64729458917833,253.6825734351192,120.94188376753499,109.00327362507701,0.04422285257610042,1.2285673713677225e-10
283.6753507014028,250.4586425706275,121.02605210420842,122.47940687994883,0.0533477142964617,1.6536374211358034e-10
283.7034068136273,271.24681654846086,121.11022044088185,137.1889703099219,0.06423182746099414,2.2223039653806536e-10
283.7314629258517,279.6133134525215,121.1943887775551,153.18206036163645,0.07718806219785283,2.981868489768372e-10
283.7595190380762,287.09665628557644,121.27855711422853,170.50189303386685,0.09257962047687056,3.994802980169e-10
283.7875751503006,320.7296560652251,121.36272545090179,189.18342863464773,0.11082712117006716,5.343478909889557e-10
283.8156312625251,334.4663978962321,121.44689378757522,209.25197574083876,0.1324165005912776,7.136326128751731e-10
283.8436873747495,358.4363364747224,121.53106212424848,230.7217997519368,0.15790779126468577,9.515840047329078e-10
283.87174348697397,360.9349056544814,121.61523046092191,253.59476414705134,0.18794484118193633,1.2668973642732443e-09
283.8997995991984,406.8091613024562,121.69939879759517,277.85903482032785,0.2232660341699522,1.6840601019413713e-09
283.92785571142286,438.5782962746888,121.7835671342686,303.48787958044846,0.2647160690245187,2.2350929878439937e-09
283.9559118236473,447.8941925988439,121.86773547094185,330.4385959343593,0.3132588505534354,2.9617981682136395e-09
283.98396793587176,492.9256603490194,121.95190380761528,358.6516005474228,0.3699915394235469,3.918656349763255e-09
284.0120240480962,506.76577356050234,122.03607214428854,388.04971318695135,0.43615979948891204,5.17655405434287e-09
284.04008016032066,534.4027756542998,122.12024048096197,418.5376664638656,0.5131742709024423,6.8275703282932615e-09
284.0681362725451,570.604526520447,122.20440881763523,450.0018702359884,0.6026282845520154,8.991113215362417e-09
284.09619238476955,611.2263769201402,122.28857715430865,482.31045612976516,0.7063168180498808,1.1821772710896978e-08
284.12424849699397,629.8399580838333,122.37274549098191,515.3136232798458,0.8262566754346156,1.5519352551954188e-08
284.15230460921845,684.843728843253,122.45691382765534,548.8443011455686,0.9647078518081872,2.034166266308929e-08
284.18036072144287,703.6153829316643,122.5410821643286,582.7191392090767,1.124196020168795,2.6620803006378615e-08
284.20841683366734,742.5052231105268,122.62525050100203,616.7398266257711,1.307536050693048,3.478385487010187e-08
284.23647294589176,775.6875633859172,122.70941883767529,650.6947376156231,1.5178564425896588,4.537912567904968e-08
284.26452905811624,807.9763820917213,122.79358717434872,684.3608907467534,1.7586245155006857,5.910937845523404e-08
284.29258517034066,837.7374489796013,122.87775551102197,717.5062024524574,2.0336721712975323,7.687382952137847e-08
284.32064128256513,877.4976366563243,122.9619238476954,749.8920073737937,2.347221998288533,9.982113297345454e-08
284.34869739478955,911.163995502333,123.04609218436866,781.2758106421705,2.7039134484969223,1.2941610603156935e-07
284.37675350701403,936.0717086561988,123.13026052104209,811.4142302586603,3.1088287752752066,1.6752360753698658e-07
284.40480961923845,967.1438700954781,123.21442885771535,840.0660814985819,3.567518373434815,2.1651378894582285e-07
284.4328657314629,982.0787526061829,123.29859719438878,866.9955500020768,4.086025118027253,2.7939392480349133e-07
284.4609218436874,1010.1078782889664,123.3827655310622,891.9753960807543,4.670907251435421,3.5997323568028175e-07
284.4889779559118,1062.0070251470038,123.46693386773546,914.7901299569762,5.3292593225163225,4.630685860669003e-07
284.5170340681363,1048.7244701433203,123.55110220440889,935.2390962722275,6.068730636930087,5.947607264882298e-07
284.5450901803607,1084.5386037837238,123.63527054108215,953.1394063502183,6.89754063561011,7.627129168943017e-07
284.5731462925852,1094.5728689101675,123.71943887775558,968.3286584196043,7.824490579749419,9.765663927795076e-07
284.6012024048096,1114.771361869284,123.80360721442884,980.6673892790714,8.858970886711147,1.2484303056269227e-06
284.6292585170341,1112.5479208141428,123.88777555110227,990.0412056762866,10.01096343352645,1.5934875902797652e-06
284.6573146292585,1136.6085789878061,123.97194388777552,996.3625498574079,11.291038124061625,2.0307428069851785e-06
284.685370741483,1141.0114177722714,124.05611222444895,999.5720611824325,12.710343004351154,2.5839435197024994e-06
284.7134268537074,1140.7641220272824,124.14028056112221,999.6395041932733,14.280587208871832,3.2827133733648315e-06
284.7414829659319,1132.6604528146872,124.22444889779564,996.56424284259,16.014016030602765,4.163942917677718e-06
284.7695390781563,1123.094927945213,124.3086172344689,990.3752504807962,17.92337743023818,5.27349362145888e-06
284.7975951903808,1109.1993863112646,124.39278557114233,981.1306553819345,20.02187933680434,6.668281693502285e-06
284.8256513026052,1110.3216076597857,124.47695390781558,968.9168317785675,22.323137143465495,8.418821577397327e-06
284.85370741482967,1103.2223059748283,124.56112224448901,953.8470562835721,24.84111087024668,1.0612324668910598e-05
284.8817635270541,1081.0299312019965,124.64529058116227,936.059758927728,27.590031549481644,1.3356467315794762e-05
284.90981963927857,1066.9124854044956,124.7294589178357,915.7164065739822,30.584316491482877,1.6783963959768536e-05
284.937875751503,1050.402686827466,124.81362725450896,892.9990639573605,33.838473206207944,2.105810688913325e-05
284.96593186372746,1031.848571418192,124.89779559118239,868.1076838416672,37.366991892614244,2.637946408000307e-05
284.9939879759519,1013.644689236316,124.98196392785565,841.2571826354599,41.18422655900796,3.2993961680594425e-05
285.02204408817636,983.9319418900398,125.06613226452907,812.6743611532625,45.30426500553553,4.120261858927987e-05
285.0501002004008,946.3414933612415,125.15030060120233,782.5947319962928,49.74078808102381,5.137324813290537e-05
285.07815631262525,928.746078636565,125.23446893787576,751.2593152392566,54.50691882060791,6.39544970093267e-05
285.1062124248497,901.3017643974,125.31863727454902,718.9114627993282,59.615062273827526,7.949265545782631e-05
285.13426853707415,849.4988164440681,125.40280561122245,685.7937691020544,65.07673704451733,9.865174622143732e-05
285.1623246492986,844.797962086245,125.48697394789588,652.1451215890614,70.90239977855198,0.00012223748453160958
285.19038076152304,819.4968543982591,125.57114228456913,618.1979393822606,77.10126405212968,0.00015122579847435082
285.2184368737475,794.7839412475632,125.65531062124256,584.1756422340442,83.68111532594895,0.00018679671019657503
285.24649298597194,769.4494203463705,125.73947895791582,550.2903849580839,90.648123836384,0.0002303745051222177
285.2745490981964,752.7364901554134,125.82364729458925,516.7410850767569,98.00665748948562,0.0002836752604338046
285.30260521042084,719.9166054432301,125.90781563126251,483.71176367891303,105.75909700107258,0.0003487629674064654
285.3306613226453,687.3192095859552,125.99198396793594,451.37021166923756,113.90565568456644,0.0004281156667645271
285.35871743486973,672.9569600256725,126.0761523046092,419.8669859420627,122.44420641958436,0.0005247032241346153
285.3867735470942,657.2738188944369,126.16032064128262,389.33473271093385,131.3701184379029,0.0006420786060927757
285.4148296593186,615.6296231524703,126.24448897795588,359.88782846482104,140.67610663110503,0.0007844847784475211
285.4428857715431,613.9087790127942,126.32865731462931,331.6223229354323,150.35209611627678,0.0009569796395701799
285.4709418837675,605.9248314835572,126.41282565130257,304.6161631831697,160.3851047847806,0.0011655817249924417
285.498997995992,575.0035849717864,126.496993987976,278.9296735124315,170.75914650607075,0.0014174397774095536
285.5270541082164,575.7830811827,126.58116232464926,254.60626247919743,181.4551575568169,0.0017210296707
285.5551102204409,538.2062256358371,126.66533066132268,231.6733257613445,192.45094869875075,0.0020863826096334205
285.5831663326653,533.1307590667749,126.74949899799594,210.14331212973786,203.72118513095825,0.0025253490002005584
285.6112224448898,525.0792632742877,126.83366733466937,190.01491913486115,215.23739629942392,0.003051902900481379
285.6392785571142,518.3831533464921,126.91783567134263,171.27438536090216,226.96801725433605,0.00368249251950029
285.6673346693387,525.3808410049472,127.00200400801606,153.8968471027095,238.87846291189652,0.004436442832237485
285.6953907815631,526.9748040733551,127.08617234468932,137.84772900483816,250.93123619970524,0.005336417022471413
285.7234468937876,512.4173222871,127.17034068136275,123.08414044654513,263.0860706534076,0.006408944150715435
285.751503006012,512.3558540665085,127.254509018036,109.55625215703336,275.3001075864834,0.00768502116999366
285.7795591182365,514.5150477065997,127.33867735470943,97.2086305748595,287.5281074871074,0.009200798174990862
285.8076152304609,516.7137424611225,127.42284569138269,85.98151071764478,299.72269480674703,0.010998356565573868
285.8356713426854,507.85761656115557,127.50701402805612,75.81199168527658,311.8346348085419,0.013126590628739875
285.8637274549098,510.32415781297163,127.59118236472938,66.63514228778304,323.8131406415447,0.015642203885872383
285.89178356713427,512.6229434923499,127.6753507014028,58.38500757089092,335.60620831462,0.01861083240655281
285.91983967935874,531.5622997031575,127.75951903807623,50.99551013631253,347.16097676390285,0.022108308144283256
285.94789579158316,538.7113040744564,127.84368737474949,44.401243050543165,358.4241097553068,0.02622207619121762
285.97595190380764,531.2164841151731,127.92785571142292,38.538153759900645,369.3421959424402,0.03105278066213868
286.00400801603206,544.496863735844,128.01202404809618,33.344120742158275,379.8621630222082,0.03671603468504207
286.03206412825654,551.2289778097718,128.0961923847696,28.75942660475583,389.931701603303,0.04334439067675979
286.06012024048096,564.1033855808546,128.18036072144287,24.72713297783864,399.49969413139627,0.051089527692619825
286.08817635270543,559.8526709809126,128.2645290581163,21.193363846381015,408.5166440102993,0.06012467313540455
286.11623246492985,557.544692771457,128.34869739478955,18.10750493342823,416.935099920851,0.07064727645939758
286.1442885771543,575.9926659145952,128.43286573146298,15.42232740288664,424.71007027841557,0.08288195268186362
286.17234468937875,566.5512189928714,128.51703406813624,13.094044523336427,431.7994227835261,0.0970837134788465
286.2004008016032,593.0416895541609,128.60120240480967,11.08231005247416,438.16426411474123,0.11354150336243925
286.22845691382764,575.8178233035478,128.68537074148293,9.350167000218493,443.76929498376273,0.1325820578683733
286.2565130260521,583.8260728140383,128.76953907815636,7.863955140705537,448.5831360230059,0.15457409979090267
286.28456913827654,600.023319900758,128.8537074148296,6.5931852058654385,452.5786202983274,0.17993288823682418
286.312625250501,591.125868520593,128.93787575150304,5.510387139093666,455.7330486334968,0.20912513359650814
286.34068136272543,586.8170517553417,129.0220440881763,4.590939150030435,458.02840438930957,0.24267428939344746
286.3687374749499,599.2260463052132,129.10621242484973,3.8128836194921303,459.4515248544821,0.2811662293420844
286.39679358717433,588.8361680959971,129.190380761523,3.1567351844396336,459.99422696704187,0.3252553147613425
286.4248496993988,580.8281852737109,129.27454909819642,2.6052856089549965,459.6533856863122,0.37567085373228504
286.4529058116232,588.6685999332198,129.35871743486967,2.143409338471935,458.4309639652425,0.43322394899879335
286.4809619238477,578.0970366075968,129.4428857715431,1.7578729562661302,456.33399392092116,0.498814726576338
286.5090180360721,571.0858150780331,129.52705410821636,1.4371511260516372,453.3745094560032,0.5734399313069902
286.5370741482966,579.9398855995453,129.6112224448898,1.171251021016814,449.5694312342218,0.6582008691839023
286.565130260521,561.9159999470556,129.69539078156305,0.9515467139026984,444.9404055483544,0.754311669125972
286.5931863727455,556.3481249182904,129.77955911823648,0.7706245377385055,439.51359922724157,0.8631078290448113
286.6212424849699,559.8881704294141,129.86372745490974,0.6221400236781643,433.3194533006955,0.9860550024853785
286.6492985971944,569.4638047411814,129.94789579158316,0.5006866798449219,426.39239866609563,1.1247579729049626
286.67735470941886,548.8617290942257,130.0320641282566,0.40167659076181905,418.7705374717192,1.2809697527743846
286.7054108216433,544.8401231817176,130.11623246492985,0.3212325869957941,410.49529433950875,1.4566007342464407
286.73346693386776,534.2152843092545,130.20040080160328,0.25609155459935484,401.61104189011985,1.6537278071674777
286.7615230460922,518.6291485965327,130.28456913827654,0.20351831866189135,392.16470529966557,1.8746033488250409
286.78957915831666,528.5896730332745,130.36873747494997,0.16122943944390195,382.20535080677513,2.121663978152216
286.8176352705411,518.9623104920562,130.45290581162322,0.12732619776647028,371.7837632010112,2.39753895522706
286.84569138276555,467.8753174790243,130.53707414829665,0.10023601325658477,360.952017355244,2.705058095052606
286.87374749498997,494.4541760141367,130.6212424849699,0.07866152971669385,349.76304882107655,3.0472590528472994
286.90180360721445,442.5693666122991,130.70541082164334,0.06153661161381735,338.2702283855097,3.427393826735436
286.92985971943887,461.3824756536954,130.7895791583166,0.04798852026757912,326.5269452979978,3.8489343128803677
286.95791583166334,443.01904364155024,130.87374749499003,0.03730557398991824,314.58620361961385,4.315576738137126
286.98597194388776,440.1348685736536,130.95791583166329,0.02890963994125747,302.5002358322239,4.831244786296392
287.01402805611224,429.8147332191017,131.04208416833671,0.022332854027001296,290.3201374767459,5.400091226402323
287.04208416833666,426.917392932061,131.12625250500997,0.01719801645555366,278.0955261797184,6.026497845519835
287.07014028056113,404.5147862114287,131.2104208416834,0.01320216272384821,265.8742279789521,6.715073484218285
287.09819639278555,402.50340615740544,131.29458917835666,0.010102861304738205,253.70199338707394,7.470649970959545
287.12625250501003,378.2741850639001,131.3787575150301,0.0077068390412434,241.62224513908316,8.298275752098071
287.15430861723445,358.6101481465,131.46292585170335,0.0058605823788174865,229.67585907194308,9.203207017286752
287.1823647294589,377.3000383528406,131.54709418837678,0.004442606518184888,217.90097908321155,10.190896126344377
287.21042084168334,365.6019985159422,131.63126252505003,0.0033571250010615917,206.332866626476,11.266977152950867
287.2384769539078,326.167234563118,131.71543086172346,0.002528888977399983,195.0037847255042,12.437248373529444
287.26653306613224,327.768132274807,131.79959919839672,0.0018989984181976454,183.94291603993352,13.707651546089993
287.2945891783567,320.8369073091391,131.88376753507015,0.0014215169116344685,173.17631409325043,15.084247844289493
287.32264529058114,324.18808271307347,131.9679358717434,0.0010607475734830938,162.72688639029343,16.573190336079417
287.3507014028056,298.2752080449738,132.05210420841684,0.0007890502312554958,152.6144078051579,18.18069292469546
287.3787575150301,282.55363435465387,132.13627254509026,0.0005850996580043248,142.85556232051397,19.912995701759865
287.4068136272545,281.8693298041905,132.22044088176352,0.00043250150734857587,133.46401094304517,21.77632669849235
287.434869739479,294.90412222206976,132.30460921843695,0.00031869701433272994,124.45048341309999,23.77686006073859
287.4629258517034,288.17583463859035,132.3887775551102,0.00023409975148600215,115.8228911674577,25.920670716834668
287.4909819639279,263.06909376747615,132.47294589178364,0.00017141802962998,107.58645890220704,28.21368565402172
287.5190380761523,251.44615046515057,132.5571142284569,0.0001251251563710612,99.74387201912164,30.661631968294763
287.5470941883768,263.40063537304275,132.64128256513033,9.104694038854738e-05,92.29543721774944,33.269981904615754
287.5751503006012,253.23759050271767,132.72545090180358,6.604176433500467e-05,85.23925351837013,36.04389515775368
287.60320641282567,257.60121008821574,132.809619238477,4.775342948399736e-05,78.57139106035814,38.98815875916425
287.6312625250501,246.2881694068059,132.89378757515027,3.442096599835461e-05,72.28607511671407,42.10712493036135
287.65931863727457,237.04865952069107,132.9779559118237,2.4732848109662855e-05,66.37587289048062,45.4046473387116
287.687374749499,247.44538178610702,133.06212424849696,1.7715678687769893e-05,60.8318808118027,48.8840162452796
287.71543086172346,233.15639117828366,133.1462925851704,1.2649520044122711e-05,55.64391022741403,52.54789308687114
287.7434869739479,244.31699876092446,133.23046092184364,9.003738822247227e-06,50.80066956610589,56.398245083278795
287.77154308617236,252.4758172782652,133.31462925851707,6.388579712818288e-06,46.28994126654611,60.436280506644174
287.7995991983968,231.53636693069677,133.39879759519033,4.518750219690091e-06,42.098751966246915,64.6623852901072
287.82765531062125,220.12265515499945,133.48296593186376,3.1861406374251455e-06,38.21353466555237,69.07606168840782
287.8557114228457,239.98424997247378,133.56713426853702,2.239464261725457e-06,34.62028179693951,73.67586973096803
287.88376753507015,234.65323766769683,133.65130260521045,1.5691191362798458e-06,31.30468834170315,78.45937222935679
287.91182364729457,249.2167688638998,133.7354709418837,1.095974097200182e-06,28.252284342306496,83.42308411295728
287.93987975951904,241.88500868016632,133.81963927855713,7.630926127320854e-07,25.448556354446108,88.5624268705925
287.96793587174346,263.9756954320078,133.9038076152304,5.296473418153877e-07,22.879057567807333,93.87168886882257
287.99599198396794,233.4790957866033,133.98797595190382,3.664619877996952e-07,20.52950649485819,99.3439923014893
288.02404809619236,262.4023893647158,134.07214428857708,2.52757270819183e-07,18.385874283029715,104.97126749690392
288.05210420841684,243.43230973961104,134.1563126252505,1.7378447251969403e-07,16.434460844671683,110.74423527119784
288.0801603206413,252.1096194940464,134.24048096192394,1.1911072580609925e-07,14.661960121993209,116.65239796597622
288.10821643286573,265.96896368851554,134.3246492985972,8.138106338661703e-08,13.05551490926352,122.68403974826077
288.1362725450902,268.88737666180197,134.40881763527062,5.54279016935661e-08,11.602761742930758,128.82623667870536
288.1643286573146,282.8799656463653,134.49298597194388,3.7632762878725294e-08,10.29186644174368,135.06487697201396
288.1923847695391,281.0111594471768,134.5771543086173,2.5470434774563798e-08,9.111550934186589,141.38469178210252
288.2204408817635,288.4716012955905,134.66132264529057,1.718459103009681e-08,8.051112050746937,147.7692967430317
288.248496993988,302.05083352576094,134.745490981964,1.1557785547334141e-08,7.100432984153154,154.20124438871233
288.2765531062124,288.93867234296994,134.82965931863725,7.748946299857669e-09,6.249988133605111,160.66208745792653
288.3046092184369,299.14663381190496,134.91382765531068,5.178968373011229e-09,5.490842049802751,167.13245297089296
288.3326653306613,297.33971715277016,134.99799599198394,3.4504556912840206e-09,4.81464318819157,173.59212683762465
288.3607214428858,314.1931383270301,135.08216432865737,2.2916180752231574e-09,4.213613159138303,180.02014863162253
288.3887775551102,342.35104750996265,135.16633266533063,1.5171922363952892e-09,3.680532137575936,186.3949160333962
288.4168336673347,344.6467689581849,135.25050100200406,1.001316961095803e-09,3.208721061943985,192.6942983220662
288.4448897795591,358.0193371177382,135.33466933867732,6.587719848058661e-10,2.792021214676208,198.89575816838703
288.4729458917836,331.8488686208801,135.41883767535074,4.3204726425505586e-10,2.4247717349503977,204.9764808641645
288.501002004008,331.6305362626627,135.503006012024,2.824619711042514e-10,2.101785570358029,210.91351000978318
288.5290581162325,351.7018205071944,135.58717434869743,1.8408622830707046e-10,1.8183243283610562,216.6838885785317
288.5571142284569,366.792861241324,135.6713426853707,1.1959560007643363e-10,1.570072442056558,222.26480418213868
288.5851703406814,359.9389372427422,135.75551102204412,7.745361512718575e-11,1.3531110184945068,227.63373728124927
288.6132264529058,356.3185344876448,135.83967935871738,5.000354242743535e-11,1.1638916924924383,232.76861101588145
288.64128256513027,361.8490724785217,135.9238476953908,3.218047423843643e-11,0.9992107650126965,237.64794127858409
288.6693386773547,376.1060683475076,136.00801603206406,2.0645085975966214e-11,0.8561838633540136,242.25098561528446
288.69739478957916,376.96047100934777,136.0921843687375,1.320302787029684e-11,0.7322213209332099,246.55788951941508
288.7254509018036,387.30852903330276,136.17635270541075,8.417109413449826e-12,0.6250044377015231,250.54982868182034
288.75350701402806,396.3105413688375,136.26052104208418,5.349152672331358e-12,0.5324627483693686,254.20914577516078
288.7815631262525,406.4291321822839,136.34468937875744,3.3887505622341426e-12,0.4527523948131379,257.51948038475393
288.80961923847696,411.5203153937437,136.42885771543087,2.140064191026527e-12,0.3842356712933737,260.4658907501763
288.8376753507014,398.53861259451054,136.51302605210412,1.347245017172142e-12,0.32546178647992674,263.0349660509286
288.86573146292585,429.88558413541546,136.59719438877755,8.45471475960362e-13,0.2751488646432468,265.2149280563036
288.8937875751503,424.71542472936693,136.68136272545098,5.289126116916206e-13,0.232167189672467,266.99572106150976
288.92184368737475,418.28208877342894,136.76553106212424,3.298385962837671e-13,0.19552367964114606,268.36908914942904
288.9498997995992,419.53232839841195,136.84969939879767,2.0504614689808585e-13,0.164347566321972,269.3286399473529
288.97795591182364,393.0897853482168,136.93386773547093,1.2706745750245359e-13,0.13787724314483155,269.8698941897585
289.0060120240481,397.0353689100822,137.01803607214435,7.849638489215486e-14,0.11544823640134107,269.9903205494726
289.03406813627254,404.532232585413,137.1022044088176,4.8338988685159464e-14,0.09648224781987014,269.68935535817235
289.062124248497,418.23020358355615,137.18637274549104,2.967413394021434e-14,0.08047721174322683,268.96840700128223
289.09018036072143,408.9938220849596,137.2705410821643,1.8158966750658377e-14,0.06699830684095849,267.8308449393115
289.1182364729459,413.11734482922895,137.35470941883773,1.1077373584979176e-14,0.05566986036271243,266.28197347536263
289.14629258517033,391.0303356677941,137.438877755511,6.736201349265557e-15,0.04616808220435702,264.32899055463156
289.1743486973948,389.02424147842237,137.52304609218442,4.083437434395937e-15,0.0382145663213413,261.9809320436173
289.2024048096192,394.18617562282355,137.60721442885767,2.46756919510477e-15,0.03157049812104718,259.24860209270275
289.2304609218437,379.94073387106886,137.6913827655311,1.4864330818491915e-15,0.026031508234102375,256.1444903329045
289.2585170340681,384.3467422835722,137.77555110220436,8.925940204044013e-16,0.021423115367173114,252.68267679482943
289.2865731462926,376.2721315296538,137.8597194388778,5.343123004362221e-16,0.017596703644707275,248.8787255622742
289.314629258517,366.9154764965487,137.94388777555105,3.188371802528609e-16,0.014425982845954003,244.74956828415338
289.3426853707415,373.91782126382685,138.02805611222448,1.896598205864727e-16,0.011803883135072548,240.3133787636438
289.3707414829659,383.7032253249073,138.11222444889773,1.1246420030351048e-16,0.009639839184778547,235.58943992314522
289.3987975951904,371.4278128648179,138.19639278557116,6.647921030164153e-17,0.007857421934257395,230.5980045051343
289.4268537074148,373.4895527000803,138.28056112224442,3.917328503558176e-17,0.006392279542677626,225.3601509136911
289.4549098196393,363.3510059439461,138.36472945891785,2.3010535288392428e-17,0.005190352350809602,219.89763562688566
289.4829659318637,348.5063777105327,138.4488977955911,1.3473984364761125e-17,0.004206329808030074,214.23274361867658
289.5110220440882,349.46814460607845,138.53306613226454,7.864985834830818e-18,0.003402320329911633,208.38813821824593
289.5390781563126,336.50818432956635,138.6172344689378,4.576489168483362e-18,0.0027467079019272297,202.38671180794773
289.5671342685371,337.1635532470174,138.70140280561122,2.6546026352995126e-18,0.002213171921975626,196.25143871630658
289.59519038076155,345.55854817787974,138.78557114228465,1.5349675259368431e-18,0.0017798492699713517,190.00523160365188
289.62324649298597,316.4043475501315,138.8697394789579,8.847721643568925e-19,0.0014286199019552534,183.67080256340452
289.65130260521045,323.162623600425,138.95390781563134,5.083891792350261e-19,0.001144499389232405,177.2705300756394
289.67935871743487,323.2938259889663,139.0380761523046,2.912015846405002e-19,0.0009151237627660426,170.82633285143785
289.70741482965934,317.7550936035395,139.12224448897803,1.6627377540605926e-19,0.0007303137851414672,164.35955149834217
289.73547094188376,300.091277617703,139.20641282565128,9.464253629846805e-20,0.0005817073644927759,157.890838822389
289.76352705410824,287.44814093245645,139.2905811623247,5.3700900823442045e-20,0.0004624502557503369,151.44005945985913
289.79158316633266,285.89573569895185,139.37474949899797,3.037451554788478e-20,0.00036693647453329726,145.02619940712327
289.81963927855713,280.1957688983251,139.4589178356714,1.7126544104452067e-20,0.0002905909884490001,138.6672858883385
289.84769539078155,275.1341210579414,139.54308617234466,9.626373384655717e-21,0.00022968826041774493,132.38031787344232
289.87575150300603,259.8959476972977,139.6272545090181,5.3937182539314355e-21,0.00018120110971530837,126.18120743133937
289.90380761523045,254.44264333503097,139.71142284569135,3.0126341808807665e-21,0.00014267513945449113,120.08473198038003
289.9318637274549,247.0098326276525,139.79559118236477,1.6774018970928472e-21,0.00011212466448813681,114.10449737845539
289.95991983967934,253.20650298228873,139.87975951903803,9.310230833671892e-22,8.794667109672915e-05,108.25291168296879
289.9879759519038,250.72657192404415,139.96392785571146,5.151294225493515e-22,6.88498585824427e-05,102.54116930462611
290.01603206412824,215.83626827918738,140.04809619238472,2.8412199254914895e-22,5.3796261723490704e-05,96.97924518269458
290.0440881763527,237.6162067282585,140.13226452905815,1.5621615194122312e-22,4.1953339950687713e-05,91.57589852089511
290.07214428857714,220.90510149750148,140.2164328657314,8.562086438435412e-23,3.265475146797313e-05,86.33868554621102
290.1002004008016,203.21847692797022,140.30060120240483,4.678060870752756e-23,2.5368315041815083e-05,81.27398068515362
290.12825651302603,193.84841607425645,140.3847695390781,2.547913720361119e-23,1.966990490338813e-05,76.38700549669065
290.1563126252505,208.9558728598907,140.46893787575152,1.3833629969304592e-23,1.5222230583443055e-05,71.68186465543825
290.1843687374749,207.36060741850628,140.55310621242478,7.487212861474064e-24,1.1757628405929633e-05,67.16158824558167
290.2124248496994,202.86104979961894,140.6372745490982,4.039585402938857e-24,9.064139121375725e-06,62.828179602470954
290.2404809619238,205.91477395869964,140.72144288577147,2.1726311225893503e-24,6.974270587937617e-06,58.68266792717964
290.2685370741483,204.68198112984808,140.8056112224449,1.1648440536278878e-24,5.355948861502734e-06,54.72516489654997
290.2965931863728,192.95780399947063,140.88977955911832,6.225613653232284e-25,4.1052484752460934e-06,50.954924499165074
290.3246492985972,188.60244295112255,140.97394789579158,3.316875214977253e-25,3.1405656288533636e-06,47.3704053433563
290.35270541082167,178.50422943071734,141.058116232465,1.761605626174597e-25,2.3979586856692413e-06,43.96933470783924
290.3807615230461,186.19147269192086,141.14228456913827,9.326545913378755e-26,1.8274307041475956e-06,40.74877363686891
290.40881763527057,178.83353777758316,141.2264529058117,4.9222715015908283e-26,1.389970352106948e-06,37.70518241913987
290.436873747495,188.0438538549572,141.31062124248496,2.58966081436996e-26,1.055201875361115e-06,34.83448583291461
290.46492985971946,159.97211403901247,141.39478957915838,1.3581658120363955e-26,7.995230153647841e-07,32.13213758666164
290.4929859719439,167.68544263805907,141.47895791583164,7.100603976514093e-27,6.04632912497679e-07,29.593183435499153
290.52104208416836,171.73053589390327,141.56312625250507,3.700584937987113e-27,4.5637095404411773e-07,27.212322506426215
290.5490981963928,173.02663253137555,141.64729458917833,1.922551803100579e-27,3.4380295553334136e-07,24.983966420312015
290.57715430861725,161.61907205371628,141.73146292585176,9.956766280215341e-28,2.5850361098768214e-07,22.90229585360237
290.6052104208417,168.69434972939553,141.81563126252502,5.140331923718329e-28,1.939943227296297e-07,20.961314238255188
290.63326653306615,164.93536133335041,141.89979959919845,2.6454319973640175e-28,1.453037507495617e-07,19.154898352515822
290.66132264529057,171.0596778146628,141.9839679358717,1.357171182035459e-28,1.086250595729002e-07,17.476845608327558
290.68937875751504,160.11603492658358,142.06813627254513,6.940731510007894e-29,8.104918058776702e-08,15.920917891730095
290.71743486973946,158.73846801646934,142.1523046092184,3.5384124025540097e-29,6.035769239982589e-08,14.480881861071866
290.74549098196394,156.9403868024851,142.23647294589182,1.7982258676994815e-29,4.4862350548633564e-08,13.150545652848038
290.77354709418836,159.94662829167524,142.32064128256508,9.109879264910016e-30,3.328103469172083e-08,11.923791987039202
290.80160320641284,153.8353912696279,142.4048096192385,4.600590624063424e-30,2.4642060146300284e-08,10.794607701858133
290.82965931863725,154.46224792489238,142.48897795591176,2.316045820149573e-30,1.821053080233019e-08,9.757109782409646
290.85771543086173,167.266011462237,142.5731462925852,1.1622867651865037e-30,1.3431780764203475e-08,8.805567978094402
290.88577154308615,151.71352351361043,142.65731462925845,5.814495334083534e-31,9.88803471407906e-09,7.934424130265367
290.9138276553106,154.18164691644938,142.74148296593188,2.8996351014547066e-31,7.265270163725657e-09,7.138308354078003
290.94188376753505,160.70266796816676,142.82565130260514,1.4414754786588373e-31,5.32793542638346e-09,6.412052237303979
290.9699398797595,148.7592457311381,142.90981963927857,7.143380067860451e-32,3.8997030212886526e-09,5.750699233709101
290.99799599198394,140.47915355440819,142.99398797595182,3.52884712705451e-32,2.848849556573196e-09,5.149512440073956
291.0260521042084,145.4878738112782,143.07815631262525,1.7377789015831584e-32,2.077174077192487e-09,4.603979953829972
291.05410821643284,134.7500650201432,143.1623246492985,8.530780820782381e-33,1.5116166635864512e-09,4.109818013226603
291.0821643286573,141.2156555473948,143.24649298597194,4.17460737437053e-33,1.0979330178813059e-09,3.6629721238309507
291.1102204408818,161.75684408557922,143.33066132264537,2.0364562122211726e-33,7.959309978060183e-10,3.2596163745925675
291.1382765531062,158.0605820406333,143.41482965931863,9.903007434045172e-34,5.758911306769956e-10,2.8961511436729843
291.1663326653307,144.88970724332214,143.49899799599206,4.800558010449686e-34,4.1588260856390306e-10,2.569199389266975
291.1943887775551,153.54987034414273,143.58316633266531,2.319791364900154e-34,2.997550627286241e-10,2.275601713869361
291.2224448897796,139.8299579138332,143.66733466933874,1.1174773293401298e-34,2.156391903496214e-10,2.012410382179928
291.250501002004,139.3293164893643,143.751503006012,5.366128931821675e-35,1.5482969431392834e-10,1.7768824634369456
291.2785571142285,155.45262652553998,143.83567134268543,2.568715897960714e-35,1.1095483152165235e-10,1.5664722585487982
291.3066132264529,146.2207630708311,143.9198396793587,1.2257548838139287e-35,7.936035071540858e-11,1.378823161350962
291.3346693386774,153.20636374962805,144.00400801603212,5.8307413854690395e-36,5.6653446691106124e-11,1.211759091732915
291.3627254509018,143.77853080616373,144.08817635270537,2.7648814493071912e-36,4.0365886347101026e-11,1.0632756265945795
291.39078156312627,136.44655770282876,144.1723446893788,1.3069586225832872e-36,2.870569377805644e-11,0.9315309426742853
291.4188376753507,160.3825596213854,144.25651302605206,6.1585681314834e-37,2.0374501904909127e-11,0.8148366735102559
291.44689378757516,137.91363915170788,144.3406813627255,2.892878878778557e-37,1.4433489852093113e-11,0.7116487712067878
291.4749498997996,150.26096579227539,144.42484969939875,1.3546070742464197e-37,1.0205190126944851e-11,0.6205584524813056
291.50300601202406,168.96614366858472,144.50901803607218,6.323084946333003e-38,7.2017202520919804e-12,0.5402832976989788
291.5310621242485,136.76257580285113,144.59318637274544,2.942234486426536e-38,5.072438528887812e-12,0.4696585614068853
291.55911823647295,154.75890924514852,144.67735470941886,1.3647658137830324e-38,3.565847256060687e-12,0.40762874326737
291.5871743486974,158.03230141465048,144.76152304609212,6.310613427983777e-39,2.5019237959028707e-12,0.3532394593597419
291.61523046092185,157.19368076356122,144.84569138276555,2.9088250897465508e-39,1.7520674343881419e-12,0.3056296455581695
291.64328657314627,149.79699610175203,144.9298597194388,1.3365839020708113e-39,1.224596335136609e-12,0.26402411715966606
291.67134268537075,135.9119669490127,145.01402805611224,6.1221988731922655e-40,8.542804965811947e-13,0.22772650210004122
291.69939879759517,151.66185942366454,145.0981963927855,2.7954467789551667e-40,5.94803377092047e-13,0.19611255898286598
291.72745490981964,142.75420134433455,145.18236472945893,1.2724115773077948e-40,4.1334411429222254e-13,0.16862388571483486
291.75551102204406,153.38796784016765,145.26653306613218,5.773465618664211e-41,2.866919433213279e-13,0.1447620197909561
291.78356713426854,146.8861282012459,145.3507014028056,2.611428528048157e-41,1.9846531469405788e-13,0.12408292715446023
291.811623246493,152.79207757080803,145.43486973947904,1.1774766206276476e-41,1.3712579041244625e-13,0.10619187305228589
291.83967935871743,140.71770245264696,145.5190380761523,5.2924776133719924e-42,9.456252689145501e-14,0.0907386653633376
291.8677354709419,147.14750230040002,145.60320641282573,2.3713647230604477e-42,6.508552194470865e-14,0.07741325846393231
291.89579158316633,151.35837901672653,145.68737474949899,1.0591812118613496e-42,4.471107514018736e-14,0.06594170376214603
291.9238476953908,144.11310895024516,145.77154308617241,4.716010576323631e-43,3.065569966382209e-14,0.05608243153806599
291.9519038076152,146.36534237541886,145.85571142284567,2.0932054682859366e-43,2.097841875179561e-14,0.0476228476290434
291.9799599198397,150.34312734448542,145.9398797595191,9.261504438058664e-44,1.4328464955824347e-14,0.04037622774902911
292.0080160320641,153.0850702811715,146.02404809619236,4.0849223554902765e-44,9.767692515706061e-15,0.034178891793089444
292.0360721442886,149.71938908597582,146.1082164328658,1.796050986336179e-44,6.645837097606057e-15,0.0288876403063258
292.064128256513,159.09878193075264,146.19238476953905,7.872018477314342e-45,4.513077607904789e-15,0.02437743535745411
292.0921843687375,143.5517713496345,146.27655310621248,3.439427320404868e-45,3.058872042262207e-15,0.020539308311360735
292.1202404809619,141.65058215968554,146.36072144288573,1.498023950226132e-45,2.0692607331398675e-15,0.017278477412562283
292.1482965931864,169.60282833266038,146.44488977955916,6.5040514098907406e-46,1.3971226103700342e-15,0.014512658639295146
292.1763527054108,151.0625257847192,146.52905811623242,2.8150217986259835e-46,9.414976142674766e-16,0.012170553941039337
292.2044088176353,142.5678639752672,146.61322645290585,1.2145409085023104e-46,6.332414355241574e-16,0.01019050170370173
292.2324649298597,153.10730264867078,146.6973947895791,5.223662637634815e-47,4.250938518401706e-16,0.008519275076387731
292.2605210420842,139.13886725654532,146.78156312625254,2.2396011547695836e-47,2.84816877559124e-16,0.00711101462075495
292.2885771543086,143.63770599151297,146.8657314629258,9.571914990115974e-48,1.9046361206982467e-16,0.005926282592985728
292.3166332665331,139.17174539063208,146.94989979959922,4.078115967029924e-48,1.271228760266246e-16,0.004931227023911182
292.3446893787575,132.61680576114554,147.03406813627248,1.7320199825118483e-48,8.468389040180673e-17,0.004096844613618779
292.37274549098197,162.93399959153479,147.1182364729459,7.332951512971496e-49,5.630452398850497e-17,0.0033983322920874436
292.4008016032064,140.4324297388769,147.20240480961917,3.094833696689787e-49,3.736381207868433e-17,0.002814518109521345
292.42885771543087,136.0032532789439,147.2865731462926,1.3020522387894203e-49,2.4747108658490626e-17,0.002327362902019514
292.4569138276553,148.79980495883225,147.37074148296585,5.460747413700673e-50,1.6359240965078824e-17,0.0019215249255358333
292.48496993987976,143.87940058316494,147.45490981963928,2.283012856690025e-50,1.0793622673749554e-17,0.0015839803596975179
292.51302605210424,149.7845829645101,147.5390781563127,9.514746325973775e-51,7.10782476653849e-18,0.001303693250831156
292.54108216432866,140.13006629300094,147.62324649298597,3.95292577070013e-51,4.671663909064792e-18,0.001071329088742145
292.56913827655313,140.50664725495653,147.7074148296594,1.6370905159351046e-51,3.064586385214362e-18,0.0008790067940100038
292.59719438877755,147.00415199287838,147.79158316633266,6.758640000067702e-52,2.0064925096249076e-18,0.000720084431770511
292.62525050100203,140.24709719524193,147.8757515030061,2.7814965422447735e-52,1.3111990199345795e-18,0.0005889744648907034
292.65330661322645,158.3847221037356,147.95991983967934,1.1411173873362432e-52,8.551948703632703e-19,0.0004809848153134854
292.6813627254509,152.40404002485855,148.04408817635277,4.666751863437423e-53,5.5670735188365265e-19,0.00039218241861782127
292.70941883767534,155.5929950032844,148.12825651302603,1.9025307490150942e-53,3.6170476011836153e-19,0.00031927633542085847
292.7374749498998,155.44216222390182,148.21242484969946,7.731811332068286e-54,2.3455618533126113e-19,0.0002595178260913627
292.76553106212424,142.32739409390965,148.29659318637272,3.1323003555044514e-54,1.5181159871439172e-19,0.00021061510457682898
292.7935871743487,144.5354218431187,148.38076152304615,1.2649639238740675e-54,9.80682478139903e-20,0.00017066076515684803
292.82164328657313,151.72810466231704,148.4649298597194,5.092434693478275e-55,6.322914016348137e-20,0.00013807012493411837
292.8496993987976,147.8967642539833,148.54909819639283,2.043644660618373e-55,4.068848638040144e-20,0.00011152894708145305
292.87775551102203,149.17992432875124,148.6332665330661,8.175567150181986e-56,2.6133115673105662e-20,8.994920751813716e-05
292.9058116232465,144.43801963037177,148.71743486973952,3.2603406840667542e-56,1.6752369573570267e-20,7.243174290758667e-05
292.9338677354709,148.28677810272364,148.80160320641278,1.2961064296347953e-56,1.071831948710406e-20,5.823477271931366e-05
292.9619238476954,145.1561512563623,148.8857715430862,5.136306541131628e-57,6.844512942985576e-21,4.674742451006297e-05
292.9899799599198,145.3565775982818,148.96993987975947,2.0290548792150847e-57,4.362383059148477e-21,3.7467511394125755e-05
293.0180360721443,145.53540617672616,149.0541082164329,7.9904132364729e-58,2.7750476539591404e-21,2.9982915589254307e-05
293.0460921843687,157.04114563745492,149.13827655310615,3.136730993289701e-58,1.761905010957461e-21,2.3956023535719576e-05
293.0741482965932,140.9529780526623,149.22244488977958,1.2274898182740352e-58,1.1165031025591518e-21,1.911073784559442e-05
293.1022044088176,151.4180083607308,149.30661322645284,4.788407585440259e-59,7.061594509298813e-22,1.5221660591611142e-05
293.1302605210421,154.53740543337278,149.39078156312627,1.8620738884076034e-59,4.457701829960272e-22,1.2105102405367094e-05
293.1583166332665,152.60590689210264,149.47494989979953,7.218306159537184e-60,2.808566126855152e-22,9.611623633215754e-06
293.186372745491,161.0735703976718,149.55911823647295,2.7893709593106875e-60,1.7661341566597618e-22,7.619858390258826e-06
293.2144288577154,160.37349935326176,149.6432865731462,1.074508462075803e-60,1.108480669664483e-22,6.031410657639238e-06
293.2424849699399,145.08374876874086,149.72745490981964,4.126159323086446e-61,6.943812038466345e-23,4.766644386025659e-06
293.2705410821643,144.03416527586276,149.8116232464929,1.579482196334128e-61,4.3414338389308284e-23,3.7612176147588367e-06
293.2985971943888,162.22821991152227,149.89579158316633,6.027206412678313e-62,2.70915476602675e-23,2.963234524179534e-06
293.32665330661325,147.15599246414806,149.97995991983976,2.2927145294897604e-62,1.687329278939827e-23,2.3309096693000638e-06
293.3547094188377,150.37887057011966,150.06412825651302,8.693937020935596e-63,1.0488931944129165e-23,1.830655888638123e-06
293.38276553106215,157.16928147183506,150.14829659318644,3.286363396453567e-63,6.507708490796955e-24,1.435521975972513e-06
293.41082164328657,136.35161968151112,150.2324649298597,1.238361005198456e-63,4.029863278277116e-24,1.1239185229679384e-06
293.43887775551104,148.94632663668915,150.31663326653313,4.651698301591695e-64,2.4906799888845908e-24,8.785807168156272e-07
293.46693386773546,141.79560179335712,150.4008016032064,1.7418405614727274e-64,1.5364235278948046e-24,6.857255956155631e-07
293.49498997995994,144.16777504821906,150.48496993987982,6.5018635018356996e-65,9.459525773547446e-25,5.343685728858898e-07
293.52304609218436,151.88996929680795,150.56913827655308,2.4193565925591555e-65,5.812904375805978e-25,4.1577015541766443e-07
293.55110220440883,156.15924707286558,150.6533066132265,8.974174485449401e-66,3.5651876281812864e-25,3.2298887960562466e-07
293.57915831663325,144.76833313204088,150.73747494989976,3.3183464210839406e-66,2.1824133066648003e-25,2.5052073839401064e-07
293.60721442885773,137.53118328133107,150.8216432865732,1.2231550820503114e-66,1.3333894338213896e-25,1.9400889904086784e-07
293.63527054108215,141.8549828107433,150.90581162324645,4.494422685783789e-67,8.130971069498463e-26,1.500104362893922e-07
293.6633266533066,146.0653209009053,150.98997995991988,1.6462617670312737e-67,4.9487238567798243e-26,1.1580922415075232e-07
293.69138276553105,161.23371719082678,151.07414829659314,6.0111346836285595e-68,3.0061415287680696e-26,8.926612548805296e-08
293.7194388777555,144.11210907138107,151.15831663326657,2.187996452995673e-68,1.8225985658621492e-26,6.869926219371258e-08
293.74749498997994,155.1465649811871,151.24248496993982,7.939064984185432e-69,1.1029047910171536e-26,5.278849929016874e-08
293.7755511022044,155.7769032228933,151.32665330661325,2.871604917340786e-69,6.661168513724767e-27,4.0499383619173975e-08
293.80360721442884,161.2887145892813,151.4108216432865,1.0354106034652663e-69,4.015394464366516e-27,3.102268379581827e-08
293.8316633266533,151.76308399437704,151.49498997995994,3.721629335748963e-70,2.4158580326279395e-27,2.37264178152325e-08
293.85971943887773,149.48074099991018,151.5791583166332,1.333479098905828e-70,1.450707983885062e-27,1.8117857376220713e-08
293.8877755511022,155.0060434651614,151.66332665330663,4.762904764182512e-71,8.694687771866742e-28,1.3813487981327057e-08
293.9158316633266,148.8618793012256,151.74749498997988,1.6958606804113344e-71,5.201078145006508e-28,1.0515301432065867e-08
293.9438877755511,139.55658034859854,151.8316633266533,6.019231302703085e-72,3.1052614021655724e-28,7.992119228834976e-09
293.9719438877755,153.2856600542718,151.91583166332657,2.129729674820196e-72,1.8504116303203492e-28,6.06490547672791e-09
294.0,144.28191661727564,152.0,7.511739530731728e-73,1.1005351850128941e-28,4.595237623822469e-09
