time_h,cell_voltage_mV,current_density_mA_cm2,half_cycle
0.0,40.0,1.0,0.0
0.05,36.43902398430095,1.0,0.0
0.1,35.42342499311949,1.0,0.0
0.15000000000000002,35.137088729280045,1.0,0.0
0.2,35.05968973499543,1.0,0.0
0.25,35.042152270681136,1.0,0.0
0.30000000000000004,35.04176542185074,1.0,0.0
0.35000000000000003,35.046292306625574,1.0,0.0
0.4,35.05222699964881,1.0,0.0
0.45,35.058565036488275,1.0,0.0
0.5,35.06501863326586,1.0,0.0
0.55,35.07150533852005,1.0,0.0
0.6000000000000001,35.0780015295116,1.0,0.0
0.65,35.08450043821241,1.0,0.0
0.7000000000000001,35.09100012554996,1.0,0.0
0.75,35.09750003597066,1.0,0.0
0.8,35.10400001030577,1.0,0.0
0.8500000000000001,35.110500002952655,1.0,0.0
0.9,35.11700000084595,1.0,0.0
0.9500000000000001,35.123500000242366,1.0,0.0
1.0,-40.13,-1.0,1.0
1.05,-36.56902398430095,-1.0,1.0
1.1,-35.55342499311949,-1.0,1.0
1.1500000000000001,-35.26708872928005,-1.0,1.0
1.2000000000000002,-35.189689734995426,-1.0,1.0
1.25,-35.17215227068114,-1.0,1.0
1.3,-35.171765421850736,-1.0,1.0
1.35,-35.17629230662558,-1.0,1.0
1.4000000000000001,-35.18222699964881,-1.0,1.0
1.4500000000000002,-35.18856503648827,-1.0,1.0
1.5,-35.19501863326586,-1.0,1.0
1.55,-35.20150533852005,-1.0,1.0
1.6,-35.2080015295116,-1.0,1.0
1.6500000000000001,-35.21450043821241,-1.0,1.0
1.7000000000000002,-35.221000125549956,-1.0,1.0
1.75,-35.227500035970664,-1.0,1.0
1.8,-35.23400001030577,-1.0,1.0
1.85,-35.24050000295265,-1.0,1.0
1.9000000000000001,-35.24700000084595,-1.0,1.0
1.9500000000000002,-35.25350000024237,-1.0,1.0
2.0,40.26,1.0,2.0
2.0500000000000003,36.69902398430094,1.0,2.0
2.1,35.683424993119495,1.0,2.0
2.15,35.39708872928004,1.0,2.0
2.2,35.31968973499543,1.0,2.0
2.25,35.302152270681134,1.0,2.0
2.3000000000000003,35.30176542185074,1.0,2.0
2.35,35.30629230662558,1.0,2.0
2.4000000000000004,35.31222699964881,1.0,2.0
2.45,35.31856503648827,1.0,2.0
2.5,35.32501863326586,1.0,2.0
2.5500000000000003,35.331505338520046,1.0,2.0
2.6,35.3380015295116,1.0,2.0
2.6500000000000004,35.344500438212414,1.0,2.0
2.7,35.35100012554996,1.0,2.0
2.75,35.357500035970666,1.0,2.0
2.8000000000000003,35.364000010305766,1.0,2.0
2.85,35.37050000295265,1.0,2.0
2.9000000000000004,35.37700000084595,1.0,2.0
2.95,35.383500000242364,1.0,2.0
3.0,-40.39,-1.0,3.0
3.0500000000000003,-36.829023984300946,-1.0,3.0
3.1,-35.81342499311949,-1.0,3.0
3.1500000000000004,-35.527088729280045,-1.0,3.0
3.2,-35.449689734995424,-1.0,3.0
3.25,-35.43215227068114,-1.0,3.0
3.3000000000000003,-35.43176542185074,-1.0,3.0
3.35,-35.436292306625575,-1.0,3.0
3.4000000000000004,-35.44222699964881,-1.0,3.0
3.45,-35.448565036488276,-1.0,3.0
3.5,-35.45501863326586,-1.0,3.0
3.5500000000000003,-35.46150533852005,-1.0,3.0
3.6,-35.468001529511604,-1.0,3.0
3.6500000000000004,-35.47450043821241,-1.0,3.0
3.7,-35.48100012554996,-1.0,3.0
3.75,-35.48750003597066,-1.0,3.0
3.8000000000000003,-35.49400001030577,-1.0,3.0
3.85,-35.500500002952656,-1.0,3.0
3.9000000000000004,-35.50700000084595,-1.0,3.0
3.95,-35.51350000024237,-1.0,3.0
4.0,40.52,1.0,4.0
4.05,36.959023984300956,1.0,4.0
4.1000000000000005,35.94342499311949,1.0,4.0
4.15,35.65708872928004,1.0,4.0
4.2,35.579689734995426,1.0,4.0
4.25,35.56215227068114,1.0,4.0
4.3,35.56176542185074,1.0,4.0
4.3500000000000005,35.56629230662558,1.0,4.0
4.4,35.57222699964881,1.0,4.0
4.45,35.57856503648827,1.0,4.0
4.5,35.58501863326586,1.0,4.0
4.55,35.59150533852005,1.0,4.0
4.6000000000000005,35.5980015295116,1.0,4.0
4.65,35.60450043821241,1.0,4.0
4.7,35.61100012554996,1.0,4.0
4.75,35.617500035970664,1.0,4.0
4.800000000000001,35.62400001030577,1.0,4.0
4.8500000000000005,35.63050000295265,1.0,4.0
4.9,35.63700000084595,1.0,4.0
4.95,35.64350000024237,1.0,4.0
5.0,-40.65,-1.0,5.0
5.050000000000001,-37.08902398430092,-1.0,5.0
5.1000000000000005,-36.07342499311949,-1.0,5.0
5.15,-35.78708872928004,-1.0,5.0
5.2,-35.70968973499543,-1.0,5.0
5.25,-35.692152270681134,-1.0,5.0
5.300000000000001,-35.69176542185074,-1.0,5.0
5.3500000000000005,-35.69629230662558,-1.0,5.0
5.4,-35.70222699964881,-1.0,5.0
5.45,-35.708565036488274,-1.0,5.0
5.5,-35.71501863326586,-1.0,5.0
5.550000000000001,-35.721505338520046,-1.0,5.0
5.6000000000000005,-35.7280015295116,-1.0,5.0
5.65,-35.73450043821241,-1.0,5.0
5.7,-35.74100012554996,-1.0,5.0
5.75,-35.74750003597067,-1.0,5.0
5.800000000000001,-35.75400001030577,-1.0,5.0
5.8500000000000005,-35.760500002952654,-1.0,5.0
5.9,-35.767000000845954,-1.0,5.0
5.95,-35.773500000242365,-1.0,5.0
6.0,40.78,1.0,6.0
6.050000000000001,37.21902398430092,1.0,6.0
6.1000000000000005,36.20342499311949,1.0,6.0
6.15,35.917088729280046,1.0,6.0
6.2,35.839689734995424,1.0,6.0
6.25,35.82215227068114,1.0,6.0
6.300000000000001,35.82176542185074,1.0,6.0
6.3500000000000005,35.826292306625575,1.0,6.0
6.4,35.83222699964881,1.0,6.0
6.45,35.838565036488276,1.0,6.0
6.5,35.84501863326586,1.0,6.0
6.550000000000001,35.85150533852005,1.0,6.0
6.6000000000000005,35.8580015295116,1.0,6.0
6.65,35.86450043821241,1.0,6.0
6.7,35.87100012554996,1.0,6.0
6.75,35.87750003597066,1.0,6.0
6.800000000000001,35.88400001030577,1.0,6.0
6.8500000000000005,35.890500002952656,1.0,6.0
6.9,35.89700000084595,1.0,6.0
6.95,35.90350000024237,1.0,6.0
7.0,-40.91,-1.0,7.0
7.050000000000001,-37.34902398430093,-1.0,7.0
7.1000000000000005,-36.33342499311949,-1.0,7.0
7.15,-36.04708872928004,-1.0,7.0
7.2,-35.96968973499543,-1.0,7.0
7.25,-35.95215227068114,-1.0,7.0
7.300000000000001,-35.95176542185074,-1.0,7.0
7.3500000000000005,-35.95629230662558,-1.0,7.0
7.4,-35.96222699964881,-1.0,7.0
7.45,-35.96856503648827,-1.0,7.0
7.5,-35.97501863326586,-1.0,7.0
7.550000000000001,-35.981505338520044,-1.0,7.0
7.6000000000000005,-35.9880015295116,-1.0,7.0
7.65,-35.99450043821241,-1.0,7.0
7.7,-36.00100012554996,-1.0,7.0
7.75,-36.007500035970665,-1.0,7.0
7.800000000000001,-36.01400001030577,-1.0,7.0
7.8500000000000005,-36.02050000295265,-1.0,7.0
7.9,-36.02700000084595,-1.0,7.0
7.95,-36.03350000024237,-1.0,7.0
8.0,41.04,1.0,8.0
8.05,37.47902398430092,1.0,8.0
8.1,36.463424993119496,1.0,8.0
8.15,36.177088729280044,1.0,8.0
8.200000000000001,36.09968973499543,1.0,8.0
8.25,36.082152270681135,1.0,8.0
8.3,36.08176542185074,1.0,8.0
8.35,36.08629230662558,1.0,8.0
8.4,36.09222699964881,1.0,8.0
8.450000000000001,36.098565036488274,1.0,8.0
8.5,36.10501863326586,1.0,8.0
8.55,36.11150533852005,1.0,8.0
8.6,36.1180015295116,1.0,8.0
8.65,36.12450043821241,1.0,8.0
8.700000000000001,36.13100012554996,1.0,8.0
8.75,36.13750003597067,1.0,8.0
8.8,36.14400001030577,1.0,8.0
8.85,36.150500002952654,1.0,8.0
8.9,36.15700000084595,1.0,8.0
8.950000000000001,36.163500000242365,1.0,8.0
9.0,-41.17,-1.0,9.0
9.05,-37.60902398430092,-1.0,9.0
9.1,-36.5934249931195,-1.0,9.0
9.15,-36.307088729280046,-1.0,9.0
9.200000000000001,-36.229689734995425,-1.0,9.0
9.25,-36.21215227068114,-1.0,9.0
9.3,-36.21176542185074,-1.0,9.0
9.35,-36.216292306625576,-1.0,9.0
9.4,-36.22222699964881,-1.0,9.0
9.450000000000001,-36.22856503648827,-1.0,9.0
9.5,-36.23501863326586,-1.0,9.0
9.55,-36.24150533852005,-1.0,9.0
9.600000000000001,-36.2480015295116,-1.0,9.0
9.65,-36.25450043821241,-1.0,9.0
9.700000000000001,-36.26100012554996,-1.0,9.0
9.75,-36.26750003597066,-1.0,9.0
9.8,-36.27400001030577,-1.0,9.0
9.850000000000001,-36.28050000295266,-1.0,9.0
9.9,-36.28700000084595,-1.0,9.0
9.950000000000001,-36.29350000024237,-1.0,9.0
10.0,41.3,1.0,10.0
10.05,37.73902398430093,1.0,10.0
10.100000000000001,36.72342499311948,1.0,10.0
10.15,36.43708872928004,1.0,10.0
10.200000000000001,36.35968973499543,1.0,10.0
10.25,36.34215227068114,1.0,10.0
10.3,36.34176542185074,1.0,10.0
10.350000000000001,36.34629230662558,1.0,10.0
10.4,36.352226999648806,1.0,10.0
10.450000000000001,36.35856503648827,1.0,10.0
10.5,36.36501863326586,1.0,10.0
10.55,36.371505338520045,1.0,10.0
10.600000000000001,36.3780015295116,1.0,10.0
10.65,36.38450043821241,1.0,10.0
10.700000000000001,36.39100012554996,1.0,10.0
10.75,36.397500035970666,1.0,10.0
10.8,36.40400001030577,1.0,10.0
10.850000000000001,36.41050000295265,1.0,10.0
10.9,36.41700000084595,1.0,10.0
10.950000000000001,36.42350000024236,1.0,10.0
11.0,-41.43,-1.0,11.0
11.05,-37.869023984300924,-1.0,11.0
11.100000000000001,-36.853424993119475,-1.0,11.0
11.15,-36.567088729280044,-1.0,11.0
11.200000000000001,-36.48968973499543,-1.0,11.0
11.25,-36.472152270681136,-1.0,11.0
11.3,-36.47176542185074,-1.0,11.0
11.350000000000001,-36.476292306625574,-1.0,11.0
11.4,-36.48222699964881,-1.0,11.0
11.450000000000001,-36.488565036488275,-1.0,11.0
11.5,-36.49501863326586,-1.0,11.0
11.55,-36.50150533852005,-1.0,11.0
11.600000000000001,-36.5080015295116,-1.0,11.0
11.65,-36.51450043821241,-1.0,11.0
11.700000000000001,-36.52100012554996,-1.0,11.0
11.75,-36.52750003597067,-1.0,11.0
11.8,-36.53400001030577,-1.0,11.0
11.850000000000001,-36.540500002952655,-1.0,11.0
11.9,-36.54700000084595,-1.0,11.0
11.950000000000001,-36.553500000242366,-1.0,11.0
12.0,41.56,1.0,12.0
12.05,37.99902398430092,1.0,12.0
12.100000000000001,36.98342499311948,1.0,12.0
12.15,36.69708872928005,1.0,12.0
12.200000000000001,36.619689734995426,1.0,12.0
12.25,36.60215227068114,1.0,12.0
12.3,36.60176542185074,1.0,12.0
12.350000000000001,36.606292306625576,1.0,12.0
12.4,36.61222699964881,1.0,12.0
12.450000000000001,36.61856503648827,1.0,12.0
12.5,36.62501863326586,1.0,12.0
12.55,36.63150533852005,1.0,12.0
12.600000000000001,36.6380015295116,1.0,12.0
12.65,36.64450043821241,1.0,12.0
12.700000000000001,36.65100012554996,1.0,12.0
12.75,36.65750003597066,1.0,12.0
12.8,36.66400001030577,1.0,12.0
12.850000000000001,36.67050000295265,1.0,12.0
12.9,36.67700000084595,1.0,12.0
12.950000000000001,36.68350000024237,1.0,12.0
13.0,-41.69,-1.0,13.0
13.05,-38.12902398430093,-1.0,13.0
13.100000000000001,-37.11342499311948,-1.0,13.0
13.15,-36.82708872928004,-1.0,13.0
13.200000000000001,-36.74968973499543,-1.0,13.0
13.25,-36.732152270681134,-1.0,13.0
13.3,-36.73176542185074,-1.0,13.0
13.350000000000001,-36.73629230662558,-1.0,13.0
13.4,-36.74222699964881,-1.0,13.0
13.450000000000001,-36.74856503648827,-1.0,13.0
13.5,-36.75501863326586,-1.0,13.0
13.55,-36.761505338520045,-1.0,13.0
13.600000000000001,-36.7680015295116,-1.0,13.0
13.65,-36.774500438212414,-1.0,13.0
13.700000000000001,-36.78100012554996,-1.0,13.0
13.75,-36.787500035970666,-1.0,13.0
13.8,-36.794000010305766,-1.0,13.0
13.850000000000001,-36.80050000295265,-1.0,13.0
13.9,-36.80700000084595,-1.0,13.0
13.950000000000001,-36.813500000242364,-1.0,13.0
14.0,41.82,1.0,14.0
14.05,38.259023984300924,1.0,14.0
14.100000000000001,37.243424993119476,1.0,14.0
14.15,36.957088729280045,1.0,14.0
14.200000000000001,36.87968973499543,1.0,14.0
14.25,36.862152270681136,1.0,14.0
14.3,36.86176542185074,1.0,14.0
14.350000000000001,36.866292306625574,1.0,14.0
14.4,36.87222699964881,1.0,14.0
14.450000000000001,36.878565036488276,1.0,14.0
14.5,36.88501863326586,1.0,14.0
14.55,36.89150533852005,1.0,14.0
14.600000000000001,36.8980015295116,1.0,14.0
14.65,36.90450043821241,1.0,14.0
14.700000000000001,36.91100012554996,1.0,14.0
14.75,36.91750003597066,1.0,14.0
14.8,36.92400001030577,1.0,14.0
14.850000000000001,36.930500002952655,1.0,14.0
14.9,36.93700000084595,1.0,14.0
14.950000000000001,36.943500000242366,1.0,14.0
15.0,-41.95,-1.0,15.0
15.05,-38.38902398430092,-1.0,15.0
15.100000000000001,-37.37342499311948,-1.0,15.0
15.15,-37.08708872928004,-1.0,15.0
15.200000000000001,-37.009689734995426,-1.0,15.0
15.25,-36.99215227068114,-1.0,15.0
15.3,-36.99176542185074,-1.0,15.0
15.350000000000001,-36.99629230662558,-1.0,15.0
15.4,-37.00222699964881,-1.0,15.0
15.450000000000001,-37.00856503648827,-1.0,15.0
15.5,-37.01501863326586,-1.0,15.0
15.55,-37.02150533852005,-1.0,15.0
15.600000000000001,-37.0280015295116,-1.0,15.0
15.65,-37.03450043821241,-1.0,15.0
15.700000000000001,-37.04100012554996,-1.0,15.0
15.75,-37.047500035970664,-1.0,15.0
15.8,-37.05400001030577,-1.0,15.0
15.850000000000001,-37.06050000295265,-1.0,15.0
15.9,-37.06700000084595,-1.0,15.0
15.950000000000001,-37.07350000024237,-1.0,15.0
16.0,42.08,1.0,16.0
16.05,38.51902398430093,1.0,16.0
16.1,37.50342499311948,1.0,16.0
16.150000000000002,37.217088729280036,1.0,16.0
16.2,37.13968973499543,1.0,16.0
16.25,37.122152270681134,1.0,16.0
16.3,37.12176542185074,1.0,16.0
16.35,37.12629230662558,1.0,16.0
16.400000000000002,37.13222699964881,1.0,16.0
16.45,37.138565036488274,1.0,16.0
16.5,37.14501863326586,1.0,16.0
16.55,37.151505338520046,1.0,16.0
16.6,37.1580015295116,1.0,16.0
16.650000000000002,37.164500438212414,1.0,16.0
16.7,37.17100012554996,1.0,16.0
16.75,37.17750003597067,1.0,16.0
16.8,37.184000010305766,1.0,16.0
16.85,37.19050000295265,1.0,16.0
16.900000000000002,37.197000000845954,1.0,16.0
16.95,37.203500000242364,1.0,16.0
17.0,-42.21,-1.0,17.0
17.05,-38.649023984300925,-1.0,17.0
17.1,-37.633424993119476,-1.0,17.0
17.150000000000002,-37.34708872928004,-1.0,17.0
17.2,-37.269689734995424,-1.0,17.0
17.25,-37.25215227068114,-1.0,17.0
17.3,-37.25176542185074,-1.0,17.0
17.35,-37.256292306625575,-1.0,17.0
17.400000000000002,-37.26222699964881,-1.0,17.0
17.45,-37.268565036488276,-1.0,17.0
17.5,-37.27501863326586,-1.0,17.0
17.55,-37.28150533852005,-1.0,17.0
17.6,-37.2880015295116,-1.0,17.0
17.650000000000002,-37.29450043821241,-1.0,17.0
17.7,-37.30100012554996,-1.0,17.0
17.75,-37.30750003597066,-1.0,17.0
17.8,-37.31400001030577,-1.0,17.0
17.85,-37.320500002952656,-1.0,17.0
17.900000000000002,-37.32700000084595,-1.0,17.0
17.95,-37.33350000024237,-1.0,17.0
18.0,42.34,1.0,18.0
18.05,38.77902398430092,1.0,18.0
18.1,37.76342499311948,1.0,18.0
18.150000000000002,37.477088729280034,1.0,18.0
18.2,37.39968973499543,1.0,18.0
18.25,37.38215227068114,1.0,18.0
18.3,37.38176542185074,1.0,18.0
18.35,37.38629230662558,1.0,18.0
18.400000000000002,37.39222699964881,1.0,18.0
18.45,37.39856503648827,1.0,18.0
18.5,37.40501863326586,1.0,18.0
18.55,37.41150533852005,1.0,18.0
18.6,37.4180015295116,1.0,18.0
18.650000000000002,37.42450043821241,1.0,18.0
18.7,37.43100012554996,1.0,18.0
18.75,37.437500035970665,1.0,18.0
18.8,37.44400001030577,1.0,18.0
18.85,37.45050000295265,1.0,18.0
18.900000000000002,37.45700000084595,1.0,18.0
18.95,37.46350000024236,1.0,18.0
19.0,-42.47,-1.0,19.0
19.05,-38.90902398430093,-1.0,19.0
19.1,-37.893424993119474,-1.0,19.0
19.150000000000002,-37.607088729280036,-1.0,19.0
19.200000000000003,-37.52968973499543,-1.0,19.0
19.25,-37.512152270681135,-1.0,19.0
19.3,-37.51176542185074,-1.0,19.0
19.35,-37.51629230662558,-1.0,19.0
19.400000000000002,-37.52222699964881,-1.0,19.0
19.450000000000003,-37.528565036488274,-1.0,19.0
19.5,-37.53501863326586,-1.0,19.0
19.55,-37.54150533852005,-1.0,19.0
19.6,-37.5480015295116,-1.0,19.0
19.650000000000002,-37.55450043821241,-1.0,19.0
19.700000000000003,-37.56100012554996,-1.0,19.0
19.75,-37.56750003597067,-1.0,19.0
19.8,-37.57400001030577,-1.0,19.0
19.85,-37.580500002952654,-1.0,19.0
19.900000000000002,-37.587000000845954,-1.0,19.0
19.950000000000003,-37.593500000242365,-1.0,19.0
20.0,42.6,1.0,20.0
20.05,39.039023984300925,1.0,20.0
20.1,38.02342499311948,1.0,20.0
20.150000000000002,37.73708872928004,1.0,20.0
20.200000000000003,37.659689734995425,1.0,20.0
20.25,37.64215227068114,1.0,20.0
20.3,37.64176542185074,1.0,20.0
20.35,37.646292306625575,1.0,20.0
20.400000000000002,37.65222699964881,1.0,20.0
20.450000000000003,37.65856503648828,1.0,20.0
20.5,37.66501863326586,1.0,20.0
20.55,37.67150533852005,1.0,20.0
20.6,37.6780015295116,1.0,20.0
20.650000000000002,37.68450043821241,1.0,20.0
20.700000000000003,37.69100012554996,1.0,20.0
20.75,37.69750003597066,1.0,20.0
20.8,37.70400001030577,1.0,20.0
20.85,37.71050000295266,1.0,20.0
20.900000000000002,37.71700000084595,1.0,20.0
20.950000000000003,37.72350000024237,1.0,20.0
21.0,-42.73,-1.0,21.0
21.05,-39.16902398430092,-1.0,21.0
21.1,-38.15342499311948,-1.0,21.0
21.150000000000002,-37.867088729280034,-1.0,21.0
21.200000000000003,-37.78968973499543,-1.0,21.0
21.25,-37.77215227068114,-1.0,21.0
21.3,-37.77176542185074,-1.0,21.0
21.35,-37.77629230662558,-1.0,21.0
21.400000000000002,-37.78222699964881,-1.0,21.0
21.450000000000003,-37.78856503648827,-1.0,21.0
21.5,-37.79501863326586,-1.0,21.0
21.55,-37.801505338520045,-1.0,21.0
21.6,-37.8080015295116,-1.0,21.0
21.650000000000002,-37.81450043821241,-1.0,21.0
21.700000000000003,-37.82100012554996,-1.0,21.0
21.75,-37.827500035970665,-1.0,21.0
21.8,-37.83400001030577,-1.0,21.0
21.85,-37.84050000295265,-1.0,21.0
21.900000000000002,-37.84700000084595,-1.0,21.0
21.950000000000003,-37.85350000024236,-1.0,21.0
22.0,42.86,1.0,22.0
22.05,39.29902398430093,1.0,22.0
22.1,38.283424993119475,1.0,22.0
22.150000000000002,37.99708872928004,1.0,22.0
22.200000000000003,37.91968973499543,1.0,22.0
22.25,37.902152270681135,1.0,22.0
22.3,37.90176542185074,1.0,22.0
22.35,37.90629230662558,1.0,22.0
22.400000000000002,37.91222699964881,1.0,22.0
22.450000000000003,37.918565036488275,1.0,22.0
22.5,37.92501863326586,1.0,22.0
22.55,37.93150533852005,1.0,22.0
22.6,37.9380015295116,1.0,22.0
22.650000000000002,37.94450043821241,1.0,22.0
22.700000000000003,37.95100012554996,1.0,22.0
22.75,37.95750003597067,1.0,22.0
22.8,37.96400001030577,1.0,22.0
22.85,37.970500002952654,1.0,22.0
22.900000000000002,37.977000000845955,1.0,22.0
22.950000000000003,37.983500000242366,1.0,22.0
23.0,-42.99,-1.0,23.0
23.05,-39.429023984300926,-1.0,23.0
23.1,-38.41342499311948,-1.0,23.0
23.150000000000002,-38.12708872928004,-1.0,23.0
23.200000000000003,-38.049689734995425,-1.0,23.0
23.25,-38.03215227068114,-1.0,23.0
23.3,-38.03176542185074,-1.0,23.0
23.35,-38.036292306625576,-1.0,23.0
23.400000000000002,-38.04222699964881,-1.0,23.0
23.450000000000003,-38.04856503648828,-1.0,23.0
23.5,-38.05501863326586,-1.0,23.0
23.55,-38.06150533852005,-1.0,23.0
23.6,-38.0680015295116,-1.0,23.0
23.650000000000002,-38.07450043821241,-1.0,23.0
23.700000000000003,-38.08100012554996,-1.0,23.0
23.75,-38.08750003597066,-1.0,23.0
23.8,-38.09400001030577,-1.0,23.0
23.85,-38.10050000295265,-1.0,23.0
23.900000000000002,-38.10700000084595,-1.0,23.0
23.950000000000003,-38.11350000024237,-1.0,23.0
24.0,43.12,1.0,24.0
24.05,39.55902398430092,1.0,24.0
24.1,38.54342499311948,1.0,24.0
24.150000000000002,38.257088729280035,1.0,24.0
24.200000000000003,38.17968973499543,1.0,24.0
24.25,38.16215227068114,1.0,24.0
24.3,38.16176542185074,1.0,24.0
24.35,38.16629230662558,1.0,24.0
24.400000000000002,38.17222699964881,1.0,24.0
24.450000000000003,38.17856503648827,1.0,24.0
24.5,38.18501863326586,1.0,24.0
24.55,38.191505338520045,1.0,24.0
24.6,38.1980015295116,1.0,24.0
24.650000000000002,38.20450043821241,1.0,24.0
24.700000000000003,38.21100012554996,1.0,24.0
24.75,38.217500035970666,1.0,24.0
24.8,38.22400001030577,1.0,24.0
24.85,38.23050000295265,1.0,24.0
24.900000000000002,38.23700000084595,1.0,24.0
24.950000000000003,38.24350000024236,1.0,24.0
25.0,-43.25,-1.0,25.0
25.05,-39.68902398430093,-1.0,25.0
25.1,-38.673424993119475,-1.0,25.0
25.150000000000002,-38.38708872928004,-1.0,25.0
25.200000000000003,-38.30968973499543,-1.0,25.0
25.25,-38.292152270681136,-1.0,25.0
25.3,-38.29176542185074,-1.0,25.0
25.35,-38.296292306625574,-1.0,25.0
25.400000000000002,-38.30222699964881,-1.0,25.0
25.450000000000003,-38.308565036488275,-1.0,25.0
25.5,-38.31501863326586,-1.0,25.0
25.55,-38.32150533852005,-1.0,25.0
25.6,-38.3280015295116,-1.0,25.0
25.650000000000002,-38.33450043821241,-1.0,25.0
25.700000000000003,-38.34100012554996,-1.0,25.0
25.75,-38.34750003597066,-1.0,25.0
25.8,-38.35400001030577,-1.0,25.0
25.85,-38.360500002952655,-1.0,25.0
25.900000000000002,-38.36700000084595,-1.0,25.0
25.950000000000003,-38.373500000242366,-1.0,25.0
26.0,43.38,1.0,26.0
26.05,39.81902398430093,1.0,26.0
26.1,38.80342499311948,1.0,26.0
26.150000000000002,38.51708872928004,1.0,26.0
26.200000000000003,38.439689734995426,1.0,26.0
26.25,38.42215227068114,1.0,26.0
26.3,38.421765421850736,1.0,26.0
26.35,38.42629230662558,1.0,26.0
26.400000000000002,38.43222699964881,1.0,26.0
26.450000000000003,38.43856503648827,1.0,26.0
26.5,38.44501863326586,1.0,26.0
26.55,38.45150533852005,1.0,26.0
26.6,38.4580015295116,1.0,26.0
26.650000000000002,38.46450043821241,1.0,26.0
26.700000000000003,38.47100012554996,1.0,26.0
26.75,38.477500035970664,1.0,26.0
26.8,38.48400001030577,1.0,26.0
26.85,38.49050000295265,1.0,26.0
26.900000000000002,38.49700000084595,1.0,26.0
26.950000000000003,38.50350000024237,1.0,26.0
27.0,-43.51,-1.0,27.0
27.05,-39.94902398430092,-1.0,27.0
27.1,-38.93342499311948,-1.0,27.0
27.150000000000002,-38.647088729280036,-1.0,27.0
27.200000000000003,-38.56968973499543,-1.0,27.0
27.25,-38.552152270681134,-1.0,27.0
27.3,-38.55176542185074,-1.0,27.0
27.35,-38.55629230662558,-1.0,27.0
27.400000000000002,-38.56222699964881,-1.0,27.0
27.450000000000003,-38.56856503648827,-1.0,27.0
27.5,-38.57501863326586,-1.0,27.0
27.55,-38.581505338520046,-1.0,27.0
27.6,-38.5880015295116,-1.0,27.0
27.650000000000002,-38.594500438212414,-1.0,27.0
27.700000000000003,-38.60100012554996,-1.0,27.0
27.75,-38.607500035970666,-1.0,27.0
27.8,-38.614000010305766,-1.0,27.0
27.85,-38.62050000295265,-1.0,27.0
27.900000000000002,-38.62700000084595,-1.0,27.0
27.950000000000003,-38.633500000242364,-1.0,27.0
28.0,43.64,1.0,28.0
28.05,40.07902398430093,1.0,28.0
28.1,39.063424993119476,1.0,28.0
28.150000000000002,38.77708872928004,1.0,28.0
28.200000000000003,38.699689734995424,1.0,28.0
28.25,38.68215227068114,1.0,28.0
28.3,38.68176542185074,1.0,28.0
28.35,38.686292306625575,1.0,28.0
28.400000000000002,38.69222699964881,1.0,28.0
28.450000000000003,38.698565036488276,1.0,28.0
28.5,38.70501863326586,1.0,28.0
28.55,38.71150533852005,1.0,28.0
28.6,38.718001529511604,1.0,28.0
28.650000000000002,38.72450043821241,1.0,28.0
28.700000000000003,38.73100012554996,1.0,28.0
28.75,38.73750003597066,1.0,28.0
28.8,38.74400001030577,1.0,28.0
28.85,38.750500002952656,1.0,28.0
28.900000000000002,38.75700000084595,1.0,28.0
28.950000000000003,38.76350000024237,1.0,28.0
29.0,-43.77,-1.0,29.0
29.05,-40.20902398430093,-1.0,29.0
29.1,-39.19342499311948,-1.0,29.0
29.150000000000002,-38.90708872928004,-1.0,29.0
29.200000000000003,-38.829689734995426,-1.0,29.0
29.25,-38.81215227068114,-1.0,29.0
29.3,-38.81176542185074,-1.0,29.0
29.35,-38.81629230662558,-1.0,29.0
29.400000000000002,-38.82222699964881,-1.0,29.0
29.450000000000003,-38.82856503648827,-1.0,29.0
29.5,-38.83501863326586,-1.0,29.0
29.55,-38.84150533852005,-1.0,29.0
29.6,-38.8480015295116,-1.0,29.0
29.650000000000002,-38.85450043821241,-1.0,29.0
29.700000000000003,-38.861000125549964,-1.0,29.0
29.75,-38.867500035970664,-1.0,29.0
29.8,-38.87400001030577,-1.0,29.0
29.85,-38.88050000295265,-1.0,29.0
29.900000000000002,-38.88700000084595,-1.0,29.0
29.950000000000003,-38.89350000024237,-1.0,29.0
30.0,43.9,1.0,30.0
30.05,40.33902398430092,1.0,30.0
30.1,39.323424993119474,1.0,30.0
30.150000000000002,39.037088729280036,1.0,30.0
30.200000000000003,38.95968973499543,1.0,30.0
30.25,38.942152270681134,1.0,30.0
30.3,38.94176542185074,1.0,30.0
30.35,38.94629230662558,1.0,30.0
30.400000000000002,38.95222699964881,1.0,30.0
30.450000000000003,38.958565036488274,1.0,30.0
30.5,38.96501863326586,1.0,30.0
30.55,38.971505338520046,1.0,30.0
30.6,38.9780015295116,1.0,30.0
30.650000000000002,38.98450043821241,1.0,30.0
30.700000000000003,38.99100012554996,1.0,30.0
30.75,38.99750003597067,1.0,30.0
30.8,39.00400001030577,1.0,30.0
30.85,39.010500002952654,1.0,30.0
30.900000000000002,39.017000000845954,1.0,30.0
30.950000000000003,39.023500000242365,1.0,30.0
31.0,-44.03,-1.0,31.0
31.05,-40.46902398430093,-1.0,31.0
31.1,-39.45342499311948,-1.0,31.0
31.150000000000002,-39.16708872928004,-1.0,31.0
31.200000000000003,-39.089689734995424,-1.0,31.0
31.25,-39.07215227068114,-1.0,31.0
31.3,-39.07176542185074,-1.0,31.0
31.35,-39.076292306625575,-1.0,31.0
31.400000000000002,-39.08222699964881,-1.0,31.0
31.450000000000003,-39.088565036488276,-1.0,31.0
31.5,-39.09501863326586,-1.0,31.0
31.55,-39.10150533852005,-1.0,31.0
31.6,-39.108001529511604,-1.0,31.0
31.650000000000002,-39.11450043821241,-1.0,31.0
31.700000000000003,-39.12100012554996,-1.0,31.0
31.75,-39.12750003597066,-1.0,31.0
31.8,-39.13400001030577,-1.0,31.0
31.85,-39.140500002952656,-1.0,31.0
31.900000000000002,-39.14700000084595,-1.0,31.0
31.950000000000003,-39.15350000024237,-1.0,31.0
32.0,44.16,1.0,32.0
32.050000000000004,40.5990239843008,1.0,32.0
32.1,39.58342499311948,1.0,32.0
32.15,39.29708872928005,1.0,32.0
32.2,39.21968973499543,1.0,32.0
32.25,39.20215227068114,1.0,32.0
32.300000000000004,39.20176542185074,1.0,32.0
32.35,39.20629230662558,1.0,32.0
32.4,39.21222699964881,1.0,32.0
32.45,39.21856503648827,1.0,32.0
32.5,39.22501863326586,1.0,32.0
32.550000000000004,39.231505338520044,1.0,32.0
32.6,39.2380015295116,1.0,32.0
32.65,39.24450043821241,1.0,32.0
32.7,39.25100012554996,1.0,32.0
32.75,39.257500035970665,1.0,32.0
32.800000000000004,39.26400001030577,1.0,32.0
32.85,39.27050000295265,1.0,32.0
32.9,39.27700000084595,1.0,32.0
32.95,39.28350000024237,1.0,32.0
33.0,-44.29,-1.0,33.0
33.050000000000004,-40.7290239843008,-1.0,33.0
33.1,-39.713424993119474,-1.0,33.0
33.15,-39.42708872928005,-1.0,33.0
33.2,-39.34968973499543,-1.0,33.0
33.25,-39.332152270681135,-1.0,33.0
33.300000000000004,-39.33176542185074,-1.0,33.0
33.35,-39.33629230662558,-1.0,33.0
33.4,-39.34222699964881,-1.0,33.0
33.45,-39.348565036488274,-1.0,33.0
33.5,-39.355018633265864,-1.0,33.0
33.550000000000004,-39.36150533852005,-1.0,33.0
33.6,-39.3680015295116,-1.0,33.0
33.65,-39.37450043821241,-1.0,33.0
33.7,-39.38100012554996,-1.0,33.0
33.75,-39.38750003597067,-1.0,33.0
33.800000000000004,-39.39400001030577,-1.0,33.0
33.85,-39.400500002952654,-1.0,33.0
33.9,-39.40700000084595,-1.0,33.0
33.95,-39.413500000242365,-1.0,33.0
34.0,44.42,1.0,34.0
34.050000000000004,40.859023984300805,1.0,34.0
34.1,39.84342499311948,1.0,34.0
34.15,39.55708872928005,1.0,34.0
34.2,39.479689734995425,1.0,34.0
34.25,39.46215227068114,1.0,34.0
34.300000000000004,39.46176542185074,1.0,34.0
34.35,39.466292306625576,1.0,34.0
34.4,39.47222699964881,1.0,34.0
34.45,39.47856503648827,1.0,34.0
34.5,39.48501863326586,1.0,34.0
34.550000000000004,39.49150533852005,1.0,34.0
34.6,39.4980015295116,1.0,34.0
34.65,39.50450043821241,1.0,34.0
34.7,39.51100012554996,1.0,34.0
34.75,39.51750003597066,1.0,34.0
34.800000000000004,39.52400001030577,1.0,34.0
34.85,39.53050000295266,1.0,34.0
34.9,39.53700000084595,1.0,34.0
34.95,39.54350000024237,1.0,34.0
35.0,-44.55,-1.0,35.0
35.050000000000004,-40.9890239843008,-1.0,35.0
35.1,-39.97342499311948,-1.0,35.0
35.15,-39.68708872928005,-1.0,35.0
35.2,-39.60968973499543,-1.0,35.0
35.25,-39.59215227068114,-1.0,35.0
35.300000000000004,-39.59176542185074,-1.0,35.0
35.35,-39.59629230662558,-1.0,35.0
35.4,-39.60222699964881,-1.0,35.0
35.45,-39.60856503648827,-1.0,35.0
35.5,-39.61501863326586,-1.0,35.0
35.550000000000004,-39.621505338520045,-1.0,35.0
35.6,-39.6280015295116,-1.0,35.0
35.65,-39.63450043821241,-1.0,35.0
35.7,-39.64100012554996,-1.0,35.0
35.75,-39.647500035970666,-1.0,35.0
35.800000000000004,-39.65400001030577,-1.0,35.0
35.85,-39.66050000295265,-1.0,35.0
35.9,-39.66700000084595,-1.0,35.0
35.95,-39.67350000024237,-1.0,35.0
36.0,44.68,1.0,36.0
36.050000000000004,41.1190239843008,1.0,36.0
36.1,40.103424993119475,1.0,36.0
36.15,39.81708872928005,1.0,36.0
36.2,39.73968973499543,1.0,36.0
36.25,39.722152270681136,1.0,36.0
36.300000000000004,39.72176542185074,1.0,36.0
36.35,39.726292306625574,1.0,36.0
36.4,39.73222699964881,1.0,36.0
36.45,39.738565036488275,1.0,36.0
36.5,39.74501863326586,1.0,36.0
36.550000000000004,39.75150533852005,1.0,36.0
36.6,39.7580015295116,1.0,36.0
36.65,39.76450043821241,1.0,36.0
36.7,39.77100012554996,1.0,36.0
36.75,39.77750003597067,1.0,36.0
36.800000000000004,39.78400001030577,1.0,36.0
36.85,39.790500002952655,1.0,36.0
36.9,39.79700000084595,1.0,36.0
36.95,39.803500000242366,1.0,36.0
37.0,-44.81,-1.0,37.0
37.050000000000004,-41.2490239843008,-1.0,37.0
37.1,-40.23342499311948,-1.0,37.0
37.15,-39.947088729280054,-1.0,37.0
37.2,-39.869689734995426,-1.0,37.0
37.25,-39.85215227068114,-1.0,37.0
37.300000000000004,-39.85176542185074,-1.0,37.0
37.35,-39.856292306625576,-1.0,37.0
37.4,-39.86222699964881,-1.0,37.0
37.45,-39.86856503648827,-1.0,37.0
37.5,-39.87501863326586,-1.0,37.0
37.550000000000004,-39.88150533852005,-1.0,37.0
37.6,-39.8880015295116,-1.0,37.0
37.65,-39.89450043821241,-1.0,37.0
37.7,-39.90100012554996,-1.0,37.0
37.75,-39.90750003597066,-1.0,37.0
37.800000000000004,-39.91400001030577,-1.0,37.0
37.85,-39.92050000295266,-1.0,37.0
37.9,-39.92700000084595,-1.0,37.0
37.95,-39.93350000024237,-1.0,37.0
38.0,44.94,1.0,38.0
38.050000000000004,41.3790239843008,1.0,38.0
38.1,40.36342499311948,1.0,38.0
38.15,40.07708872928005,1.0,38.0
38.2,39.99968973499543,1.0,38.0
38.25,39.982152270681134,1.0,38.0
38.300000000000004,39.98176542185074,1.0,38.0
38.35,39.98629230662558,1.0,38.0
38.400000000000006,39.992226999648814,1.0,38.0
38.45,39.99856503648827,1.0,38.0
38.5,40.00501863326586,1.0,38.0
38.550000000000004,40.011505338520045,1.0,38.0
38.6,40.0180015295116,1.0,38.0
38.650000000000006,40.024500438212414,1.0,38.0
38.7,40.03100012554996,1.0,38.0
38.75,40.037500035970666,1.0,38.0
38.800000000000004,40.044000010305766,1.0,38.0
38.85,40.05050000295265,1.0,38.0
38.900000000000006,40.05700000084595,1.0,38.0
38.95,40.063500000242364,1.0,38.0
39.0,-45.07,-1.0,39.0
39.050000000000004,-41.5090239843008,-1.0,39.0
39.1,-40.493424993119476,-1.0,39.0
39.150000000000006,-40.20708872928003,-1.0,39.0
39.2,-40.12968973499543,-1.0,39.0
39.25,-40.112152270681136,-1.0,39.0
39.300000000000004,-40.11176542185074,-1.0,39.0
39.35,-40.116292306625574,-1.0,39.0
39.400000000000006,-40.12222699964881,-1.0,39.0
39.45,-40.128565036488276,-1.0,39.0
39.5,-40.13501863326586,-1.0,39.0
39.550000000000004,-40.14150533852005,-1.0,39.0
39.6,-40.1480015295116,-1.0,39.0
39.650000000000006,-40.15450043821241,-1.0,39.0
39.7,-40.16100012554996,-1.0,39.0
39.75,-40.16750003597067,-1.0,39.0
39.800000000000004,-40.17400001030577,-1.0,39.0
39.85,-40.180500002952655,-1.0,39.0
39.900000000000006,-40.18700000084595,-1.0,39.0
39.95,-40.193500000242366,-1.0,39.0
40.0,45.2,1.0,40.0
40.050000000000004,41.6390239843008,1.0,40.0
40.1,40.62342499311948,1.0,40.0
40.150000000000006,40.33708872928003,1.0,40.0
40.2,40.259689734995426,1.0,40.0
40.25,40.24215227068114,1.0,40.0
40.300000000000004,40.241765421850744,1.0,40.0
40.35,40.24629230662558,1.0,40.0
40.400000000000006,40.25222699964881,1.0,40.0
40.45,40.25856503648827,1.0,40.0
40.5,40.26501863326586,1.0,40.0
40.550000000000004,40.27150533852005,1.0,40.0
40.6,40.2780015295116,1.0,40.0
40.650000000000006,40.28450043821241,1.0,40.0
40.7,40.29100012554996,1.0,40.0
40.75,40.297500035970664,1.0,40.0
40.800000000000004,40.30400001030577,1.0,40.0
40.85,40.31050000295265,1.0,40.0
40.900000000000006,40.31700000084595,1.0,40.0
40.95,40.32350000024237,1.0,40.0
41.0,-45.33,-1.0,41.0
41.050000000000004,-41.7690239843008,-1.0,41.0
41.1,-40.75342499311948,-1.0,41.0
41.150000000000006,-40.46708872928003,-1.0,41.0
41.2,-40.38968973499543,-1.0,41.0
41.25,-40.372152270681134,-1.0,41.0
41.300000000000004,-40.37176542185074,-1.0,41.0
41.35,-40.37629230662558,-1.0,41.0
41.400000000000006,-40.38222699964881,-1.0,41.0
41.45,-40.388565036488274,-1.0,41.0
41.5,-40.39501863326586,-1.0,41.0
41.550000000000004,-40.401505338520046,-1.0,41.0
41.6,-40.4080015295116,-1.0,41.0
41.650000000000006,-40.414500438212414,-1.0,41.0
41.7,-40.42100012554996,-1.0,41.0
41.75,-40.42750003597067,-1.0,41.0
41.800000000000004,-40.434000010305766,-1.0,41.0
41.85,-40.44050000295265,-1.0,41.0
41.900000000000006,-40.447000000845954,-1.0,41.0
41.95,-40.453500000242364,-1.0,41.0
42.0,45.46,1.0,42.0
42.050000000000004,41.899023984300804,1.0,42.0
42.1,40.883424993119476,1.0,42.0
42.150000000000006,40.59708872928003,1.0,42.0
42.2,40.51968973499543,1.0,42.0
42.25,40.50215227068114,1.0,42.0
42.300000000000004,40.50176542185074,1.0,42.0
42.35,40.506292306625575,1.0,42.0
42.400000000000006,40.51222699964881,1.0,42.0
42.45,40.518565036488276,1.0,42.0
42.5,40.52501863326586,1.0,42.0
42.550000000000004,40.53150533852005,1.0,42.0
42.6,40.5380015295116,1.0,42.0
42.650000000000006,40.54450043821241,1.0,42.0
42.7,40.55100012554996,1.0,42.0
42.75,40.55750003597066,1.0,42.0
42.800000000000004,40.56400001030577,1.0,42.0
42.85,40.570500002952656,1.0,42.0
42.900000000000006,40.57700000084595,1.0,42.0
42.95,40.58350000024237,1.0,42.0
43.0,-45.59,-1.0,43.0
43.050000000000004,-42.0290239843008,-1.0,43.0
43.1,-41.01342499311948,-1.0,43.0
43.150000000000006,-40.72708872928003,-1.0,43.0
43.2,-40.64968973499543,-1.0,43.0
43.25,-40.63215227068114,-1.0,43.0
43.300000000000004,-40.63176542185074,-1.0,43.0
43.35,-40.63629230662558,-1.0,43.0
43.400000000000006,-40.64222699964881,-1.0,43.0
43.45,-40.64856503648827,-1.0,43.0
43.5,-40.65501863326586,-1.0,43.0
43.550000000000004,-40.66150533852005,-1.0,43.0
43.6,-40.6680015295116,-1.0,43.0
43.650000000000006,-40.67450043821241,-1.0,43.0
43.7,-40.68100012554996,-1.0,43.0
43.75,-40.687500035970665,-1.0,43.0
43.800000000000004,-40.69400001030577,-1.0,43.0
43.85,-40.70050000295265,-1.0,43.0
43.900000000000006,-40.70700000084595,-1.0,43.0
43.95,-40.71350000024237,-1.0,43.0
44.0,45.72,1.0,44.0
44.050000000000004,42.1590239843008,1.0,44.0
44.1,41.14342499311948,1.0,44.0
44.150000000000006,40.85708872928003,1.0,44.0
44.2,40.77968973499543,1.0,44.0
44.25,40.762152270681135,1.0,44.0
44.300000000000004,40.76176542185074,1.0,44.0
44.35,40.76629230662558,1.0,44.0
44.400000000000006,40.77222699964881,1.0,44.0
44.45,40.778565036488274,1.0,44.0
44.5,40.78501863326586,1.0,44.0
44.550000000000004,40.79150533852005,1.0,44.0
44.6,40.7980015295116,1.0,44.0
44.650000000000006,40.804500438212415,1.0,44.0
44.7,40.81100012554996,1.0,44.0
44.75,40.81750003597067,1.0,44.0
44.800000000000004,40.82400001030577,1.0,44.0
44.85,40.830500002952654,1.0,44.0
44.900000000000006,40.837000000845954,1.0,44.0
44.95,40.843500000242365,1.0,44.0
45.0,-45.85,-1.0,45.0
45.050000000000004,-42.2890239843008,-1.0,45.0
45.1,-41.27342499311948,-1.0,45.0
45.150000000000006,-40.98708872928003,-1.0,45.0
45.2,-40.909689734995425,-1.0,45.0
45.25,-40.89215227068114,-1.0,45.0
45.300000000000004,-40.89176542185074,-1.0,45.0
45.35,-40.896292306625575,-1.0,45.0
45.400000000000006,-40.90222699964881,-1.0,45.0
45.45,-40.90856503648828,-1.0,45.0
45.5,-40.91501863326586,-1.0,45.0
45.550000000000004,-40.92150533852005,-1.0,45.0
45.6,-40.9280015295116,-1.0,45.0
45.650000000000006,-40.93450043821241,-1.0,45.0
45.7,-40.94100012554996,-1.0,45.0
45.75,-40.94750003597066,-1.0,45.0
45.800000000000004,-40.95400001030577,-1.0,45.0
45.85,-40.96050000295266,-1.0,45.0
45.900000000000006,-40.96700000084595,-1.0,45.0
45.95,-40.97350000024237,-1.0,45.0
46.0,45.980000000000004,1.0,46.0
46.050000000000004,42.4190239843008,1.0,46.0
46.1,41.40342499311948,1.0,46.0
46.150000000000006,41.11708872928003,1.0,46.0
46.2,41.03968973499543,1.0,46.0
46.25,41.02215227068114,1.0,46.0
46.300000000000004,41.02176542185074,1.0,46.0
46.35,41.02629230662558,1.0,46.0
46.400000000000006,41.03222699964881,1.0,46.0
46.45,41.03856503648827,1.0,46.0
46.5,41.04501863326586,1.0,46.0
46.550000000000004,41.05150533852005,1.0,46.0
46.6,41.0580015295116,1.0,46.0
46.650000000000006,41.06450043821241,1.0,46.0
46.7,41.07100012554996,1.0,46.0
46.75,41.077500035970665,1.0,46.0
46.800000000000004,41.08400001030577,1.0,46.0
46.85,41.09050000295265,1.0,46.0
46.900000000000006,41.09700000084595,1.0,46.0
46.95,41.10350000024236,1.0,46.0
47.0,-46.11,-1.0,47.0
47.050000000000004,-42.5490239843008,-1.0,47.0
47.1,-41.533424993119475,-1.0,47.0
47.150000000000006,-41.24708872928003,-1.0,47.0
47.2,-41.16968973499543,-1.0,47.0
47.25,-41.152152270681135,-1.0,47.0
47.300000000000004,-41.15176542185074,-1.0,47.0
47.35,-41.15629230662558,-1.0,47.0
47.400000000000006,-41.16222699964881,-1.0,47.0
47.45,-41.168565036488275,-1.0,47.0
47.5,-41.17501863326586,-1.0,47.0
47.550000000000004,-41.18150533852005,-1.0,47.0
47.6,-41.1880015295116,-1.0,47.0
47.650000000000006,-41.19450043821241,-1.0,47.0
47.7,-41.20100012554996,-1.0,47.0
47.75,-41.20750003597067,-1.0,47.0
47.800000000000004,-41.21400001030577,-1.0,47.0
47.85,-41.220500002952654,-1.0,47.0
47.900000000000006,-41.227000000845955,-1.0,47.0
47.95,-41.233500000242366,-1.0,47.0
48.0,46.24,1.0,48.0
48.050000000000004,42.6790239843008,1.0,48.0
48.1,41.66342499311948,1.0,48.0
48.150000000000006,41.37708872928003,1.0,48.0
48.2,41.299689734995425,1.0,48.0
48.25,41.28215227068114,1.0,48.0
48.300000000000004,41.28176542185074,1.0,48.0
48.35,41.286292306625576,1.0,48.0
48.400000000000006,41.29222699964881,1.0,48.0
48.45,41.29856503648828,1.0,48.0
48.5,41.30501863326586,1.0,48.0
48.550000000000004,41.31150533852005,1.0,48.0
48.6,41.3180015295116,1.0,48.0
48.650000000000006,41.32450043821241,1.0,48.0
48.7,41.33100012554996,1.0,48.0
48.75,41.33750003597066,1.0,48.0
48.800000000000004,41.34400001030577,1.0,48.0
48.85,41.35050000295265,1.0,48.0
48.900000000000006,41.35700000084595,1.0,48.0
48.95,41.36350000024237,1.0,48.0
49.0,-46.37,-1.0,49.0
49.050000000000004,-42.8090239843008,-1.0,49.0
49.1,-41.79342499311948,-1.0,49.0
49.150000000000006,-41.50708872928003,-1.0,49.0
49.2,-41.42968973499543,-1.0,49.0
49.25,-41.41215227068114,-1.0,49.0
49.300000000000004,-41.41176542185074,-1.0,49.0
49.35,-41.41629230662558,-1.0,49.0
49.400000000000006,-41.42222699964881,-1.0,49.0
49.45,-41.42856503648827,-1.0,49.0
49.5,-41.43501863326586,-1.0,49.0
49.550000000000004,-41.441505338520045,-1.0,49.0
49.6,-41.4480015295116,-1.0,49.0
49.650000000000006,-41.45450043821241,-1.0,49.0
49.7,-41.46100012554996,-1.0,49.0
49.75,-41.467500035970666,-1.0,49.0
49.800000000000004,-41.47400001030577,-1.0,49.0
49.85,-41.48050000295265,-1.0,49.0
49.900000000000006,-41.48700000084595,-1.0,49.0
49.95,-41.49350000024236,-1.0,49.0
50.0,46.5,1.0,50.0
50.050000000000004,42.9390239843008,1.0,50.0
50.1,41.923424993119475,1.0,50.0
50.150000000000006,41.63708872928003,1.0,50.0
50.2,41.55968973499543,1.0,50.0
50.25,41.542152270681136,1.0,50.0
50.300000000000004,41.54176542185074,1.0,50.0
50.35,41.54629230662558,1.0,50.0
50.400000000000006,41.55222699964881,1.0,50.0
50.45,41.558565036488275,1.0,50.0
50.5,41.56501863326586,1.0,50.0
50.550000000000004,41.57150533852005,1.0,50.0
50.6,41.5780015295116,1.0,50.0
50.650000000000006,41.58450043821241,1.0,50.0
50.7,41.59100012554996,1.0,50.0
50.75,41.59750003597066,1.0,50.0
50.800000000000004,41.60400001030577,1.0,50.0
50.85,41.610500002952655,1.0,50.0
50.900000000000006,41.617000000845955,1.0,50.0
50.95,41.623500000242366,1.0,50.0
51.0,-46.63,-1.0,51.0
51.050000000000004,-43.0690239843008,-1.0,51.0
51.1,-42.05342499311948,-1.0,51.0
51.150000000000006,-41.76708872928003,-1.0,51.0
51.2,-41.689689734995426,-1.0,51.0
51.25,-41.67215227068114,-1.0,51.0
51.300000000000004,-41.671765421850736,-1.0,51.0
51.35,-41.67629230662558,-1.0,51.0
51.400000000000006,-41.68222699964881,-1.0,51.0
51.45,-41.68856503648827,-1.0,51.0
51.5,-41.69501863326586,-1.0,51.0
51.550000000000004,-41.70150533852005,-1.0,51.0
51.6,-41.7080015295116,-1.0,51.0
51.650000000000006,-41.71450043821241,-1.0,51.0
51.7,-41.72100012554996,-1.0,51.0
51.75,-41.727500035970664,-1.0,51.0
51.800000000000004,-41.73400001030577,-1.0,51.0
51.85,-41.74050000295265,-1.0,51.0
51.900000000000006,-41.74700000084595,-1.0,51.0
51.95,-41.75350000024237,-1.0,51.0
52.0,46.76,1.0,52.0
52.050000000000004,43.1990239843008,1.0,52.0
52.1,42.18342499311948,1.0,52.0
52.150000000000006,41.89708872928003,1.0,52.0
52.2,41.81968973499543,1.0,52.0
52.25,41.80215227068114,1.0,52.0
52.300000000000004,41.80176542185074,1.0,52.0
52.35,41.80629230662558,1.0,52.0
52.400000000000006,41.81222699964881,1.0,52.0
52.45,41.81856503648827,1.0,52.0
52.5,41.82501863326586,1.0,52.0
52.550000000000004,41.831505338520046,1.0,52.0
52.6,41.8380015295116,1.0,52.0
52.650000000000006,41.844500438212414,1.0,52.0
52.7,41.85100012554996,1.0,52.0
52.75,41.857500035970666,1.0,52.0
52.800000000000004,41.86400001030577,1.0,52.0
52.85,41.87050000295265,1.0,52.0
52.900000000000006,41.87700000084595,1.0,52.0
52.95,41.883500000242364,1.0,52.0
53.0,-46.89,-1.0,53.0
53.050000000000004,-43.329023984300804,-1.0,53.0
53.1,-42.313424993119476,-1.0,53.0
53.150000000000006,-42.02708872928003,-1.0,53.0
53.2,-41.949689734995424,-1.0,53.0
53.25,-41.93215227068114,-1.0,53.0
53.300000000000004,-41.93176542185074,-1.0,53.0
53.35,-41.936292306625575,-1.0,53.0
53.400000000000006,-41.94222699964881,-1.0,53.0
53.45,-41.948565036488276,-1.0,53.0
53.5,-41.95501863326586,-1.0,53.0
53.550000000000004,-41.96150533852005,-1.0,53.0
53.6,-41.968001529511604,-1.0,53.0
53.650000000000006,-41.97450043821241,-1.0,53.0
53.7,-41.98100012554996,-1.0,53.0
53.75,-41.98750003597066,-1.0,53.0
53.800000000000004,-41.99400001030577,-1.0,53.0
53.85,-42.000500002952656,-1.0,53.0
53.900000000000006,-42.00700000084595,-1.0,53.0
53.95,-42.01350000024237,-1.0,53.0
54.0,47.02,1.0,54.0
54.050000000000004,43.4590239843008,1.0,54.0
54.1,42.44342499311948,1.0,54.0
54.150000000000006,42.157088729280034,1.0,54.0
54.2,42.079689734995426,1.0,54.0
54.25,42.06215227068114,1.0,54.0
54.300000000000004,42.06176542185074,1.0,54.0
54.35,42.06629230662558,1.0,54.0
54.400000000000006,42.07222699964881,1.0,54.0
54.45,42.07856503648827,1.0,54.0
54.5,42.08501863326586,1.0,54.0
54.550000000000004,42.09150533852005,1.0,54.0
54.6,42.0980015295116,1.0,54.0
54.650000000000006,42.10450043821241,1.0,54.0
54.7,42.111000125549964,1.0,54.0
54.75,42.117500035970664,1.0,54.0
54.800000000000004,42.12400001030577,1.0,54.0
54.85,42.13050000295265,1.0,54.0
54.900000000000006,42.13700000084595,1.0,54.0
54.95,42.14350000024237,1.0,54.0
55.0,-47.15,-1.0,55.0
55.050000000000004,-43.5890239843008,-1.0,55.0
55.1,-42.573424993119474,-1.0,55.0
55.150000000000006,-42.28708872928003,-1.0,55.0
55.2,-42.20968973499543,-1.0,55.0
55.25,-42.192152270681134,-1.0,55.0
55.300000000000004,-42.19176542185074,-1.0,55.0
55.35,-42.19629230662558,-1.0,55.0
55.400000000000006,-42.20222699964881,-1.0,55.0
55.45,-42.208565036488274,-1.0,55.0
55.5,-42.21501863326586,-1.0,55.0
55.550000000000004,-42.221505338520046,-1.0,55.0
55.6,-42.2280015295116,-1.0,55.0
55.650000000000006,-42.23450043821241,-1.0,55.0
55.7,-42.24100012554996,-1.0,55.0
55.75,-42.24750003597067,-1.0,55.0
55.800000000000004,-42.25400001030577,-1.0,55.0
55.85,-42.260500002952654,-1.0,55.0
55.900000000000006,-42.267000000845954,-1.0,55.0
55.95,-42.273500000242365,-1.0,55.0
56.0,47.28,1.0,56.0
56.050000000000004,43.719023984300804,1.0,56.0
56.1,42.70342499311948,1.0,56.0
56.150000000000006,42.41708872928003,1.0,56.0
56.2,42.339689734995424,1.0,56.0
56.25,42.32215227068114,1.0,56.0
56.300000000000004,42.32176542185074,1.0,56.0
56.35,42.326292306625575,1.0,56.0
56.400000000000006,42.33222699964881,1.0,56.0
56.45,42.338565036488276,1.0,56.0
56.5,42.34501863326586,1.0,56.0
56.550000000000004,42.35150533852005,1.0,56.0
56.6,42.358001529511604,1.0,56.0
56.650000000000006,42.36450043821241,1.0,56.0
56.7,42.37100012554996,1.0,56.0
56.75,42.37750003597066,1.0,56.0
56.800000000000004,42.38400001030577,1.0,56.0
56.85,42.390500002952656,1.0,56.0
56.900000000000006,42.39700000084595,1.0,56.0
56.95,42.40350000024237,1.0,56.0
57.0,-47.41,-1.0,57.0
57.050000000000004,-43.8490239843008,-1.0,57.0
57.1,-42.83342499311948,-1.0,57.0
57.150000000000006,-42.547088729280034,-1.0,57.0
57.2,-42.46968973499543,-1.0,57.0
57.25,-42.45215227068114,-1.0,57.0
57.300000000000004,-42.45176542185074,-1.0,57.0
57.35,-42.45629230662558,-1.0,57.0
57.400000000000006,-42.46222699964881,-1.0,57.0
57.45,-42.46856503648827,-1.0,57.0
57.5,-42.47501863326586,-1.0,57.0
57.550000000000004,-42.481505338520044,-1.0,57.0
57.6,-42.4880015295116,-1.0,57.0
57.650000000000006,-42.49450043821241,-1.0,57.0
57.7,-42.50100012554996,-1.0,57.0
57.75,-42.507500035970665,-1.0,57.0
57.800000000000004,-42.51400001030577,-1.0,57.0
57.85,-42.52050000295265,-1.0,57.0
57.900000000000006,-42.52700000084595,-1.0,57.0
57.95,-42.53350000024237,-1.0,57.0
58.0,47.54,1.0,58.0
58.050000000000004,43.9790239843008,1.0,58.0
58.1,42.963424993119474,1.0,58.0
58.150000000000006,42.67708872928003,1.0,58.0
58.2,42.59968973499543,1.0,58.0
58.25,42.582152270681135,1.0,58.0
58.300000000000004,42.58176542185074,1.0,58.0
58.35,42.58629230662558,1.0,58.0
58.400000000000006,42.59222699964881,1.0,58.0
58.45,42.598565036488274,1.0,58.0
58.5,42.605018633265864,1.0,58.0
58.550000000000004,42.61150533852005,1.0,58.0
58.6,42.6180015295116,1.0,58.0
58.650000000000006,42.62450043821241,1.0,58.0
58.7,42.63100012554996,1.0,58.0
58.75,42.63750003597067,1.0,58.0
58.800000000000004,42.64400001030577,1.0,58.0
58.85,42.650500002952654,1.0,58.0
58.900000000000006,42.657000000845954,1.0,58.0
58.95,42.663500000242365,1.0,58.0
59.0,-47.67,-1.0,59.0
59.050000000000004,-44.109023984300805,-1.0,59.0
59.1,-43.09342499311948,-1.0,59.0
59.150000000000006,-42.80708872928003,-1.0,59.0
59.2,-42.729689734995425,-1.0,59.0
59.25,-42.71215227068114,-1.0,59.0
59.300000000000004,-42.71176542185074,-1.0,59.0
59.35,-42.716292306625576,-1.0,59.0
59.400000000000006,-42.72222699964881,-1.0,59.0
59.45,-42.72856503648827,-1.0,59.0
59.5,-42.73501863326586,-1.0,59.0
59.550000000000004,-42.74150533852005,-1.0,59.0
59.6,-42.7480015295116,-1.0,59.0
59.650000000000006,-42.75450043821241,-1.0,59.0
59.7,-42.76100012554996,-1.0,59.0
59.75,-42.76750003597066,-1.0,59.0
59.800000000000004,-42.77400001030577,-1.0,59.0
59.85,-42.78050000295266,-1.0,59.0
59.900000000000006,-42.78700000084595,-1.0,59.0
59.95,-42.79350000024237,-1.0,59.0
60.0,47.8,1.0,60.0
60.050000000000004,44.2390239843008,1.0,60.0
60.1,43.22342499311948,1.0,60.0
60.150000000000006,42.937088729280035,1.0,60.0
60.2,42.85968973499543,1.0,60.0
60.25,42.84215227068114,1.0,60.0
60.300000000000004,42.84176542185074,1.0,60.0
60.35,42.84629230662558,1.0,60.0
60.400000000000006,42.85222699964881,1.0,60.0
60.45,42.85856503648827,1.0,60.0
60.5,42.86501863326586,1.0,60.0
60.550000000000004,42.871505338520045,1.0,60.0
60.6,42.8780015295116,1.0,60.0
60.650000000000006,42.88450043821241,1.0,60.0
60.7,42.89100012554996,1.0,60.0
60.75,42.897500035970666,1.0,60.0
60.800000000000004,42.90400001030577,1.0,60.0
60.85,42.91050000295265,1.0,60.0
60.900000000000006,42.91700000084595,1.0,60.0
60.95,42.92350000024237,1.0,60.0
61.0,-47.93,-1.0,61.0
61.050000000000004,-44.3690239843008,-1.0,61.0
61.1,-43.353424993119475,-1.0,61.0
61.150000000000006,-43.06708872928003,-1.0,61.0
61.2,-42.98968973499543,-1.0,61.0
61.25,-42.972152270681136,-1.0,61.0
61.300000000000004,-42.97176542185074,-1.0,61.0
61.35,-42.976292306625574,-1.0,61.0
61.400000000000006,-42.98222699964881,-1.0,61.0
61.45,-42.988565036488275,-1.0,61.0
61.5,-42.99501863326586,-1.0,61.0
61.550000000000004,-43.00150533852005,-1.0,61.0
61.6,-43.0080015295116,-1.0,61.0
61.650000000000006,-43.01450043821241,-1.0,61.0
61.7,-43.02100012554996,-1.0,61.0
61.75,-43.02750003597067,-1.0,61.0
61.800000000000004,-43.03400001030577,-1.0,61.0
61.85,-43.040500002952655,-1.0,61.0
61.900000000000006,-43.04700000084595,-1.0,61.0
61.95,-43.053500000242366,-1.0,61.0
62.0,48.06,1.0,62.0
62.050000000000004,44.499023984300806,1.0,62.0
62.1,43.48342499311948,1.0,62.0
62.150000000000006,43.19708872928003,1.0,62.0
62.2,43.119689734995426,1.0,62.0
62.25,43.10215227068114,1.0,62.0
62.300000000000004,43.10176542185074,1.0,62.0
62.35,43.106292306625576,1.0,62.0
62.400000000000006,43.11222699964881,1.0,62.0
62.45,43.11856503648827,1.0,62.0
62.5,43.12501863326586,1.0,62.0
62.550000000000004,43.13150533852005,1.0,62.0
62.6,43.1380015295116,1.0,62.0
62.650000000000006,43.14450043821241,1.0,62.0
62.7,43.151000125549956,1.0,62.0
62.75,43.15750003597066,1.0,62.0
62.800000000000004,43.16400001030577,1.0,62.0
62.85,43.17050000295266,1.0,62.0
62.900000000000006,43.17700000084595,1.0,62.0
62.95,43.18350000024237,1.0,62.0
63.0,-48.19,-1.0,63.0
63.050000000000004,-44.6290239843008,-1.0,63.0
63.1,-43.61342499311948,-1.0,63.0
63.150000000000006,-43.32708872928003,-1.0,63.0
63.2,-43.24968973499543,-1.0,63.0
63.25,-43.232152270681134,-1.0,63.0
63.300000000000004,-43.23176542185074,-1.0,63.0
63.35,-43.23629230662558,-1.0,63.0
63.400000000000006,-43.242226999648814,-1.0,63.0
63.45,-43.24856503648827,-1.0,63.0
63.5,-43.25501863326586,-1.0,63.0
63.550000000000004,-43.261505338520045,-1.0,63.0
63.6,-43.2680015295116,-1.0,63.0
63.650000000000006,-43.274500438212414,-1.0,63.0
63.7,-43.28100012554996,-1.0,63.0
63.75,-43.287500035970666,-1.0,63.0
63.800000000000004,-43.294000010305766,-1.0,63.0
63.85,-43.30050000295265,-1.0,63.0
63.900000000000006,-43.30700000084595,-1.0,63.0
63.95,-43.31350000024237,-1.0,63.0
64.0,48.32,1.0,64.0
64.05,44.759023984301045,1.0,64.0
64.10000000000001,43.743424993119405,1.0,64.0
64.15,43.45708872928003,1.0,64.0
64.2,43.37968973499543,1.0,64.0
64.25,43.362152270681136,1.0,64.0
64.3,43.36176542185074,1.0,64.0
64.35000000000001,43.366292306625574,1.0,64.0
64.4,43.37222699964881,1.0,64.0
64.45,43.378565036488276,1.0,64.0
64.5,43.38501863326586,1.0,64.0
64.55,43.39150533852005,1.0,64.0
64.60000000000001,43.3980015295116,1.0,64.0
64.65,43.40450043821241,1.0,64.0
64.7,43.41100012554996,1.0,64.0
64.75,43.41750003597067,1.0,64.0
64.8,43.42400001030577,1.0,64.0
64.85000000000001,43.430500002952655,1.0,64.0
64.9,43.43700000084595,1.0,64.0
64.95,43.443500000242366,1.0,64.0
65.0,-48.45,-1.0,65.0
65.05,-44.88902398430105,-1.0,65.0
65.10000000000001,-43.87342499311941,-1.0,65.0
65.15,-43.58708872928003,-1.0,65.0
65.2,-43.509689734995426,-1.0,65.0
65.25,-43.49215227068114,-1.0,65.0
65.3,-43.491765421850744,-1.0,65.0
65.35000000000001,-43.49629230662558,-1.0,65.0
65.4,-43.50222699964881,-1.0,65.0
65.45,-43.50856503648827,-1.0,65.0
65.5,-43.51501863326586,-1.0,65.0
65.55,-43.52150533852005,-1.0,65.0
65.60000000000001,-43.528001529511606,-1.0,65.0
65.65,-43.53450043821241,-1.0,65.0
65.7,-43.54100012554996,-1.0,65.0
65.75,-43.547500035970664,-1.0,65.0
65.8,-43.55400001030577,-1.0,65.0
65.85000000000001,-43.56050000295266,-1.0,65.0
65.9,-43.56700000084595,-1.0,65.0
65.95,-43.57350000024237,-1.0,65.0
66.0,48.58,1.0,66.0
66.05,45.01902398430105,1.0,66.0
66.10000000000001,44.00342499311941,1.0,66.0
66.15,43.71708872928003,1.0,66.0
66.2,43.63968973499543,1.0,66.0
66.25,43.622152270681134,1.0,66.0
66.3,43.62176542185074,1.0,66.0
66.35000000000001,43.62629230662558,1.0,66.0
66.4,43.632226999648815,1.0,66.0
66.45,43.638565036488274,1.0,66.0
66.5,43.645018633265856,1.0,66.0
66.55,43.651505338520046,1.0,66.0
66.60000000000001,43.6580015295116,1.0,66.0
66.65,43.664500438212414,1.0,66.0
66.7,43.67100012554996,1.0,66.0
66.75,43.67750003597067,1.0,66.0
66.8,43.684000010305766,1.0,66.0
66.85000000000001,43.69050000295265,1.0,66.0
66.9,43.697000000845954,1.0,66.0
66.95,43.703500000242364,1.0,66.0
67.0,-48.71,-1.0,67.0
67.05,-45.149023984301046,-1.0,67.0
67.10000000000001,-44.133424993119405,-1.0,67.0
67.15,-43.84708872928003,-1.0,67.0
67.2,-43.76968973499543,-1.0,67.0
67.25,-43.75215227068114,-1.0,67.0
67.3,-43.75176542185074,-1.0,67.0
67.35000000000001,-43.756292306625575,-1.0,67.0
67.4,-43.76222699964881,-1.0,67.0
67.45,-43.768565036488276,-1.0,67.0
67.5,-43.77501863326586,-1.0,67.0
67.55,-43.78150533852005,-1.0,67.0
67.60000000000001,-43.788001529511604,-1.0,67.0
67.65,-43.79450043821241,-1.0,67.0
67.7,-43.80100012554996,-1.0,67.0
67.75,-43.80750003597067,-1.0,67.0
67.8,-43.81400001030577,-1.0,67.0
67.85000000000001,-43.820500002952656,-1.0,67.0
67.9,-43.82700000084595,-1.0,67.0
67.95,-43.83350000024237,-1.0,67.0
68.0,48.84,1.0,68.0
68.05,45.27902398430105,1.0,68.0
68.10000000000001,44.26342499311941,1.0,68.0
68.15,43.97708872928003,1.0,68.0
68.2,43.89968973499543,1.0,68.0
68.25,43.88215227068114,1.0,68.0
68.3,43.88176542185074,1.0,68.0
68.35000000000001,43.88629230662558,1.0,68.0
68.4,43.89222699964881,1.0,68.0
68.45,43.89856503648827,1.0,68.0
68.5,43.90501863326586,1.0,68.0
68.55,43.91150533852005,1.0,68.0
68.60000000000001,43.9180015295116,1.0,68.0
68.65,43.92450043821241,1.0,68.0
68.7,43.93100012554996,1.0,68.0
68.75,43.937500035970665,1.0,68.0
68.8,43.94400001030577,1.0,68.0
68.85000000000001,43.95050000295266,1.0,68.0
68.9,43.95700000084595,1.0,68.0
68.95,43.96350000024236,1.0,68.0
69.0,-48.97,-1.0,69.0
69.05,-45.40902398430105,-1.0,69.0
69.10000000000001,-44.39342499311941,-1.0,69.0
69.15,-44.10708872928003,-1.0,69.0
69.2,-44.02968973499543,-1.0,69.0
69.25,-44.012152270681135,-1.0,69.0
69.3,-44.01176542185074,-1.0,69.0
69.35000000000001,-44.01629230662558,-1.0,69.0
69.4,-44.02222699964881,-1.0,69.0
69.45,-44.028565036488274,-1.0,69.0
69.5,-44.03501863326586,-1.0,69.0
69.55,-44.04150533852005,-1.0,69.0
69.60000000000001,-44.0480015295116,-1.0,69.0
69.65,-44.054500438212415,-1.0,69.0
69.7,-44.06100012554996,-1.0,69.0
69.75,-44.06750003597067,-1.0,69.0
69.8,-44.07400001030577,-1.0,69.0
69.85000000000001,-44.080500002952654,-1.0,69.0
69.9,-44.087000000845954,-1.0,69.0
69.95,-44.093500000242365,-1.0,69.0
70.0,49.1,1.0,70.0
70.05,45.539023984301046,1.0,70.0
70.10000000000001,44.523424993119406,1.0,70.0
70.15,44.23708872928003,1.0,70.0
70.2,44.15968973499543,1.0,70.0
70.25,44.14215227068114,1.0,70.0
70.3,44.141765421850735,1.0,70.0
70.35000000000001,44.146292306625575,1.0,70.0
70.4,44.15222699964881,1.0,70.0
70.45,44.15856503648828,1.0,70.0
70.5,44.16501863326586,1.0,70.0
70.55,44.17150533852005,1.0,70.0
70.60000000000001,44.1780015295116,1.0,70.0
70.65,44.18450043821241,1.0,70.0
70.7,44.19100012554996,1.0,70.0
70.75,44.19750003597066,1.0,70.0
70.8,44.20400001030577,1.0,70.0
70.85000000000001,44.21050000295266,1.0,70.0
70.9,44.21700000084595,1.0,70.0
70.95,44.22350000024237,1.0,70.0
71.0,-49.230000000000004,-1.0,71.0
71.05,-45.66902398430105,-1.0,71.0
71.10000000000001,-44.65342499311941,-1.0,71.0
71.15,-44.36708872928003,-1.0,71.0
71.2,-44.28968973499543,-1.0,71.0
71.25,-44.27215227068114,-1.0,71.0
71.3,-44.27176542185074,-1.0,71.0
71.35000000000001,-44.27629230662558,-1.0,71.0
71.4,-44.28222699964881,-1.0,71.0
71.45,-44.28856503648827,-1.0,71.0
71.5,-44.29501863326586,-1.0,71.0
71.55,-44.30150533852005,-1.0,71.0
71.60000000000001,-44.3080015295116,-1.0,71.0
71.65,-44.31450043821241,-1.0,71.0
71.7,-44.32100012554996,-1.0,71.0
71.75,-44.327500035970665,-1.0,71.0
71.8,-44.33400001030577,-1.0,71.0
71.85000000000001,-44.34050000295266,-1.0,71.0
71.9,-44.34700000084595,-1.0,71.0
71.95,-44.35350000024236,-1.0,71.0
72.0,49.36,1.0,72.0
72.05,45.79902398430105,1.0,72.0
72.10000000000001,44.78342499311941,1.0,72.0
72.15,44.49708872928003,1.0,72.0
72.2,44.41968973499543,1.0,72.0
72.25,44.402152270681135,1.0,72.0
72.3,44.40176542185074,1.0,72.0
72.35000000000001,44.40629230662558,1.0,72.0
72.4,44.41222699964881,1.0,72.0
72.45,44.418565036488275,1.0,72.0
72.5,44.42501863326586,1.0,72.0
72.55,44.43150533852005,1.0,72.0
72.60000000000001,44.4380015295116,1.0,72.0
72.65,44.444500438212415,1.0,72.0
72.7,44.45100012554996,1.0,72.0
72.75,44.45750003597066,1.0,72.0
72.8,44.46400001030577,1.0,72.0
72.85000000000001,44.470500002952654,1.0,72.0
72.9,44.477000000845955,1.0,72.0
72.95,44.483500000242366,1.0,72.0
73.0,-49.49,-1.0,73.0
73.05,-45.92902398430105,-1.0,73.0
73.10000000000001,-44.913424993119406,-1.0,73.0
73.15,-44.62708872928003,-1.0,73.0
73.2,-44.549689734995425,-1.0,73.0
73.25,-44.53215227068114,-1.0,73.0
73.3,-44.531765421850736,-1.0,73.0
73.35000000000001,-44.536292306625576,-1.0,73.0
73.4,-44.54222699964881,-1.0,73.0
73.45,-44.54856503648828,-1.0,73.0
73.5,-44.55501863326586,-1.0,73.0
73.55,-44.56150533852005,-1.0,73.0
73.60000000000001,-44.5680015295116,-1.0,73.0
73.65,-44.57450043821241,-1.0,73.0
73.7,-44.58100012554996,-1.0,73.0
73.75,-44.58750003597066,-1.0,73.0
73.8,-44.59400001030577,-1.0,73.0
73.85000000000001,-44.60050000295266,-1.0,73.0
73.9,-44.60700000084595,-1.0,73.0
73.95,-44.61350000024237,-1.0,73.0
74.0,49.620000000000005,1.0,74.0
74.05,46.05902398430105,1.0,74.0
74.10000000000001,45.04342499311941,1.0,74.0
74.15,44.75708872928003,1.0,74.0
74.2,44.67968973499543,1.0,74.0
74.25,44.66215227068114,1.0,74.0
74.3,44.66176542185074,1.0,74.0
74.35000000000001,44.66629230662558,1.0,74.0
74.4,44.67222699964881,1.0,74.0
74.45,44.67856503648827,1.0,74.0
74.5,44.68501863326586,1.0,74.0
74.55,44.691505338520045,1.0,74.0
74.60000000000001,44.6980015295116,1.0,74.0
74.65,44.70450043821241,1.0,74.0
74.7,44.71100012554996,1.0,74.0
74.75,44.717500035970666,1.0,74.0
74.8,44.72400001030577,1.0,74.0
74.85000000000001,44.73050000295265,1.0,74.0
74.9,44.73700000084595,1.0,74.0
74.95,44.74350000024236,1.0,74.0
75.0,-49.75,-1.0,75.0
75.05,-46.18902398430105,-1.0,75.0
75.10000000000001,-45.17342499311941,-1.0,75.0
75.15,-44.88708872928003,-1.0,75.0
75.2,-44.80968973499543,-1.0,75.0
75.25,-44.792152270681136,-1.0,75.0
75.3,-44.79176542185074,-1.0,75.0
75.35000000000001,-44.79629230662558,-1.0,75.0
75.4,-44.80222699964881,-1.0,75.0
75.45,-44.808565036488275,-1.0,75.0
75.5,-44.81501863326586,-1.0,75.0
75.55,-44.82150533852005,-1.0,75.0
75.60000000000001,-44.8280015295116,-1.0,75.0
75.65,-44.83450043821241,-1.0,75.0
75.7,-44.84100012554996,-1.0,75.0
75.75,-44.84750003597066,-1.0,75.0
75.8,-44.85400001030577,-1.0,75.0
75.85000000000001,-44.860500002952655,-1.0,75.0
75.9,-44.867000000845955,-1.0,75.0
75.95,-44.873500000242366,-1.0,75.0
76.0,49.88,1.0,76.0
76.05,46.31902398430105,1.0,76.0
76.10000000000001,45.30342499311941,1.0,76.0
76.15,45.01708872928003,1.0,76.0
76.2,44.939689734995426,1.0,76.0
76.25,44.92215227068114,1.0,76.0
76.3,44.921765421850736,1.0,76.0
76.35000000000001,44.92629230662558,1.0,76.0
76.4,44.93222699964881,1.0,76.0
76.45,44.93856503648828,1.0,76.0
76.5,44.94501863326586,1.0,76.0
76.55,44.95150533852004,1.0,76.0
76.60000000000001,44.9580015295116,1.0,76.0
76.65,44.96450043821241,1.0,76.0
76.7,44.97100012554996,1.0,76.0
76.75,44.977500035970664,1.0,76.0
76.80000000000001,44.98400001030577,1.0,76.0
76.85000000000001,44.99050000295265,1.0,76.0
76.9,44.99700000084595,1.0,76.0
76.95,45.00350000024237,1.0,76.0
77.0,-50.01,-1.0,77.0
77.05000000000001,-46.449023984300545,-1.0,77.0
77.10000000000001,-45.43342499311941,-1.0,77.0
77.15,-45.14708872928003,-1.0,77.0
77.2,-45.06968973499543,-1.0,77.0
77.25,-45.05215227068114,-1.0,77.0
77.30000000000001,-45.05176542185074,-1.0,77.0
77.35000000000001,-45.05629230662558,-1.0,77.0
77.4,-45.06222699964881,-1.0,77.0
77.45,-45.06856503648827,-1.0,77.0
77.5,-45.07501863326586,-1.0,77.0
77.55000000000001,-45.08150533852005,-1.0,77.0
77.60000000000001,-45.0880015295116,-1.0,77.0
77.65,-45.094500438212414,-1.0,77.0
77.7,-45.10100012554996,-1.0,77.0
77.75,-45.107500035970666,-1.0,77.0
77.80000000000001,-45.11400001030577,-1.0,77.0
77.85000000000001,-45.12050000295265,-1.0,77.0
77.9,-45.12700000084595,-1.0,77.0
77.95,-45.133500000242364,-1.0,77.0
78.0,50.14,1.0,78.0
78.05000000000001,46.57902398430055,1.0,78.0
78.10000000000001,45.56342499311941,1.0,78.0
78.15,45.27708872928003,1.0,78.0
78.2,45.199689734995424,1.0,78.0
78.25,45.18215227068114,1.0,78.0
78.30000000000001,45.18176542185074,1.0,78.0
78.35000000000001,45.18629230662558,1.0,78.0
78.4,45.19222699964881,1.0,78.0
78.45,45.198565036488276,1.0,78.0
78.5,45.20501863326586,1.0,78.0
78.55000000000001,45.21150533852005,1.0,78.0
78.60000000000001,45.218001529511604,1.0,78.0
78.65,45.22450043821241,1.0,78.0
78.7,45.23100012554996,1.0,78.0
78.75,45.23750003597066,1.0,78.0
78.80000000000001,45.24400001030577,1.0,78.0
78.85000000000001,45.250500002952656,1.0,78.0
78.9,45.257000000845956,1.0,78.0
78.95,45.26350000024237,1.0,78.0
79.0,-50.269999999999996,-1.0,79.0
79.05000000000001,-46.70902398430054,-1.0,79.0
79.10000000000001,-45.69342499311941,-1.0,79.0
79.15,-45.407088729280034,-1.0,79.0
79.2,-45.329689734995426,-1.0,79.0
79.25,-45.31215227068114,-1.0,79.0
79.30000000000001,-45.31176542185074,-1.0,79.0
79.35000000000001,-45.31629230662558,-1.0,79.0
79.4,-45.32222699964881,-1.0,79.0
79.45,-45.32856503648827,-1.0,79.0
79.5,-45.33501863326586,-1.0,79.0
79.55000000000001,-45.34150533852005,-1.0,79.0
79.60000000000001,-45.3480015295116,-1.0,79.0
79.65,-45.35450043821241,-1.0,79.0
79.7,-45.361000125549964,-1.0,79.0
79.75,-45.367500035970664,-1.0,79.0
79.80000000000001,-45.37400001030577,-1.0,79.0
79.85000000000001,-45.38050000295265,-1.0,79.0
79.9,-45.38700000084595,-1.0,79.0
79.95,-45.39350000024237,-1.0,79.0
80.0,50.4,1.0,80.0
80.05000000000001,46.839023984300546,1.0,80.0
80.10000000000001,45.82342499311941,1.0,80.0
80.15,45.53708872928003,1.0,80.0
80.2,45.45968973499543,1.0,80.0
80.25,45.44215227068114,1.0,80.0
80.30000000000001,45.44176542185074,1.0,80.0
80.35000000000001,45.44629230662558,1.0,80.0
80.4,45.45222699964881,1.0,80.0
80.45,45.458565036488274,1.0,80.0
80.5,45.46501863326586,1.0,80.0
80.55000000000001,45.47150533852005,1.0,80.0
80.60000000000001,45.4780015295116,1.0,80.0
80.65,45.48450043821241,1.0,80.0
80.7,45.49100012554996,1.0,80.0
80.75,45.49750003597067,1.0,80.0
80.80000000000001,45.504000010305774,1.0,80.0
80.85000000000001,45.510500002952654,1.0,80.0
80.9,45.517000000845954,1.0,80.0
80.95,45.523500000242365,1.0,80.0
81.0,-50.53,-1.0,81.0
81.05000000000001,-46.96902398430055,-1.0,81.0
81.10000000000001,-45.953424993119405,-1.0,81.0
81.15,-45.66708872928003,-1.0,81.0
81.2,-45.589689734995424,-1.0,81.0
81.25,-45.57215227068114,-1.0,81.0
81.30000000000001,-45.57176542185074,-1.0,81.0
81.35000000000001,-45.57629230662558,-1.0,81.0
81.4,-45.58222699964881,-1.0,81.0
81.45,-45.588565036488276,-1.0,81.0
81.5,-45.59501863326586,-1.0,81.0
81.55000000000001,-45.60150533852005,-1.0,81.0
81.60000000000001,-45.608001529511604,-1.0,81.0
81.65,-45.61450043821241,-1.0,81.0
81.7,-45.62100012554996,-1.0,81.0
81.75,-45.62750003597066,-1.0,81.0
81.80000000000001,-45.63400001030577,-1.0,81.0
81.85000000000001,-45.640500002952656,-1.0,81.0
81.9,-45.64700000084595,-1.0,81.0
81.95,-45.65350000024237,-1.0,81.0
82.0,50.66,1.0,82.0
82.05000000000001,47.099023984300544,1.0,82.0
82.10000000000001,46.08342499311941,1.0,82.0
82.15,45.797088729280034,1.0,82.0
82.2,45.71968973499543,1.0,82.0
82.25,45.70215227068114,1.0,82.0
82.30000000000001,45.70176542185074,1.0,82.0
82.35000000000001,45.70629230662558,1.0,82.0
82.4,45.71222699964881,1.0,82.0
82.45,45.71856503648827,1.0,82.0
82.5,45.72501863326586,1.0,82.0
82.55000000000001,45.73150533852005,1.0,82.0
82.60000000000001,45.7380015295116,1.0,82.0
82.65,45.74450043821241,1.0,82.0
82.7,45.751000125549965,1.0,82.0
82.75,45.757500035970665,1.0,82.0
82.80000000000001,45.76400001030577,1.0,82.0
82.85000000000001,45.77050000295265,1.0,82.0
82.9,45.77700000084595,1.0,82.0
82.95,45.78350000024237,1.0,82.0
83.0,-50.79,-1.0,83.0
83.05000000000001,-47.22902398430055,-1.0,83.0
83.10000000000001,-46.2134249931194,-1.0,83.0
83.15,-45.92708872928003,-1.0,83.0
83.2,-45.84968973499543,-1.0,83.0
83.25,-45.832152270681135,-1.0,83.0
83.30000000000001,-45.83176542185074,-1.0,83.0
83.35000000000001,-45.83629230662558,-1.0,83.0
83.4,-45.84222699964881,-1.0,83.0
83.45,-45.848565036488274,-1.0,83.0
83.5,-45.855018633265864,-1.0,83.0
83.55000000000001,-45.86150533852005,-1.0,83.0
83.60000000000001,-45.8680015295116,-1.0,83.0
83.65,-45.87450043821241,-1.0,83.0
83.7,-45.88100012554996,-1.0,83.0
83.75,-45.88750003597067,-1.0,83.0
83.80000000000001,-45.894000010305774,-1.0,83.0
83.85000000000001,-45.900500002952654,-1.0,83.0
83.9,-45.907000000845954,-1.0,83.0
83.95,-45.913500000242365,-1.0,83.0
84.0,50.92,1.0,84.0
84.05000000000001,47.35902398430055,1.0,84.0
84.10000000000001,46.343424993119406,1.0,84.0
84.15,46.05708872928003,1.0,84.0
84.2,45.979689734995425,1.0,84.0
84.25,45.96215227068114,1.0,84.0
84.30000000000001,45.96176542185074,1.0,84.0
84.35000000000001,45.96629230662558,1.0,84.0
84.4,45.97222699964881,1.0,84.0
84.45,45.97856503648827,1.0,84.0
84.5,45.98501863326586,1.0,84.0
84.55000000000001,45.99150533852005,1.0,84.0
84.60000000000001,45.998001529511605,1.0,84.0
84.65,46.00450043821241,1.0,84.0
84.7,46.01100012554996,1.0,84.0
84.75,46.01750003597066,1.0,84.0
84.80000000000001,46.02400001030577,1.0,84.0
84.85000000000001,46.03050000295266,1.0,84.0
84.9,46.03700000084595,1.0,84.0
84.95,46.04350000024237,1.0,84.0
85.0,-51.05,-1.0,85.0
85.05000000000001,-47.489023984300545,-1.0,85.0
85.10000000000001,-46.47342499311941,-1.0,85.0
85.15,-46.187088729280035,-1.0,85.0
85.2,-46.10968973499543,-1.0,85.0
85.25,-46.09215227068113,-1.0,85.0
85.30000000000001,-46.09176542185074,-1.0,85.0
85.35000000000001,-46.09629230662558,-1.0,85.0
85.4,-46.10222699964881,-1.0,85.0
85.45,-46.10856503648827,-1.0,85.0
85.5,-46.11501863326586,-1.0,85.0
85.55000000000001,-46.121505338520045,-1.0,85.0
85.60000000000001,-46.1280015295116,-1.0,85.0
85.65,-46.13450043821241,-1.0,85.0
85.7,-46.14100012554996,-1.0,85.0
85.75,-46.147500035970666,-1.0,85.0
85.80000000000001,-46.15400001030577,-1.0,85.0
85.85000000000001,-46.16050000295265,-1.0,85.0
85.9,-46.16700000084595,-1.0,85.0
85.95,-46.17350000024237,-1.0,85.0
86.0,51.18,1.0,86.0
86.05000000000001,47.61902398430055,1.0,86.0
86.10000000000001,46.603424993119404,1.0,86.0
86.15,46.31708872928003,1.0,86.0
86.2,46.23968973499543,1.0,86.0
86.25,46.222152270681136,1.0,86.0
86.30000000000001,46.22176542185074,1.0,86.0
86.35000000000001,46.22629230662558,1.0,86.0
86.4,46.23222699964881,1.0,86.0
86.45,46.238565036488275,1.0,86.0
86.5,46.245018633265865,1.0,86.0
86.55000000000001,46.25150533852005,1.0,86.0
86.60000000000001,46.2580015295116,1.0,86.0
86.65,46.26450043821241,1.0,86.0
86.7,46.27100012554996,1.0,86.0
86.75,46.27750003597067,1.0,86.0
86.80000000000001,46.284000010305775,1.0,86.0
86.85000000000001,46.290500002952655,1.0,86.0
86.9,46.29700000084595,1.0,86.0
86.95,46.303500000242366,1.0,86.0
87.0,-51.31,-1.0,87.0
87.05000000000001,-47.74902398430055,-1.0,87.0
87.10000000000001,-46.73342499311941,-1.0,87.0
87.15,-46.44708872928003,-1.0,87.0
87.2,-46.369689734995426,-1.0,87.0
87.25,-46.35215227068114,-1.0,87.0
87.30000000000001,-46.35176542185074,-1.0,87.0
87.35000000000001,-46.356292306625576,-1.0,87.0
87.4,-46.36222699964881,-1.0,87.0
87.45,-46.36856503648827,-1.0,87.0
87.5,-46.37501863326586,-1.0,87.0
87.55000000000001,-46.38150533852005,-1.0,87.0
87.60000000000001,-46.388001529511605,-1.0,87.0
87.65,-46.39450043821241,-1.0,87.0
87.7,-46.40100012554996,-1.0,87.0
87.75,-46.40750003597066,-1.0,87.0
87.80000000000001,-46.41400001030577,-1.0,87.0
87.85000000000001,-46.42050000295266,-1.0,87.0
87.9,-46.42700000084595,-1.0,87.0
87.95,-46.43350000024237,-1.0,87.0
88.0,51.44,1.0,88.0
88.05000000000001,47.879023984300545,1.0,88.0
88.10000000000001,46.86342499311941,1.0,88.0
88.15,46.577088729280035,1.0,88.0
88.2,46.49968973499543,1.0,88.0
88.25,46.482152270681134,1.0,88.0
88.30000000000001,46.48176542185074,1.0,88.0
88.35000000000001,46.48629230662558,1.0,88.0
88.4,46.492226999648814,1.0,88.0
88.45,46.49856503648827,1.0,88.0
88.5,46.50501863326586,1.0,88.0
88.55000000000001,46.511505338520045,1.0,88.0
88.60000000000001,46.5180015295116,1.0,88.0
88.65,46.524500438212414,1.0,88.0
88.7,46.53100012554996,1.0,88.0
88.75,46.537500035970666,1.0,88.0
88.80000000000001,46.54400001030577,1.0,88.0
88.85000000000001,46.55050000295265,1.0,88.0
88.9,46.55700000084595,1.0,88.0
88.95,46.56350000024237,1.0,88.0
89.0,-51.57,-1.0,89.0
89.05000000000001,-48.00902398430055,-1.0,89.0
89.10000000000001,-46.993424993119405,-1.0,89.0
89.15,-46.70708872928003,-1.0,89.0
89.2,-46.62968973499543,-1.0,89.0
89.25,-46.612152270681136,-1.0,89.0
89.30000000000001,-46.61176542185074,-1.0,89.0
89.35000000000001,-46.616292306625574,-1.0,89.0
89.4,-46.62222699964881,-1.0,89.0
89.45,-46.628565036488276,-1.0,89.0
89.5,-46.63501863326586,-1.0,89.0
89.55000000000001,-46.64150533852005,-1.0,89.0
89.60000000000001,-46.6480015295116,-1.0,89.0
89.65,-46.65450043821241,-1.0,89.0
89.7,-46.66100012554996,-1.0,89.0
89.75,-46.66750003597067,-1.0,89.0
89.80000000000001,-46.67400001030577,-1.0,89.0
89.85000000000001,-46.680500002952655,-1.0,89.0
89.9,-46.68700000084595,-1.0,89.0
89.95,-46.693500000242366,-1.0,89.0
90.0,51.7,1.0,90.0
90.05000000000001,48.13902398430055,1.0,90.0
90.10000000000001,47.12342499311941,1.0,90.0
90.15,46.83708872928003,1.0,90.0
90.2,46.759689734995426,1.0,90.0
90.25,46.74215227068114,1.0,90.0
90.30000000000001,46.741765421850744,1.0,90.0
90.35000000000001,46.74629230662558,1.0,90.0
90.4,46.75222699964881,1.0,90.0
90.45,46.75856503648827,1.0,90.0
90.5,46.76501863326586,1.0,90.0
90.55000000000001,46.77150533852005,1.0,90.0
90.60000000000001,46.778001529511606,1.0,90.0
90.65,46.78450043821241,1.0,90.0
90.7,46.79100012554996,1.0,90.0
90.75,46.797500035970664,1.0,90.0
90.80000000000001,46.80400001030577,1.0,90.0
90.85000000000001,46.81050000295266,1.0,90.0
90.9,46.81700000084595,1.0,90.0
90.95,46.82350000024237,1.0,90.0
91.0,-51.83,-1.0,91.0
91.05000000000001,-48.269023984300546,-1.0,91.0
91.10000000000001,-47.25342499311941,-1.0,91.0
91.15,-46.96708872928003,-1.0,91.0
91.2,-46.88968973499543,-1.0,91.0
91.25,-46.872152270681134,-1.0,91.0
91.30000000000001,-46.87176542185074,-1.0,91.0
91.35000000000001,-46.87629230662558,-1.0,91.0
91.4,-46.882226999648815,-1.0,91.0
91.45,-46.888565036488274,-1.0,91.0
91.5,-46.895018633265856,-1.0,91.0
91.55000000000001,-46.901505338520046,-1.0,91.0
91.60000000000001,-46.9080015295116,-1.0,91.0
91.65,-46.914500438212414,-1.0,91.0
91.7,-46.92100012554996,-1.0,91.0
91.75,-46.92750003597067,-1.0,91.0
91.80000000000001,-46.934000010305766,-1.0,91.0
91.85000000000001,-46.94050000295265,-1.0,91.0
91.9,-46.947000000845954,-1.0,91.0
91.95,-46.953500000242364,-1.0,91.0
92.0,51.96,1.0,92.0
92.05000000000001,48.39902398430055,1.0,92.0
92.10000000000001,47.383424993119405,1.0,92.0
92.15,47.09708872928003,1.0,92.0
92.2,47.01968973499543,1.0,92.0
92.25,47.00215227068114,1.0,92.0
92.30000000000001,47.00176542185074,1.0,92.0
92.35000000000001,47.006292306625575,1.0,92.0
92.4,47.01222699964881,1.0,92.0
92.45,47.018565036488276,1.0,92.0
92.5,47.02501863326586,1.0,92.0
92.55000000000001,47.03150533852005,1.0,92.0
92.60000000000001,47.038001529511604,1.0,92.0
92.65,47.04450043821241,1.0,92.0
92.7,47.05100012554996,1.0,92.0
92.75,47.05750003597067,1.0,92.0
92.80000000000001,47.06400001030577,1.0,92.0
92.85000000000001,47.070500002952656,1.0,92.0
92.9,47.07700000084595,1.0,92.0
92.95,47.08350000024237,1.0,92.0
93.0,-52.09,-1.0,93.0
93.05000000000001,-48.52902398430055,-1.0,93.0
93.10000000000001,-47.51342499311941,-1.0,93.0
93.15,-47.22708872928003,-1.0,93.0
93.2,-47.14968973499543,-1.0,93.0
93.25,-47.13215227068114,-1.0,93.0
93.30000000000001,-47.131765421850744,-1.0,93.0
93.35000000000001,-47.13629230662558,-1.0,93.0
93.4,-47.14222699964881,-1.0,93.0
93.45,-47.14856503648827,-1.0,93.0
93.5,-47.15501863326586,-1.0,93.0
93.55000000000001,-47.16150533852005,-1.0,93.0
93.60000000000001,-47.1680015295116,-1.0,93.0
93.65,-47.17450043821241,-1.0,93.0
93.7,-47.18100012554996,-1.0,93.0
93.75,-47.187500035970665,-1.0,93.0
93.80000000000001,-47.19400001030577,-1.0,93.0
93.85000000000001,-47.20050000295266,-1.0,93.0
93.9,-47.20700000084595,-1.0,93.0
93.95,-47.21350000024237,-1.0,93.0
94.0,52.22,1.0,94.0
94.05000000000001,48.659023984300546,1.0,94.0
94.10000000000001,47.64342499311941,1.0,94.0
94.15,47.35708872928003,1.0,94.0
94.2,47.27968973499543,1.0,94.0
94.25,47.262152270681135,1.0,94.0
94.30000000000001,47.26176542185074,1.0,94.0
94.35000000000001,47.26629230662558,1.0,94.0
94.4,47.272226999648815,1.0,94.0
94.45,47.278565036488274,1.0,94.0
94.5,47.28501863326586,1.0,94.0
94.55000000000001,47.29150533852005,1.0,94.0
94.60000000000001,47.2980015295116,1.0,94.0
94.65,47.304500438212415,1.0,94.0
94.7,47.31100012554996,1.0,94.0
94.75,47.31750003597067,1.0,94.0
94.80000000000001,47.32400001030577,1.0,94.0
94.85000000000001,47.330500002952654,1.0,94.0
94.9,47.337000000845954,1.0,94.0
94.95,47.343500000242365,1.0,94.0
95.0,-52.35,-1.0,95.0
95.05000000000001,-48.78902398430055,-1.0,95.0
95.10000000000001,-47.773424993119406,-1.0,95.0
95.15,-47.48708872928003,-1.0,95.0
95.2,-47.40968973499543,-1.0,95.0
95.25,-47.39215227068114,-1.0,95.0
95.30000000000001,-47.39176542185074,-1.0,95.0
95.35000000000001,-47.396292306625575,-1.0,95.0
95.4,-47.40222699964881,-1.0,95.0
95.45,-47.40856503648828,-1.0,95.0
95.5,-47.41501863326586,-1.0,95.0
95.55000000000001,-47.42150533852005,-1.0,95.0
95.60000000000001,-47.4280015295116,-1.0,95.0
95.65,-47.43450043821241,-1.0,95.0
95.7,-47.44100012554996,-1.0,95.0
95.75,-47.44750003597066,-1.0,95.0
95.80000000000001,-47.45400001030577,-1.0,95.0
95.85000000000001,-47.46050000295266,-1.0,95.0
95.9,-47.46700000084595,-1.0,95.0
95.95,-47.47350000024237,-1.0,95.0
96.0,52.480000000000004,1.0,96.0
96.05000000000001,48.919023984300544,1.0,96.0
96.10000000000001,47.90342499311941,1.0,96.0
96.15,47.61708872928003,1.0,96.0
96.2,47.53968973499543,1.0,96.0
96.25,47.52215227068114,1.0,96.0
96.30000000000001,47.521765421850745,1.0,96.0
96.35000000000001,47.52629230662558,1.0,96.0
96.4,47.53222699964881,1.0,96.0
96.45,47.53856503648827,1.0,96.0
96.5,47.54501863326586,1.0,96.0
96.55000000000001,47.55150533852005,1.0,96.0
96.60000000000001,47.5580015295116,1.0,96.0
96.65,47.56450043821241,1.0,96.0
96.7,47.57100012554996,1.0,96.0
96.75,47.577500035970665,1.0,96.0
96.80000000000001,47.58400001030577,1.0,96.0
96.85000000000001,47.59050000295266,1.0,96.0
96.9,47.59700000084595,1.0,96.0
96.95,47.60350000024236,1.0,96.0
97.0,-52.61,-1.0,97.0
97.05000000000001,-49.04902398430055,-1.0,97.0
97.10000000000001,-48.03342499311941,-1.0,97.0
97.15,-47.74708872928003,-1.0,97.0
97.2,-47.66968973499543,-1.0,97.0
97.25,-47.652152270681135,-1.0,97.0
97.30000000000001,-47.65176542185074,-1.0,97.0
97.35000000000001,-47.65629230662558,-1.0,97.0
97.4,-47.66222699964881,-1.0,97.0
97.45,-47.668565036488275,-1.0,97.0
97.5,-47.67501863326586,-1.0,97.0
97.55000000000001,-47.68150533852005,-1.0,97.0
97.60000000000001,-47.6880015295116,-1.0,97.0
97.65,-47.694500438212415,-1.0,97.0
97.7,-47.70100012554996,-1.0,97.0
97.75,-47.70750003597066,-1.0,97.0
97.80000000000001,-47.71400001030577,-1.0,97.0
97.85000000000001,-47.720500002952654,-1.0,97.0
97.9,-47.727000000845955,-1.0,97.0
97.95,-47.733500000242366,-1.0,97.0
98.0,52.74,1.0,98.0
98.05000000000001,49.17902398430054,1.0,98.0
98.10000000000001,48.163424993119406,1.0,98.0
98.15,47.87708872928003,1.0,98.0
98.2,47.799689734995425,1.0,98.0
98.25,47.78215227068114,1.0,98.0
98.30000000000001,47.78176542185074,1.0,98.0
98.35000000000001,47.786292306625576,1.0,98.0
98.4,47.79222699964881,1.0,98.0
98.45,47.79856503648828,1.0,98.0
98.5,47.80501863326586,1.0,98.0
98.55000000000001,47.81150533852005,1.0,98.0
98.60000000000001,47.8180015295116,1.0,98.0
98.65,47.82450043821241,1.0,98.0
98.7,47.83100012554996,1.0,98.0
98.75,47.83750003597066,1.0,98.0
98.80000000000001,47.84400001030577,1.0,98.0
98.85000000000001,47.85050000295266,1.0,98.0
98.9,47.85700000084595,1.0,98.0
98.95,47.86350000024237,1.0,98.0
99.0,-52.870000000000005,-1.0,99.0
99.05000000000001,-49.309023984300545,-1.0,99.0
99.10000000000001,-48.29342499311941,-1.0,99.0
99.15,-48.00708872928003,-1.0,99.0
99.2,-47.92968973499543,-1.0,99.0
99.25,-47.91215227068114,-1.0,99.0
99.30000000000001,-47.911765421850745,-1.0,99.0
99.35000000000001,-47.91629230662558,-1.0,99.0
99.4,-47.92222699964881,-1.0,99.0
99.45,-47.92856503648827,-1.0,99.0
99.5,-47.93501863326586,-1.0,99.0
99.55000000000001,-47.94150533852005,-1.0,99.0
99.60000000000001,-47.9480015295116,-1.0,99.0
99.65,-47.95450043821241,-1.0,99.0
99.7,-47.96100012554996,-1.0,99.0
99.75,-47.967500035970666,-1.0,99.0
99.80000000000001,-47.97400001030577,-1.0,99.0
99.85000000000001,-47.98050000295265,-1.0,99.0
99.9,-47.98700000084595,-1.0,99.0
99.95,-47.99350000024236,-1.0,99.0
100.0,53.0,1.0,100.0
100.05000000000001,49.43902398430055,1.0,100.0
100.10000000000001,48.42342499311941,1.0,100.0
100.15,48.13708872928003,1.0,100.0
100.2,48.05968973499543,1.0,100.0
100.25,48.042152270681136,1.0,100.0
100.30000000000001,48.04176542185074,1.0,100.0
100.35000000000001,48.04629230662558,1.0,100.0
100.4,48.05222699964881,1.0,100.0
100.45,48.058565036488275,1.0,100.0
100.5,48.06501863326586,1.0,100.0
100.55000000000001,48.07150533852005,1.0,100.0
100.60000000000001,48.0780015295116,1.0,100.0
100.65,48.084500438212416,1.0,100.0
100.7,48.09100012554996,1.0,100.0
100.75,48.09750003597066,1.0,100.0
100.80000000000001,48.10400001030577,1.0,100.0
100.85000000000001,48.110500002952655,1.0,100.0
100.9,48.117000000845955,1.0,100.0
100.95,48.123500000242366,1.0,100.0
101.0,-53.13,-1.0,101.0
101.05000000000001,-49.56902398430054,-1.0,101.0
101.10000000000001,-48.55342499311941,-1.0,101.0
101.15,-48.26708872928003,-1.0,101.0
101.2,-48.189689734995426,-1.0,101.0
101.25,-48.17215227068114,-1.0,101.0
101.30000000000001,-48.17176542185074,-1.0,101.0
101.35000000000001,-48.17629230662558,-1.0,101.0
101.4,-48.18222699964881,-1.0,101.0
101.45,-48.18856503648828,-1.0,101.0
101.5,-48.19501863326586,-1.0,101.0
101.55000000000001,-48.20150533852005,-1.0,101.0
101.60000000000001,-48.2080015295116,-1.0,101.0
101.65,-48.21450043821241,-1.0,101.0
101.7,-48.22100012554996,-1.0,101.0
101.75,-48.227500035970664,-1.0,101.0
101.80000000000001,-48.23400001030577,-1.0,101.0
101.85000000000001,-48.24050000295265,-1.0,101.0
101.9,-48.24700000084595,-1.0,101.0
101.95,-48.25350000024237,-1.0,101.0
102.0,53.26,1.0,102.0
102.05000000000001,49.699023984300545,1.0,102.0
102.10000000000001,48.68342499311941,1.0,102.0
102.15,48.39708872928003,1.0,102.0
102.2,48.31968973499543,1.0,102.0
102.25,48.30215227068114,1.0,102.0
102.30000000000001,48.30176542185074,1.0,102.0
102.35000000000001,48.30629230662558,1.0,102.0
102.4,48.31222699964881,1.0,102.0
102.45,48.31856503648827,1.0,102.0
102.5,48.32501863326586,1.0,102.0
102.55000000000001,48.33150533852005,1.0,102.0
102.60000000000001,48.3380015295116,1.0,102.0
102.65,48.344500438212414,1.0,102.0
102.7,48.35100012554996,1.0,102.0
102.75,48.357500035970666,1.0,102.0
102.80000000000001,48.36400001030577,1.0,102.0
102.85000000000001,48.37050000295265,1.0,102.0
102.9,48.37700000084595,1.0,102.0
102.95,48.383500000242364,1.0,102.0
103.0,-53.39,-1.0,103.0
103.05000000000001,-49.82902398430055,-1.0,103.0
103.10000000000001,-48.81342499311941,-1.0,103.0
103.15,-48.52708872928003,-1.0,103.0
103.2,-48.449689734995424,-1.0,103.0
103.25,-48.43215227068114,-1.0,103.0
103.30000000000001,-48.43176542185074,-1.0,103.0
103.35000000000001,-48.43629230662558,-1.0,103.0
103.4,-48.44222699964881,-1.0,103.0
103.45,-48.448565036488276,-1.0,103.0
103.5,-48.45501863326586,-1.0,103.0
103.55000000000001,-48.46150533852005,-1.0,103.0
103.60000000000001,-48.468001529511604,-1.0,103.0
103.65,-48.47450043821241,-1.0,103.0
103.7,-48.48100012554996,-1.0,103.0
103.75,-48.48750003597066,-1.0,103.0
103.80000000000001,-48.49400001030577,-1.0,103.0
103.85000000000001,-48.500500002952656,-1.0,103.0
103.9,-48.507000000845956,-1.0,103.0
103.95,-48.51350000024237,-1.0,103.0
104.0,53.519999999999996,1.0,104.0
104.05000000000001,49.95902398430054,1.0,104.0
104.10000000000001,48.94342499311941,1.0,104.0
104.15,48.657088729280034,1.0,104.0
104.2,48.579689734995426,1.0,104.0
104.25,48.56215227068114,1.0,104.0
104.30000000000001,48.561765421850744,1.0,104.0
104.35000000000001,48.56629230662558,1.0,104.0
104.4,48.57222699964881,1.0,104.0
104.45,48.57856503648827,1.0,104.0
104.5,48.58501863326586,1.0,104.0
104.55000000000001,48.59150533852005,1.0,104.0
104.60000000000001,48.5980015295116,1.0,104.0
104.65,48.60450043821241,1.0,104.0
104.7,48.611000125549964,1.0,104.0
104.75,48.617500035970664,1.0,104.0
104.80000000000001,48.62400001030577,1.0,104.0
104.85000000000001,48.63050000295265,1.0,104.0
104.9,48.63700000084595,1.0,104.0
104.95,48.64350000024237,1.0,104.0
105.0,-53.65,-1.0,105.0
105.05000000000001,-50.089023984300546,-1.0,105.0
105.10000000000001,-49.07342499311941,-1.0,105.0
105.15,-48.78708872928003,-1.0,105.0
105.2,-48.70968973499543,-1.0,105.0
105.25,-48.69215227068114,-1.0,105.0
105.30000000000001,-48.69176542185074,-1.0,105.0
105.35000000000001,-48.69629230662558,-1.0,105.0
105.4,-48.70222699964881,-1.0,105.0
105.45,-48.708565036488274,-1.0,105.0
105.5,-48.71501863326586,-1.0,105.0
105.55000000000001,-48.72150533852005,-1.0,105.0
105.60000000000001,-48.7280015295116,-1.0,105.0
105.65,-48.73450043821241,-1.0,105.0
105.7,-48.74100012554996,-1.0,105.0
105.75,-48.74750003597067,-1.0,105.0
105.80000000000001,-48.754000010305774,-1.0,105.0
105.85000000000001,-48.760500002952654,-1.0,105.0
105.9,-48.767000000845954,-1.0,105.0
105.95,-48.773500000242365,-1.0,105.0
106.0,53.78,1.0,106.0
106.05000000000001,50.21902398430055,1.0,106.0
106.10000000000001,49.203424993119405,1.0,106.0
106.15,48.91708872928003,1.0,106.0
106.2,48.839689734995424,1.0,106.0
106.25,48.82215227068114,1.0,106.0
106.30000000000001,48.82176542185074,1.0,106.0
106.35000000000001,48.82629230662558,1.0,106.0
106.4,48.83222699964881,1.0,106.0
106.45,48.838565036488276,1.0,106.0
106.5,48.84501863326586,1.0,106.0
106.55000000000001,48.85150533852005,1.0,106.0
106.60000000000001,48.858001529511604,1.0,106.0
106.65,48.86450043821241,1.0,106.0
106.7,48.87100012554996,1.0,106.0
106.75,48.87750003597066,1.0,106.0
106.80000000000001,48.88400001030577,1.0,106.0
106.85000000000001,48.890500002952656,1.0,106.0
106.9,48.897000000845956,1.0,106.0
106.95,48.90350000024237,1.0,106.0
107.0,-53.91,-1.0,107.0
107.05000000000001,-50.349023984300544,-1.0,107.0
107.10000000000001,-49.33342499311941,-1.0,107.0
107.15,-49.047088729280034,-1.0,107.0
107.2,-48.96968973499543,-1.0,107.0
107.25,-48.95215227068114,-1.0,107.0
107.30000000000001,-48.95176542185074,-1.0,107.0
107.35000000000001,-48.95629230662558,-1.0,107.0
107.4,-48.96222699964881,-1.0,107.0
107.45,-48.96856503648827,-1.0,107.0
107.5,-48.97501863326586,-1.0,107.0
107.55000000000001,-48.98150533852005,-1.0,107.0
107.60000000000001,-48.9880015295116,-1.0,107.0
107.65,-48.99450043821241,-1.0,107.0
107.7,-49.001000125549965,-1.0,107.0
107.75,-49.007500035970665,-1.0,107.0
107.80000000000001,-49.01400001030577,-1.0,107.0
107.85000000000001,-49.02050000295265,-1.0,107.0
107.9,-49.02700000084595,-1.0,107.0
107.95,-49.03350000024237,-1.0,107.0
108.0,54.04,1.0,108.0
108.05000000000001,50.47902398430055,1.0,108.0
108.10000000000001,49.4634249931194,1.0,108.0
108.15,49.17708872928003,1.0,108.0
108.2,49.09968973499543,1.0,108.0
108.25,49.082152270681135,1.0,108.0
108.30000000000001,49.08176542185074,1.0,108.0
108.35000000000001,49.08629230662558,1.0,108.0
108.4,49.09222699964881,1.0,108.0
108.45,49.098565036488274,1.0,108.0
108.5,49.105018633265864,1.0,108.0
108.55000000000001,49.11150533852005,1.0,108.0
108.60000000000001,49.1180015295116,1.0,108.0
108.65,49.12450043821241,1.0,108.0
108.7,49.13100012554996,1.0,108.0
108.75,49.13750003597067,1.0,108.0
108.80000000000001,49.144000010305774,1.0,108.0
108.85000000000001,49.150500002952654,1.0,108.0
108.9,49.157000000845954,1.0,108.0
108.95,49.163500000242365,1.0,108.0
109.0,-54.17,-1.0,109.0
109.05000000000001,-50.60902398430055,-1.0,109.0
109.10000000000001,-49.593424993119406,-1.0,109.0
109.15,-49.30708872928003,-1.0,109.0
109.2,-49.229689734995425,-1.0,109.0
109.25,-49.21215227068114,-1.0,109.0
109.30000000000001,-49.21176542185074,-1.0,109.0
109.35000000000001,-49.21629230662558,-1.0,109.0
109.4,-49.22222699964881,-1.0,109.0
109.45,-49.22856503648827,-1.0,109.0
109.5,-49.23501863326586,-1.0,109.0
109.55000000000001,-49.24150533852005,-1.0,109.0
109.60000000000001,-49.248001529511605,-1.0,109.0
109.65,-49.25450043821241,-1.0,109.0
109.7,-49.26100012554996,-1.0,109.0
109.75,-49.26750003597066,-1.0,109.0
109.80000000000001,-49.27400001030577,-1.0,109.0
109.85000000000001,-49.28050000295266,-1.0,109.0
109.9,-49.28700000084595,-1.0,109.0
109.95,-49.29350000024237,-1.0,109.0
110.0,54.3,1.0,110.0
110.05000000000001,50.739023984300545,1.0,110.0
110.10000000000001,49.72342499311941,1.0,110.0
110.15,49.437088729280035,1.0,110.0
110.2,49.35968973499543,1.0,110.0
110.25,49.34215227068114,1.0,110.0
110.30000000000001,49.34176542185074,1.0,110.0
110.35000000000001,49.34629230662558,1.0,110.0
110.4,49.35222699964881,1.0,110.0
110.45,49.35856503648827,1.0,110.0
110.5,49.36501863326586,1.0,110.0
110.55000000000001,49.37150533852005,1.0,110.0
110.60000000000001,49.3780015295116,1.0,110.0
110.65,49.38450043821241,1.0,110.0
110.7,49.39100012554996,1.0,110.0
110.75,49.397500035970666,1.0,110.0
110.80000000000001,49.40400001030577,1.0,110.0
110.85000000000001,49.41050000295265,1.0,110.0
110.9,49.41700000084595,1.0,110.0
110.95,49.42350000024237,1.0,110.0
111.0,-54.43,-1.0,111.0
111.05000000000001,-50.86902398430055,-1.0,111.0
111.10000000000001,-49.853424993119404,-1.0,111.0
111.15,-49.56708872928003,-1.0,111.0
111.2,-49.48968973499543,-1.0,111.0
111.25,-49.472152270681136,-1.0,111.0
111.30000000000001,-49.47176542185074,-1.0,111.0
111.35000000000001,-49.47629230662558,-1.0,111.0
111.4,-49.48222699964881,-1.0,111.0
111.45,-49.488565036488275,-1.0,111.0
111.5,-49.495018633265865,-1.0,111.0
111.55000000000001,-49.50150533852005,-1.0,111.0
111.60000000000001,-49.5080015295116,-1.0,111.0
111.65,-49.51450043821241,-1.0,111.0
111.7,-49.52100012554996,-1.0,111.0
111.75,-49.52750003597067,-1.0,111.0
111.80000000000001,-49.534000010305775,-1.0,111.0
111.85000000000001,-49.540500002952655,-1.0,111.0
111.9,-49.54700000084595,-1.0,111.0
111.95,-49.553500000242366,-1.0,111.0
112.0,54.56,1.0,112.0
112.05000000000001,50.99902398430055,1.0,112.0
112.10000000000001,49.98342499311941,1.0,112.0
112.15,49.69708872928003,1.0,112.0
112.2,49.619689734995426,1.0,112.0
112.25,49.60215227068114,1.0,112.0
112.30000000000001,49.60176542185074,1.0,112.0
112.35000000000001,49.606292306625576,1.0,112.0
112.4,49.61222699964881,1.0,112.0
112.45,49.61856503648827,1.0,112.0
112.5,49.62501863326586,1.0,112.0
112.55000000000001,49.63150533852005,1.0,112.0
112.60000000000001,49.638001529511605,1.0,112.0
112.65,49.64450043821241,1.0,112.0
112.7,49.65100012554996,1.0,112.0
112.75,49.65750003597066,1.0,112.0
112.80000000000001,49.66400001030577,1.0,112.0
112.85000000000001,49.67050000295266,1.0,112.0
112.9,49.67700000084595,1.0,112.0
112.95,49.68350000024237,1.0,112.0
113.0,-54.69,-1.0,113.0
113.05000000000001,-51.129023984300545,-1.0,113.0
113.10000000000001,-50.11342499311941,-1.0,113.0
113.15,-49.827088729280035,-1.0,113.0
113.2,-49.74968973499543,-1.0,113.0
113.25,-49.732152270681134,-1.0,113.0
113.30000000000001,-49.73176542185074,-1.0,113.0
113.35000000000001,-49.73629230662558,-1.0,113.0
113.4,-49.742226999648814,-1.0,113.0
113.45,-49.74856503648827,-1.0,113.0
113.5,-49.75501863326586,-1.0,113.0
113.55000000000001,-49.761505338520045,-1.0,113.0
113.60000000000001,-49.7680015295116,-1.0,113.0
113.65,-49.774500438212414,-1.0,113.0
113.7,-49.78100012554996,-1.0,113.0
113.75,-49.787500035970666,-1.0,113.0
113.80000000000001,-49.79400001030577,-1.0,113.0
113.85000000000001,-49.80050000295265,-1.0,113.0
113.9,-49.80700000084595,-1.0,113.0
113.95,-49.81350000024237,-1.0,113.0
114.0,54.82,1.0,114.0
114.05000000000001,51.25902398430055,1.0,114.0
114.10000000000001,50.243424993119405,1.0,114.0
114.15,49.95708872928003,1.0,114.0
114.2,49.87968973499543,1.0,114.0
114.25,49.862152270681136,1.0,114.0
114.30000000000001,49.86176542185074,1.0,114.0
114.35000000000001,49.866292306625574,1.0,114.0
114.4,49.87222699964881,1.0,114.0
114.45,49.878565036488276,1.0,114.0
114.5,49.88501863326586,1.0,114.0
114.55000000000001,49.89150533852005,1.0,114.0
114.60000000000001,49.8980015295116,1.0,114.0
114.65,49.90450043821241,1.0,114.0
114.7,49.91100012554996,1.0,114.0
114.75,49.91750003597067,1.0,114.0
114.80000000000001,49.92400001030577,1.0,114.0
114.85000000000001,49.930500002952655,1.0,114.0
114.9,49.93700000084595,1.0,114.0
114.95,49.943500000242366,1.0,114.0
115.0,-54.95,-1.0,115.0
115.05000000000001,-51.38902398430055,-1.0,115.0
115.10000000000001,-50.37342499311941,-1.0,115.0
115.15,-50.08708872928003,-1.0,115.0
115.2,-50.009689734995426,-1.0,115.0
115.25,-49.99215227068114,-1.0,115.0
115.30000000000001,-49.991765421850744,-1.0,115.0
115.35000000000001,-49.99629230662558,-1.0,115.0
115.4,-50.00222699964881,-1.0,115.0
115.45,-50.00856503648827,-1.0,115.0
115.5,-50.01501863326586,-1.0,115.0
115.55000000000001,-50.02150533852005,-1.0,115.0
115.60000000000001,-50.028001529511606,-1.0,115.0
115.65,-50.03450043821241,-1.0,115.0
115.7,-50.04100012554996,-1.0,115.0
115.75,-50.047500035970664,-1.0,115.0
115.80000000000001,-50.05400001030577,-1.0,115.0
115.85000000000001,-50.06050000295266,-1.0,115.0
115.9,-50.06700000084595,-1.0,115.0
115.95,-50.07350000024237,-1.0,115.0
116.0,55.08,1.0,116.0
116.05000000000001,51.519023984300546,1.0,116.0
116.10000000000001,50.50342499311941,1.0,116.0
116.15,50.21708872928003,1.0,116.0
116.2,50.13968973499543,1.0,116.0
116.25,50.122152270681134,1.0,116.0
116.30000000000001,50.12176542185074,1.0,116.0
116.35000000000001,50.12629230662558,1.0,116.0
116.4,50.132226999648815,1.0,116.0
116.45,50.138565036488274,1.0,116.0
116.5,50.14501863326586,1.0,116.0
116.55000000000001,50.151505338520046,1.0,116.0
116.60000000000001,50.1580015295116,1.0,116.0
116.65,50.164500438212414,1.0,116.0
116.7,50.17100012554996,1.0,116.0
116.75,50.17750003597067,1.0,116.0
116.80000000000001,50.18400001030577,1.0,116.0
116.85000000000001,50.19050000295265,1.0,116.0
116.9,50.197000000845954,1.0,116.0
116.95,50.203500000242364,1.0,116.0
117.0,-55.21,-1.0,117.0
117.05000000000001,-51.64902398430055,-1.0,117.0
117.10000000000001,-50.633424993119405,-1.0,117.0
117.15,-50.34708872928003,-1.0,117.0
117.2,-50.26968973499543,-1.0,117.0
117.25,-50.25215227068114,-1.0,117.0
117.30000000000001,-50.25176542185074,-1.0,117.0
117.35000000000001,-50.256292306625575,-1.0,117.0
117.4,-50.26222699964881,-1.0,117.0
117.45,-50.268565036488276,-1.0,117.0
117.5,-50.27501863326586,-1.0,117.0
117.55000000000001,-50.28150533852005,-1.0,117.0
117.60000000000001,-50.288001529511604,-1.0,117.0
117.65,-50.29450043821241,-1.0,117.0
117.7,-50.30100012554996,-1.0,117.0
117.75,-50.30750003597067,-1.0,117.0
117.80000000000001,-50.31400001030577,-1.0,117.0
117.85000000000001,-50.320500002952656,-1.0,117.0
117.9,-50.32700000084595,-1.0,117.0
117.95,-50.33350000024237,-1.0,117.0
118.0,55.34,1.0,118.0
118.05000000000001,51.77902398430055,1.0,118.0
118.10000000000001,50.76342499311941,1.0,118.0
118.15,50.47708872928003,1.0,118.0
118.2,50.39968973499543,1.0,118.0
118.25,50.38215227068114,1.0,118.0
118.30000000000001,50.381765421850744,1.0,118.0
118.35000000000001,50.38629230662558,1.0,118.0
118.4,50.39222699964881,1.0,118.0
118.45,50.39856503648827,1.0,118.0
118.5,50.40501863326586,1.0,118.0
118.55000000000001,50.41150533852005,1.0,118.0
118.60000000000001,50.4180015295116,1.0,118.0
118.65,50.42450043821241,1.0,118.0
118.7,50.43100012554996,1.0,118.0
118.75,50.437500035970665,1.0,118.0
118.80000000000001,50.44400001030577,1.0,118.0
118.85000000000001,50.45050000295266,1.0,118.0
118.9,50.45700000084595,1.0,118.0
118.95,50.46350000024237,1.0,118.0
119.0,-55.47,-1.0,119.0
119.05000000000001,-51.909023984300546,-1.0,119.0
119.10000000000001,-50.89342499311941,-1.0,119.0
119.15,-50.60708872928003,-1.0,119.0
119.2,-50.52968973499543,-1.0,119.0
119.25,-50.512152270681135,-1.0,119.0
119.30000000000001,-50.51176542185074,-1.0,119.0
119.35000000000001,-50.51629230662558,-1.0,119.0
119.4,-50.522226999648815,-1.0,119.0
119.45,-50.528565036488274,-1.0,119.0
119.5,-50.53501863326586,-1.0,119.0
119.55000000000001,-50.54150533852005,-1.0,119.0
119.60000000000001,-50.5480015295116,-1.0,119.0
119.65,-50.554500438212415,-1.0,119.0
119.7,-50.56100012554996,-1.0,119.0
119.75,-50.56750003597067,-1.0,119.0
119.80000000000001,-50.57400001030577,-1.0,119.0
119.85000000000001,-50.580500002952654,-1.0,119.0
119.9,-50.587000000845954,-1.0,119.0
119.95,-50.593500000242365,-1.0,119.0
