sample,cycle,capacity,ce
Demo sample A,1,169.78,98.78225216819078
Demo sample A,2,169.56,98.85483945185003
Demo sample A,3,169.34,98.91889750484633
Demo sample A,4,169.12,98.97542853820116
Demo sample A,5,168.9,99.02531700003671
Demo sample A,6,168.68,99.0693434130813
Demo sample A,7,168.46,99.10819658622505
Demo sample A,8,168.24,99.14248439117999
Demo sample A,9,168.02,99.17274327284916
Demo sample A,10,167.8,99.19944664219787
Demo sample A,11,167.58,99.22301228293668
Demo sample A,12,167.36,99.24380888789611
Demo sample A,13,167.14,99.26216182735706
Demo sample A,14,166.92,99.27835823958469
Demo sample A,15,166.7,99.29265152320855
Demo sample A,16,166.48,99.30526530173438
Demo sample A,17,166.26,99.3163969222133
Demo sample A,18,166.04,99.3262205428067
Demo sample A,19,165.82,99.33488985755254
Demo sample A,20,165.6,99.34254050096327
Demo sample A,21,165.38,99.34929217007603
Demo sample A,22,165.16,99.35525049715531
Demo sample A,23,164.94,99.36050870234736
Demo sample A,24,164.72,99.3651490521425
Demo sample A,25,164.5,99.36924414646361
Demo sample A,26,164.28,99.37285805451779
Demo sample A,27,164.06,99.37604731718184
Demo sample A,28,163.84,99.37886183160438
Demo sample A,29,163.62,99.38134563186455
Demo sample A,30,163.4,99.3835375779008
Demo sample A,31,163.18,99.38547196348841
Demo sample A,32,162.96,99.3871790527779
Demo sample A,33,162.74,99.38868555378829
Demo sample A,34,162.52,99.3900150362637
Demo sample A,35,162.3,99.3911883004303
Demo sample A,36,162.08,99.39222370242324
Demo sample A,37,161.86,99.39313744147493
Demo sample A,38,161.64,99.39394381335782
Demo sample A,39,161.42,99.3946554340468
Demo sample A,40,161.2,99.39528343710064
Demo sample B,1,163.73,98.78225216819078
Demo sample B,2,163.46,98.85483945185003
Demo sample B,3,163.19,98.91889750484633
Demo sample B,4,162.92,98.97542853820116
Demo sample B,5,162.65,99.02531700003671
Demo sample B,6,162.38,99.0693434130813
Demo sample B,7,162.11,99.10819658622505
Demo sample B,8,161.84,99.14248439117999
Demo sample B,9,161.57,99.17274327284916
Demo sample B,10,161.3,99.19944664219787
Demo sample B,11,161.03,99.22301228293668
Demo sample B,12,160.76,99.24380888789611
Demo sample B,13,160.49,99.26216182735706
Demo sample B,14,160.22,99.27835823958469
Demo sample B,15,159.95,99.29265152320855
Demo sample B,16,159.68,99.30526530173438
Demo sample B,17,159.41,99.3163969222133
Demo sample B,18,159.14,99.3262205428067
Demo sample B,19,158.87,99.33488985755254
Demo sample B,20,158.6,99.34254050096327
Demo sample B,21,158.33,99.34929217007603
Demo sample B,22,158.06,99.35525049715531
Demo sample B,23,157.79,99.36050870234736
Demo sample B,24,157.52,99.3651490521425
Demo sample B,25,157.25,99.36924414646361
Demo sample B,26,156.98,99.37285805451779
Demo sample B,27,156.71,99.37604731718184
Demo sample B,28,156.44,99.37886183160438
Demo sample B,29,156.17,99.38134563186455
Demo sample B,30,155.9,99.3835375779008
Demo sample B,31,155.63,99.38547196348841
Demo sample B,32,155.36,99.3871790527779
Demo sample B,33,155.09,99.38868555378829
Demo sample B,34,154.82,99.3900150362637
Demo sample B,35,154.55,99.3911883004303
Demo sample B,36,154.28,99.39222370242324
Demo sample B,37,154.01,99.39313744147493
Demo sample B,38,153.74,99.39394381335782
Demo sample B,39,153.47,99.3946554340468
Demo sample B,40,153.2,99.39528343710064
