id,doi,title,year,issue_year,journal,publisher,domain,article_type,primary_url,doi_url,abstract_source_url,abstract_read_scope,pmid,pmcid,independent_language_observation
BL001,10.1007/s40820-025-01914-x,"Low-Temperature Electrolytes for Lithium-Ion Batteries: Current Challenges, Development, and Perspectives",2025,2025,Nano-Micro Letters,Springer Science and Business Media LLC,lithium_ion,review,https://link.springer.com/10.1007/s40820-025-01914-x,https://doi.org/10.1007/s40820-025-01914-x,https://www.ebi.ac.uk/europepmc/webservices/rest/search?query=%28TITLE%3A%22lithium-ion%22+OR+TITLE%3A%22lithium+ion%22%29+AND+%28TITLE%3Abattery+OR+TITLE%3Abatteries%29+AND+OPEN_ACCESS%3AY+AND+HAS_ABSTRACT%3AY+AND+FIRST_PDATE%3A%5B2016-01-01+TO+2025-12-31%5D+AND+SRC%3AMED&format=json&resultType=core&pageSize=80,entire indexed author abstract; no inference that complete article was read,40938448,PMC12432001,"Separate bulk conductivity, charge transfer, interphase transport and Li deposition when editing low-temperature bottlenecks."
BL002,10.1038/s41467-025-65250-9,A layered Prussian blue analogue as fast-charging negative electrode material for lithium-ion batteries,2025,2025,Nature Communications,Springer Science and Business Media LLC,lithium_ion,research,https://www.nature.com/articles/s41467-025-65250-9,https://doi.org/10.1038/s41467-025-65250-9,https://www.ebi.ac.uk/europepmc/webservices/rest/search?query=%28TITLE%3A%22lithium-ion%22+OR+TITLE%3A%22lithium+ion%22%29+AND+%28TITLE%3Abattery+OR+TITLE%3Abatteries%29+AND+OPEN_ACCESS%3AY+AND+HAS_ABSTRACT%3AY+AND+FIRST_PDATE%3A%5B2016-01-01+TO+2025-12-31%5D+AND+SRC%3AMED&format=json&resultType=core&pageSize=80,entire indexed author abstract; no inference that complete article was read,41285730,PMC12644570,"Keep negative-electrode specific capacity, specific current and the Li reference potential attached to their own quantities."
BL003,10.1038/s41467-025-60833-y,Deciphering coulombic loss in lithium-ion batteries and beyond,2025,2025,Nature Communications,Springer Science and Business Media LLC,lithium_ion,research,https://www.nature.com/articles/s41467-025-60833-y,https://doi.org/10.1038/s41467-025-60833-y,https://www.ebi.ac.uk/europepmc/webservices/rest/search?query=%28TITLE%3A%22lithium-ion%22+OR+TITLE%3A%22lithium+ion%22%29+AND+%28TITLE%3Abattery+OR+TITLE%3Abatteries%29+AND+OPEN_ACCESS%3AY+AND+HAS_ABSTRACT%3AY+AND+FIRST_PDATE%3A%5B2016-01-01+TO+2025-12-31%5D+AND+SRC%3AMED&format=json&resultType=core&pageSize=80,entire indexed author abstract; no inference that complete article was read,40595612,PMC12216820,Do not equate coulombic loss with capacity loss without the charge-inventory assumptions and electrode compensation mechanism.
BL004,10.1038/s41467-025-66819-0,Early prediction of lithium-ion battery degradation with a generative pre-trained transformer,2025,2025,Nature Communications,Springer Science and Business Media LLC,lithium_ion,research,https://www.nature.com/articles/s41467-025-66819-0,https://doi.org/10.1038/s41467-025-66819-0,https://www.ebi.ac.uk/europepmc/webservices/rest/search?query=%28TITLE%3A%22lithium-ion%22+OR+TITLE%3A%22lithium+ion%22%29+AND+%28TITLE%3Abattery+OR+TITLE%3Abatteries%29+AND+OPEN_ACCESS%3AY+AND+HAS_ABSTRACT%3AY+AND+FIRST_PDATE%3A%5B2016-01-01+TO+2025-12-31%5D+AND+SRC%3AMED&format=json&resultType=core&pageSize=80,entire indexed author abstract; no inference that complete article was read,41350252,PMC12775150,"Keep prediction-window fraction, SOH RMSE and lifetime MAPE distinct; prediction accuracy is not experimental battery durability."
BL005,10.1038/s41467-025-62657-2,Fully printable integrated multifunctional sensor arrays for intelligent lithium-ion batteries,2025,2025,Nature Communications,Springer Science and Business Media LLC,lithium_ion,research,https://www.nature.com/articles/s41467-025-62657-2,https://doi.org/10.1038/s41467-025-62657-2,https://www.ebi.ac.uk/europepmc/webservices/rest/search?query=%28TITLE%3A%22lithium-ion%22+OR+TITLE%3A%22lithium+ion%22%29+AND+%28TITLE%3Abattery+OR+TITLE%3Abatteries%29+AND+OPEN_ACCESS%3AY+AND+HAS_ABSTRACT%3AY+AND+FIRST_PDATE%3A%5B2016-01-01+TO+2025-12-31%5D+AND+SRC%3AMED&format=json&resultType=core&pageSize=80,entire indexed author abstract; no inference that complete article was read,40783400,PMC12335448,Distinguish operando sensor indicators and warning lead time from guarantees of cell or pack safety.
BL006,10.1038/s41467-025-63678-7,Large lithium-ion battery model for secure shared electric bike battery in smart cities,2025,2025,Nature Communications,Springer Science and Business Media LLC,lithium_ion,research,https://www.nature.com/articles/s41467-025-63678-7,https://doi.org/10.1038/s41467-025-63678-7,https://www.ebi.ac.uk/europepmc/webservices/rest/search?query=%28TITLE%3A%22lithium-ion%22+OR+TITLE%3A%22lithium+ion%22%29+AND+%28TITLE%3Abattery+OR+TITLE%3Abatteries%29+AND+OPEN_ACCESS%3AY+AND+HAS_ABSTRACT%3AY+AND+FIRST_PDATE%3A%5B2016-01-01+TO+2025-12-31%5D+AND+SRC%3AMED&format=json&resultType=core&pageSize=80,entire indexed author abstract; no inference that complete article was read,40998841,PMC12462505,Distinguish the scale of pretraining data from finetuning and deployment validation; avoid broad safety claims from prediction tasks.
BL007,10.1038/s41467-025-67678-5,Lithium-ion battery recycling through an integrated electro-membrane crystallization technology,2025,2025,Nature Communications,Springer Science and Business Media LLC,lithium_ion,research,https://www.nature.com/articles/s41467-025-67678-5,https://doi.org/10.1038/s41467-025-67678-5,https://www.ebi.ac.uk/europepmc/webservices/rest/search?query=%28TITLE%3A%22lithium-ion%22+OR+TITLE%3A%22lithium+ion%22%29+AND+%28TITLE%3Abattery+OR+TITLE%3Abatteries%29+AND+OPEN_ACCESS%3AY+AND+HAS_ABSTRACT%3AY+AND+FIRST_PDATE%3A%5B2016-01-01+TO+2025-12-31%5D+AND+SRC%3AMED&format=json&resultType=core&pageSize=80,entire indexed author abstract; no inference that complete article was read,41422103,PMC12847857,Recovery yield and product purity have different denominators; do not merge their percentages.
BL008,10.1038/s41467-025-63443-w,MXene-configured graphite towards long-life lithium-ion batteries under extreme conditions,2025,2025,Nature Communications,Springer Science and Business Media LLC,lithium_ion,research,https://www.nature.com/articles/s41467-025-63443-w,https://doi.org/10.1038/s41467-025-63443-w,https://www.ebi.ac.uk/europepmc/webservices/rest/search?query=%28TITLE%3A%22lithium-ion%22+OR+TITLE%3A%22lithium+ion%22%29+AND+%28TITLE%3Abattery+OR+TITLE%3Abatteries%29+AND+OPEN_ACCESS%3AY+AND+HAS_ABSTRACT%3AY+AND+FIRST_PDATE%3A%5B2016-01-01+TO+2025-12-31%5D+AND+SRC%3AMED&format=json&resultType=core&pageSize=80,entire indexed author abstract; no inference that complete article was read,41006268,PMC12475438,"Retain temperature, C-rate, cycle count and comparator beside pouch-cell capacity retention."
BL009,10.1038/s41467-025-65989-1,Tailored electrolyte salt anion chemistry for enhanced high-nickel lithium-ion batteries,2025,2025,Nature Communications,Springer Science and Business Media LLC,lithium_ion,research,https://www.nature.com/articles/s41467-025-65989-1,https://doi.org/10.1038/s41467-025-65989-1,https://www.ebi.ac.uk/europepmc/webservices/rest/search?query=%28TITLE%3A%22lithium-ion%22+OR+TITLE%3A%22lithium+ion%22%29+AND+%28TITLE%3Abattery+OR+TITLE%3Abatteries%29+AND+OPEN_ACCESS%3AY+AND+HAS_ABSTRACT%3AY+AND+FIRST_PDATE%3A%5B2016-01-01+TO+2025-12-31%5D+AND+SRC%3AMED&format=json&resultType=core&pageSize=80,entire indexed author abstract; no inference that complete article was read,41381413,PMC12714861,Keep charge and discharge rates separate and retain the stated conversion for one C.
BL010,10.1039/d5sc07537h,Curvature defect engineering towards a high-performance COF-based cathode in lithium-ion batteries,2025,2026,Chemical Science,Royal Society of Chemistry (RSC),lithium_ion,research,https://pubs.rsc.org/sc/article/17/10/5046-5055/1240802,https://doi.org/10.1039/d5sc07537h,https://www.ebi.ac.uk/europepmc/webservices/rest/search?query=%28TITLE%3A%22lithium-ion%22+OR+TITLE%3A%22lithium+ion%22%29+AND+%28TITLE%3Abattery+OR+TITLE%3Abatteries%29+AND+OPEN_ACCESS%3AY+AND+HAS_ABSTRACT%3AY+AND+FIRST_PDATE%3A%5B2016-01-01+TO+2025-12-31%5D+AND+SRC%3AMED&format=json&resultType=core&pageSize=80,entire indexed author abstract; no inference that complete article was read,41561461,PMC12813857,Some abstract capacity values use current units without an hour term; flag this ambiguity rather than silently correcting it.
BL011,10.1039/d5sc03975d,From efficiency to sustainability: organic additives for interfacial regulation in lithium metal batteries,2025,2025,Chemical Science,Royal Society of Chemistry (RSC),lithium_metal,review,https://pubs.rsc.org/sc/article/16/39/18050-18091/317100,https://doi.org/10.1039/d5sc03975d,https://www.ebi.ac.uk/europepmc/webservices/rest/search?query=%28TITLE%3A%22lithium+metal%22+OR+TITLE%3A%22lithium-metal%22%29+AND+%28electrolyte+OR+interphase+OR+interface+OR+battery%29+AND+OPEN_ACCESS%3AY+AND+HAS_ABSTRACT%3AY+AND+FIRST_PDATE%3A%5B2016-01-01+TO+2025-12-31%5D+AND+SRC%3AMED&format=json&resultType=core&pageSize=80,entire indexed author abstract; no inference that complete article was read,41019644,PMC12466591,Separate theoretical Li capacity and electrode potential from experimentally demonstrated cell performance.
BL012,10.1038/s41467-025-66308-4,A porous tellurium interlayer for high-power and long-cycling garnet-based quasi-solid-state lithium-metal batteries,2025,2025,Nature Communications,Springer Science and Business Media LLC,lithium_metal,research,https://www.nature.com/articles/s41467-025-66308-4,https://doi.org/10.1038/s41467-025-66308-4,https://www.ebi.ac.uk/europepmc/webservices/rest/search?query=%28TITLE%3A%22lithium+metal%22+OR+TITLE%3A%22lithium-metal%22%29+AND+%28electrolyte+OR+interphase+OR+interface+OR+battery%29+AND+OPEN_ACCESS%3AY+AND+HAS_ABSTRACT%3AY+AND+FIRST_PDATE%3A%5B2016-01-01+TO+2025-12-31%5D+AND+SRC%3AMED&format=json&resultType=core&pageSize=80,entire indexed author abstract; no inference that complete article was read,41390823,PMC12748601,Preserve the quasi-solid-state qualifier and distinguish long-cycle small-cell performance from the separate pouch-cell demonstration.
BL013,10.1038/s41467-025-66866-7,A scalable and long-cycle-life 600 Wh kg−1 solid-state lithium metal pouch cell,2025,2025,Nature Communications,Springer Science and Business Media LLC,lithium_metal,research,https://www.nature.com/articles/s41467-025-66866-7,https://doi.org/10.1038/s41467-025-66866-7,https://www.ebi.ac.uk/europepmc/webservices/rest/search?query=%28TITLE%3A%22lithium+metal%22+OR+TITLE%3A%22lithium-metal%22%29+AND+%28electrolyte+OR+interphase+OR+interface+OR+battery%29+AND+OPEN_ACCESS%3AY+AND+HAS_ABSTRACT%3AY+AND+FIRST_PDATE%3A%5B2016-01-01+TO+2025-12-31%5D+AND+SRC%3AMED&format=json&resultType=core&pageSize=80,entire indexed author abstract; no inference that complete article was read,41309660,PMC12748920,Package-included and package-excluded specific energy differ; energy retention and capacity retention also differ.
BL014,10.1038/s41467-025-63303-7,Active learning accelerates electrolyte solvent screening for anode-free lithium metal batteries,2025,2025,Nature Communications,Springer Science and Business Media LLC,lithium_metal,research,https://www.nature.com/articles/s41467-025-63303-7,https://doi.org/10.1038/s41467-025-63303-7,https://www.ebi.ac.uk/europepmc/webservices/rest/search?query=%28TITLE%3A%22lithium+metal%22+OR+TITLE%3A%22lithium-metal%22%29+AND+%28electrolyte+OR+interphase+OR+interface+OR+battery%29+AND+OPEN_ACCESS%3AY+AND+HAS_ABSTRACT%3AY+AND+FIRST_PDATE%3A%5B2016-01-01+TO+2025-12-31%5D+AND+SRC%3AMED&format=json&resultType=core&pageSize=80,entire indexed author abstract; no inference that complete article was read,40998777,PMC12462480,A million virtual candidates are not a million measured electrolytes; keep sequential campaign counts and initial labels distinct.
BL015,10.1038/s41467-025-57856-w,Bioinspired gel polymer electrolyte for wide temperature lithium metal battery,2025,2025,Nature Communications,Springer Science and Business Media LLC,lithium_metal,research,https://www.nature.com/articles/s41467-025-57856-w,https://doi.org/10.1038/s41467-025-57856-w,https://www.ebi.ac.uk/europepmc/webservices/rest/search?query=%28TITLE%3A%22lithium+metal%22+OR+TITLE%3A%22lithium-metal%22%29+AND+%28electrolyte+OR+interphase+OR+interface+OR+battery%29+AND+OPEN_ACCESS%3AY+AND+HAS_ABSTRACT%3AY+AND+FIRST_PDATE%3A%5B2016-01-01+TO+2025-12-31%5D+AND+SRC%3AMED&format=json&resultType=core&pageSize=80,entire indexed author abstract; no inference that complete article was read,40075058,PMC11904243,Conductivity at one temperature cannot be assigned to performance tested at another; retain separate rate-temperature combinations.
BL016,10.1038/s41467-025-62992-4,Bioinspired interfacial nanofluidic layer enabling high-rate and dendrite-free lithium metal negative electrodes,2025,2025,Nature Communications,Springer Science and Business Media LLC,lithium_metal,research,https://www.nature.com/articles/s41467-025-62992-4,https://doi.org/10.1038/s41467-025-62992-4,https://www.ebi.ac.uk/europepmc/webservices/rest/search?query=%28TITLE%3A%22lithium+metal%22+OR+TITLE%3A%22lithium-metal%22%29+AND+%28electrolyte+OR+interphase+OR+interface+OR+battery%29+AND+OPEN_ACCESS%3AY+AND+HAS_ABSTRACT%3AY+AND+FIRST_PDATE%3A%5B2016-01-01+TO+2025-12-31%5D+AND+SRC%3AMED&format=json&resultType=core&pageSize=80,entire indexed author abstract; no inference that complete article was read,40877305,PMC12394606,"Keep stack-level energy, negative-electrode CE and full-cell retention attached to their separate configurations."
BL017,10.1038/s41467-025-66197-7,De-solvation of heteroalkali cations enabling stable solid electrolyte interphase for dendrite-free lithium metal batteries,2025,2025,Nature Communications,Springer Science and Business Media LLC,lithium_metal,research,https://www.nature.com/articles/s41467-025-66197-7,https://doi.org/10.1038/s41467-025-66197-7,https://www.ebi.ac.uk/europepmc/webservices/rest/search?query=%28TITLE%3A%22lithium+metal%22+OR+TITLE%3A%22lithium-metal%22%29+AND+%28electrolyte+OR+interphase+OR+interface+OR+battery%29+AND+OPEN_ACCESS%3AY+AND+HAS_ABSTRACT%3AY+AND+FIRST_PDATE%3A%5B2016-01-01+TO+2025-12-31%5D+AND+SRC%3AMED&format=json&resultType=core&pageSize=80,entire indexed author abstract; no inference that complete article was read,41407684,PMC12738580,Retain the negative-to-positive capacity ratio beside full-cell retention; a Li-Cu CE result has a different test configuration.
BL018,10.1038/s41467-025-65938-y,Designing bi-layer electrode-electrolyte interfaces with an asymmetric ether to enable wide-temperature lithium metal batteries,2025,2025,Nature Communications,Springer Science and Business Media LLC,lithium_metal,research,https://www.nature.com/articles/s41467-025-65938-y,https://doi.org/10.1038/s41467-025-65938-y,https://www.ebi.ac.uk/europepmc/webservices/rest/search?query=%28TITLE%3A%22lithium+metal%22+OR+TITLE%3A%22lithium-metal%22%29+AND+%28electrolyte+OR+interphase+OR+interface+OR+battery%29+AND+OPEN_ACCESS%3AY+AND+HAS_ABSTRACT%3AY+AND+FIRST_PDATE%3A%5B2016-01-01+TO+2025-12-31%5D+AND+SRC%3AMED&format=json&resultType=core&pageSize=80,entire indexed author abstract; no inference that complete article was read,41365853,PMC12690081,A temperature span does not establish the same cycling rate and retention across the entire span.
BL019,10.1038/s41467-025-58110-z,Dynamic doping and interphase stabilization for cobalt-free and high-voltage Lithium metal batteries,2025,2025,Nature Communications,Springer Science and Business Media LLC,lithium_metal,research,https://www.nature.com/articles/s41467-025-58110-z,https://doi.org/10.1038/s41467-025-58110-z,https://www.ebi.ac.uk/europepmc/webservices/rest/search?query=%28TITLE%3A%22lithium+metal%22+OR+TITLE%3A%22lithium-metal%22%29+AND+%28electrolyte+OR+interphase+OR+interface+OR+battery%29+AND+OPEN_ACCESS%3AY+AND+HAS_ABSTRACT%3AY+AND+FIRST_PDATE%3A%5B2016-01-01+TO+2025-12-31%5D+AND+SRC%3AMED&format=json&resultType=core&pageSize=80,entire indexed author abstract; no inference that complete article was read,40118843,PMC11928474,Distinguish dynamic cathode doping from interphase formation at each electrode; a voltage cutoff is not an electrolyte stability limit.
BL020,10.1038/s41467-025-65138-8,Flame-retardant electrolytes with electrochemically-inert and weakly coordinating dichloroalkane diluents for practical lithium metal batteries,2025,2025,Nature Communications,Springer Science and Business Media LLC,lithium_metal,research,https://www.nature.com/articles/s41467-025-65138-8,https://doi.org/10.1038/s41467-025-65138-8,https://www.ebi.ac.uk/europepmc/webservices/rest/search?query=%28TITLE%3A%22lithium+metal%22+OR+TITLE%3A%22lithium-metal%22%29+AND+%28electrolyte+OR+interphase+OR+interface+OR+battery%29+AND+OPEN_ACCESS%3AY+AND+HAS_ABSTRACT%3AY+AND+FIRST_PDATE%3A%5B2016-01-01+TO+2025-12-31%5D+AND+SRC%3AMED&format=json&resultType=core&pageSize=80,entire indexed author abstract; no inference that complete article was read,41261107,PMC12630897,"Preserve Li thickness, cathode areal capacity, asymmetric rates and temperature in the practical-cell claim."
BL021,10.1039/d5sc08154h,"Anion-based electrolyte chemistry for sodium-ion batteries: fundamentals, advances and perspectives",2025,2026,Chemical Science,Royal Society of Chemistry (RSC),sodium,review,https://pubs.rsc.org/sc/article/17/1/137-150/911412,https://doi.org/10.1039/d5sc08154h,https://www.ebi.ac.uk/europepmc/webservices/rest/search?query=TITLE%3Asodium+AND+%28TITLE%3Abattery+OR+TITLE%3Abatteries%29+AND+%28anode+OR+cathode+OR+electrolyte%29+AND+OPEN_ACCESS%3AY+AND+HAS_ABSTRACT%3AY+AND+FIRST_PDATE%3A%5B2016-01-01+TO+2025-12-31%5D+AND+SRC%3AMED&format=json&resultType=core&pageSize=80,entire indexed author abstract; no inference that complete article was read,41378151,PMC12687028,"A review of anion effects should organize solvation, transport and interphase functions without implying a universal electrolyte rule."
BL022,10.1038/s41467-025-65480-x,Design principles of practical industrial-scale layered oxide cathodes with air/water stability for sustainable sodium-ion batteries,2025,2025,Nature Communications,Springer Science and Business Media LLC,sodium,research,https://www.nature.com/articles/s41467-025-65480-x,https://doi.org/10.1038/s41467-025-65480-x,https://www.ebi.ac.uk/europepmc/webservices/rest/search?query=TITLE%3Asodium+AND+%28TITLE%3Abattery+OR+TITLE%3Abatteries%29+AND+%28anode+OR+cathode+OR+electrolyte%29+AND+OPEN_ACCESS%3AY+AND+HAS_ABSTRACT%3AY+AND+FIRST_PDATE%3A%5B2016-01-01+TO+2025-12-31%5D+AND+SRC%3AMED&format=json&resultType=core&pageSize=80,entire indexed author abstract; no inference that complete article was read,41290597,PMC12647261,"Air and water exposure stability, aqueous-binder processing and cycling retention describe different validation conditions."
BL023,10.1038/s41467-025-63593-x,Dipole-dipole interaction-induced dense primitive solid-electrolyte interphase for high-power Ah-level anode-free sodium metal batteries,2025,2025,Nature Communications,Springer Science and Business Media LLC,sodium,research,https://www.nature.com/articles/s41467-025-63593-x,https://doi.org/10.1038/s41467-025-63593-x,https://www.ebi.ac.uk/europepmc/webservices/rest/search?query=TITLE%3Asodium+AND+%28TITLE%3Abattery+OR+TITLE%3Abatteries%29+AND+%28anode+OR+cathode+OR+electrolyte%29+AND+OPEN_ACCESS%3AY+AND+HAS_ABSTRACT%3AY+AND+FIRST_PDATE%3A%5B2016-01-01+TO+2025-12-31%5D+AND+SRC%3AMED&format=json&resultType=core&pageSize=80,entire indexed author abstract; no inference that complete article was read,41022750,PMC12479860,The pouch-cell specific energy explicitly uses total cell mass; current density and areal capacity are separate stress variables.
BL024,10.1038/s41467-025-63902-4,Directing selective solvent presentations at electrochemical interfaces to enable initially anode-free sodium metal batteries,2025,2025,Nature Communications,Springer Science and Business Media LLC,sodium,research,https://www.nature.com/articles/s41467-025-63902-4,https://doi.org/10.1038/s41467-025-63902-4,https://www.ebi.ac.uk/europepmc/webservices/rest/search?query=TITLE%3Asodium+AND+%28TITLE%3Abattery+OR+TITLE%3Abatteries%29+AND+%28anode+OR+cathode+OR+electrolyte%29+AND+OPEN_ACCESS%3AY+AND+HAS_ABSTRACT%3AY+AND+FIRST_PDATE%3A%5B2016-01-01+TO+2025-12-31%5D+AND+SRC%3AMED&format=json&resultType=core&pageSize=80,entire indexed author abstract; no inference that complete article was read,40954182,PMC12436649,"Na-Cu CE, Na-Na duration and initially anode-free full-cell retention belong to three separate configurations."
BL025,10.1038/s41467-025-66965-5,Fluorinated sodiophilic interphase for high-rate and low-temperature initially anode-free sodium battery,2025,2025,Nature Communications,Springer Science and Business Media LLC,sodium,research,https://www.nature.com/articles/s41467-025-66965-5,https://doi.org/10.1038/s41467-025-66965-5,https://www.ebi.ac.uk/europepmc/webservices/rest/search?query=TITLE%3Asodium+AND+%28TITLE%3Abattery+OR+TITLE%3Abatteries%29+AND+%28anode+OR+cathode+OR+electrolyte%29+AND+OPEN_ACCESS%3AY+AND+HAS_ABSTRACT%3AY+AND+FIRST_PDATE%3A%5B2016-01-01+TO+2025-12-31%5D+AND+SRC%3AMED&format=json&resultType=core&pageSize=80,entire indexed author abstract; no inference that complete article was read,41350256,PMC12783800,The reported specific power uses active-material mass; retain this boundary rather than rewriting it as a cell metric.
BL026,10.1038/s41467-025-60168-8,Fluorine-doped micropore-covered mesoporous carbon nanofibers for long-lasting anode-free sodium metal batteries,2025,2025,Nature Communications,Springer Science and Business Media LLC,sodium,research,https://www.nature.com/articles/s41467-025-60168-8,https://doi.org/10.1038/s41467-025-60168-8,https://www.ebi.ac.uk/europepmc/webservices/rest/search?query=TITLE%3Asodium+AND+%28TITLE%3Abattery+OR+TITLE%3Abatteries%29+AND+%28anode+OR+cathode+OR+electrolyte%29+AND+OPEN_ACCESS%3AY+AND+HAS_ABSTRACT%3AY+AND+FIRST_PDATE%3A%5B2016-01-01+TO+2025-12-31%5D+AND+SRC%3AMED&format=json&resultType=core&pageSize=80,entire indexed author abstract; no inference that complete article was read,40593488,PMC12216415,Current-collector plating reversibility and high-loading pouch-cell cycling must not be merged into one performance result.
BL027,10.1038/s41467-025-58637-1,High-energy and long-life O3-type layered cathode material for sodium-ion batteries,2025,2025,Nature Communications,Springer Science and Business Media LLC,sodium,research,https://www.nature.com/articles/s41467-025-58637-1,https://doi.org/10.1038/s41467-025-58637-1,https://www.ebi.ac.uk/europepmc/webservices/rest/search?query=TITLE%3Asodium+AND+%28TITLE%3Abattery+OR+TITLE%3Abatteries%29+AND+%28anode+OR+cathode+OR+electrolyte%29+AND+OPEN_ACCESS%3AY+AND+HAS_ABSTRACT%3AY+AND+FIRST_PDATE%3A%5B2016-01-01+TO+2025-12-31%5D+AND+SRC%3AMED&format=json&resultType=core&pageSize=80,entire indexed author abstract; no inference that complete article was read,40222971,PMC11994811,Keep the hard-carbon full-cell pairing and temperature range distinct from surface-coating mechanism evidence.
BL028,10.1126/sciadv.adv2007,"Foldable anode-free sodium batteries enabled by N,P-codoped carbon macroporous fibers incorporated with CoP nanoparticles",2025,2025,Science Advances,American Association for the Advancement of Science (AAAS),sodium,research,https://www.science.org/doi/10.1126/sciadv.adv2007,https://doi.org/10.1126/sciadv.adv2007,https://www.ebi.ac.uk/europepmc/webservices/rest/search?query=TITLE%3Asodium+AND+%28TITLE%3Abattery+OR+TITLE%3Abatteries%29+AND+%28anode+OR+cathode+OR+electrolyte%29+AND+OPEN_ACCESS%3AY+AND+HAS_ABSTRACT%3AY+AND+FIRST_PDATE%3A%5B2016-01-01+TO+2025-12-31%5D+AND+SRC%3AMED&format=json&resultType=core&pageSize=80,entire indexed author abstract; no inference that complete article was read,40344062,PMC12063667,The stated plating current and areal capacity accompany the CE claim; foldability is a separate device property.
BL029,10.1039/d5sc07659e,In situ surface manipulation Mn-based Prussian blue analogues with enhanced redox chemistry and ion diffusion toward high-energy-density aqueous sodium-ion batteries,2025,2026,Chemical Science,Royal Society of Chemistry (RSC),sodium,research,https://pubs.rsc.org/sc/article/17/2/968-976/911360,https://doi.org/10.1039/d5sc07659e,https://www.ebi.ac.uk/europepmc/webservices/rest/search?query=TITLE%3Asodium+AND+%28TITLE%3Abattery+OR+TITLE%3Abatteries%29+AND+%28anode+OR+cathode+OR+electrolyte%29+AND+OPEN_ACCESS%3AY+AND+HAS_ABSTRACT%3AY+AND+FIRST_PDATE%3A%5B2016-01-01+TO+2025-12-31%5D+AND+SRC%3AMED&format=json&resultType=core&pageSize=80,entire indexed author abstract; no inference that complete article was read,41262346,PMC12626643,"Ion insertion, spin state and structural distortion are different mechanistic concepts; retain the actual cathode and anode pairing."
BL030,10.1039/d5sc09186a,A solid dual-salt plastic crystal electrolyte enabling rapid ion transfer and stable interphases for high-performance solid-state sodium ion batteries,2025,2026,Chemical Science,Royal Society of Chemistry (RSC),sodium,research,https://pubs.rsc.org/sc/article/17/9/4529-4537/1232046,https://doi.org/10.1039/d5sc09186a,https://www.ebi.ac.uk/europepmc/webservices/rest/search?query=TITLE%3Asodium+AND+%28TITLE%3Abattery+OR+TITLE%3Abatteries%29+AND+%28anode+OR+cathode+OR+electrolyte%29+AND+OPEN_ACCESS%3AY+AND+HAS_ABSTRACT%3AY+AND+FIRST_PDATE%3A%5B2016-01-01+TO+2025-12-31%5D+AND+SRC%3AMED&format=json&resultType=core&pageSize=80,entire indexed author abstract; no inference that complete article was read,41536434,PMC12797248,"Electrolyte conductivity, high-voltage tolerance and cell cycling are distinct metrics; check unusual chemical formulas against the source."
BL031,10.3390/nano15181439,"Advancing Zinc–Manganese Oxide Batteries: Mechanistic Insights, Anode Engineering, and Cathode Regulation",2025,2025,Nanomaterials,MDPI AG,aqueous_zinc,review,https://www.mdpi.com/2079-4991/15/18/1439,https://doi.org/10.3390/nano15181439,https://www.ebi.ac.uk/europepmc/webservices/rest/search?query=TITLE%3Azinc+AND+%28TITLE%3Abattery+OR+TITLE%3Abatteries%29+AND+%28aqueous+OR+electrolyte+OR+anode%29+AND+OPEN_ACCESS%3AY+AND+HAS_ABSTRACT%3AY+AND+FIRST_PDATE%3A%5B2016-01-01+TO+2025-12-31%5D+AND+SRC%3AMED&format=json&resultType=core&pageSize=80,entire indexed author abstract; no inference that complete article was read,41003074,PMC12472640,"Zn-Mn oxide storage can involve different insertion, conversion and dissolution-deposition routes depending on the material and electrolyte."
BL032,10.1038/s41467-025-60190-w,An electrochemically driven hybrid interphase enabling stable versatile zinc metal electrodes for aqueous zinc batteries,2025,2025,Nature Communications,Springer Science and Business Media LLC,aqueous_zinc,research,https://www.nature.com/articles/s41467-025-60190-w,https://doi.org/10.1038/s41467-025-60190-w,https://www.ebi.ac.uk/europepmc/webservices/rest/search?query=TITLE%3Azinc+AND+%28TITLE%3Abattery+OR+TITLE%3Abatteries%29+AND+%28aqueous+OR+electrolyte+OR+anode%29+AND+OPEN_ACCESS%3AY+AND+HAS_ABSTRACT%3AY+AND+FIRST_PDATE%3A%5B2016-01-01+TO+2025-12-31%5D+AND+SRC%3AMED&format=json&resultType=core&pageSize=80,entire indexed author abstract; no inference that complete article was read,40410170,PMC12102169,Symmetric Zn cycling in hours and an Ah-class full-cell demonstration test different claims.
BL033,10.1038/s41467-025-61456-z,High-entropy solvation chemistry towards affordable and practical Ah-level zinc metal battery,2025,2025,Nature Communications,Springer Science and Business Media LLC,aqueous_zinc,research,https://www.nature.com/articles/s41467-025-61456-z,https://doi.org/10.1038/s41467-025-61456-z,https://www.ebi.ac.uk/europepmc/webservices/rest/search?query=TITLE%3Azinc+AND+%28TITLE%3Abattery+OR+TITLE%3Abatteries%29+AND+%28aqueous+OR+electrolyte+OR+anode%29+AND+OPEN_ACCESS%3AY+AND+HAS_ABSTRACT%3AY+AND+FIRST_PDATE%3A%5B2016-01-01+TO+2025-12-31%5D+AND+SRC%3AMED&format=json&resultType=core&pageSize=80,entire indexed author abstract; no inference that complete article was read,40610472,PMC12229332,Electrode-mass specific energy and a lean-electrolyte ratio need their denominators; additive cost is not whole-cell cost.
BL034,10.1038/s41467-025-63260-1,In-situ detection of pH and dissolved oxygen in electrolyte of aqueous zinc-ion batteries,2025,2025,Nature Communications,Springer Science and Business Media LLC,aqueous_zinc,research,https://www.nature.com/articles/s41467-025-63260-1,https://doi.org/10.1038/s41467-025-63260-1,https://www.ebi.ac.uk/europepmc/webservices/rest/search?query=TITLE%3Azinc+AND+%28TITLE%3Abattery+OR+TITLE%3Abatteries%29+AND+%28aqueous+OR+electrolyte+OR+anode%29+AND+OPEN_ACCESS%3AY+AND+HAS_ABSTRACT%3AY+AND+FIRST_PDATE%3A%5B2016-01-01+TO+2025-12-31%5D+AND+SRC%3AMED&format=json&resultType=core&pageSize=80,entire indexed author abstract; no inference that complete article was read,41006219,PMC12474895,"In situ pH and dissolved-oxygen sensing monitors reaction indicators, rather than directly resolving every storage mechanism."
BL035,10.1038/s41467-025-58859-3,Six-electron-conversion selenium cathodes stabilized by dead-selenium revitalizer for aqueous zinc batteries,2025,2025,Nature Communications,Springer Science and Business Media LLC,aqueous_zinc,research,https://www.nature.com/articles/s41467-025-58859-3,https://doi.org/10.1038/s41467-025-58859-3,https://www.ebi.ac.uk/europepmc/webservices/rest/search?query=TITLE%3Azinc+AND+%28TITLE%3Abattery+OR+TITLE%3Abatteries%29+AND+%28aqueous+OR+electrolyte+OR+anode%29+AND+OPEN_ACCESS%3AY+AND+HAS_ABSTRACT%3AY+AND+FIRST_PDATE%3A%5B2016-01-01+TO+2025-12-31%5D+AND+SRC%3AMED&format=json&resultType=core&pageSize=80,entire indexed author abstract; no inference that complete article was read,40251148,PMC12008412,Capacity normalized to Se mass and specific energy based on the complete reaction have different mass boundaries.
BL036,10.1038/s41467-025-59830-y,Water-shielding electric double layer and stable interphase engineering for durable aqueous zinc-ion batteries,2025,2025,Nature Communications,Springer Science and Business Media LLC,aqueous_zinc,research,https://www.nature.com/articles/s41467-025-59830-y,https://doi.org/10.1038/s41467-025-59830-y,https://www.ebi.ac.uk/europepmc/webservices/rest/search?query=TITLE%3Azinc+AND+%28TITLE%3Abattery+OR+TITLE%3Abatteries%29+AND+%28aqueous+OR+electrolyte+OR+anode%29+AND+OPEN_ACCESS%3AY+AND+HAS_ABSTRACT%3AY+AND+FIRST_PDATE%3A%5B2016-01-01+TO+2025-12-31%5D+AND+SRC%3AMED&format=json&resultType=core&pageSize=80,entire indexed author abstract; no inference that complete article was read,40368963,PMC12078634,Electric-double-layer shielding and a reaction-derived interphase serve related but different roles.
BL037,10.1038/s41467-025-67435-8,Zinc-oligoether carboxylate salts as electrolyte additives for aqueous Zn metal batteries,2025,2025,Nature Communications,Springer Science and Business Media LLC,aqueous_zinc,research,https://www.nature.com/articles/s41467-025-67435-8,https://doi.org/10.1038/s41467-025-67435-8,https://www.ebi.ac.uk/europepmc/webservices/rest/search?query=TITLE%3Azinc+AND+%28TITLE%3Abattery+OR+TITLE%3Abatteries%29+AND+%28aqueous+OR+electrolyte+OR+anode%29+AND+OPEN_ACCESS%3AY+AND+HAS_ABSTRACT%3AY+AND+FIRST_PDATE%3A%5B2016-01-01+TO+2025-12-31%5D+AND+SRC%3AMED&format=json&resultType=core&pageSize=80,entire indexed author abstract; no inference that complete article was read,41422051,PMC12820327,Keep the distinct symmetric-cell and Zn-Cu protocols; molecular chain-length comparisons require a stated comparator.
BL038,10.1039/d5sc08853d,Highly zincophilic-hydrophobic polyzwitterionic hydrogel electrolyte with strong electronegative sulfobetaine-carboxyl motifs for ultrastable zinc-ion batteries,2025,2026,Chemical Science,Royal Society of Chemistry (RSC),aqueous_zinc,research,https://pubs.rsc.org/sc/article/17/2/906-915/911506,https://doi.org/10.1039/d5sc08853d,https://www.ebi.ac.uk/europepmc/webservices/rest/search?query=TITLE%3Azinc+AND+%28TITLE%3Abattery+OR+TITLE%3Abatteries%29+AND+%28aqueous+OR+electrolyte+OR+anode%29+AND+OPEN_ACCESS%3AY+AND+HAS_ABSTRACT%3AY+AND+FIRST_PDATE%3A%5B2016-01-01+TO+2025-12-31%5D+AND+SRC%3AMED&format=json&resultType=core&pageSize=80,entire indexed author abstract; no inference that complete article was read,41487128,PMC12757956,"Hydrogel transference number, Zn-Cu CE, Zn-Zn hours and full-cell capacity describe separate observations."
BL039,10.1039/d5sc00040h,A bioimmune mechanism-inspired targeted elimination mechanism on the anode interface for zinc–iodine batteries,2025,2025,Chemical Science,Royal Society of Chemistry (RSC),aqueous_zinc,research,https://pubs.rsc.org/sc/article/16/17/7227-7238/909787,https://doi.org/10.1039/d5sc00040h,https://www.ebi.ac.uk/europepmc/webservices/rest/search?query=TITLE%3Azinc+AND+%28TITLE%3Abattery+OR+TITLE%3Abatteries%29+AND+%28aqueous+OR+electrolyte+OR+anode%29+AND+OPEN_ACCESS%3AY+AND+HAS_ABSTRACT%3AY+AND+FIRST_PDATE%3A%5B2016-01-01+TO+2025-12-31%5D+AND+SRC%3AMED&format=json&resultType=core&pageSize=80,entire indexed author abstract; no inference that complete article was read,40177319,PMC11959292,"Calendar storage, cycling and self-discharge require separate descriptions even when one additive affects all three."
BL040,10.1039/d5sc05421d,Concentration-function coupled electrolytes harmonize thermodynamics and kinetics for stable zinc metal batteries,2025,2025,Chemical Science,Royal Society of Chemistry (RSC),aqueous_zinc,research,https://pubs.rsc.org/sc/article/16/37/17426-17435/910980,https://doi.org/10.1039/d5sc05421d,https://www.ebi.ac.uk/europepmc/webservices/rest/search?query=TITLE%3Azinc+AND+%28TITLE%3Abattery+OR+TITLE%3Abatteries%29+AND+%28aqueous+OR+electrolyte+OR+anode%29+AND+OPEN_ACCESS%3AY+AND+HAS_ABSTRACT%3AY+AND+FIRST_PDATE%3A%5B2016-01-01+TO+2025-12-31%5D+AND+SRC%3AMED&format=json&resultType=core&pageSize=80,entire indexed author abstract; no inference that complete article was read,40904485,PMC12403028,Bulk coordination and interfacial adsorption are different parts of the proposed regulation strategy.
BL041,10.1126/sciadv.aea0638,Toward AI ecosystems for electrolyte and interface engineering in solid-state batteries,2025,2025,Science Advances,American Association for the Advancement of Science (AAAS),solid_state,review,https://www.science.org/doi/10.1126/sciadv.aea0638,https://doi.org/10.1126/sciadv.aea0638,https://www.ebi.ac.uk/europepmc/webservices/rest/search?query=%28TITLE%3A%22solid-state%22+OR+TITLE%3A%22solid+state%22%29+AND+%28TITLE%3Abattery+OR+TITLE%3Abatteries+OR+TITLE%3Aelectrolyte%29+AND+OPEN_ACCESS%3AY+AND+HAS_ABSTRACT%3AY+AND+FIRST_PDATE%3A%5B2016-01-01+TO+2025-12-31%5D+AND+SRC%3AMED&format=json&resultType=core&pageSize=80,entire indexed author abstract; no inference that complete article was read,41296852,PMC12652334,A roadmap for AI-guided solid-state research is a review contribution rather than direct validation of a battery technology.
BL042,10.1038/s41467-025-61738-6,A sodium superionic chloride electrolyte driven by paddle wheel mechanism for solid state batteries,2025,2025,Nature Communications,Springer Science and Business Media LLC,solid_state,research,https://www.nature.com/articles/s41467-025-61738-6,https://doi.org/10.1038/s41467-025-61738-6,https://www.ebi.ac.uk/europepmc/webservices/rest/search?query=%28TITLE%3A%22solid-state%22+OR+TITLE%3A%22solid+state%22%29+AND+%28TITLE%3Abattery+OR+TITLE%3Abatteries+OR+TITLE%3Aelectrolyte%29+AND+OPEN_ACCESS%3AY+AND+HAS_ABSTRACT%3AY+AND+FIRST_PDATE%3A%5B2016-01-01+TO+2025-12-31%5D+AND+SRC%3AMED&format=json&resultType=core&pageSize=80,entire indexed author abstract; no inference that complete article was read,40681483,PMC12274378,Keep ionic conductivity and anion rotational dynamics distinct; the stated room temperature is explicitly 27 degrees Celsius.
BL043,10.1126/sciadv.adw4710,A high-entropy mixed ionic and electronic conductor for accelerating the cathode dynamics in all solid–state lithium metal batteries,2025,2025,Science Advances,American Association for the Advancement of Science (AAAS),solid_state,research,https://www.science.org/doi/10.1126/sciadv.adw4710,https://doi.org/10.1126/sciadv.adw4710,https://www.ebi.ac.uk/europepmc/webservices/rest/search?query=%28TITLE%3A%22solid-state%22+OR+TITLE%3A%22solid+state%22%29+AND+%28TITLE%3Abattery+OR+TITLE%3Abatteries+OR+TITLE%3Aelectrolyte%29+AND+OPEN_ACCESS%3AY+AND+HAS_ABSTRACT%3AY+AND+FIRST_PDATE%3A%5B2016-01-01+TO+2025-12-31%5D+AND+SRC%3AMED&format=json&resultType=core&pageSize=80,entire indexed author abstract; no inference that complete article was read,41223287,PMC12609156,Electronic and ionic conductivities cannot be exchanged; absence of extra operating pressure is a specific testing condition.
BL044,10.1126/sciadv.adz5203,Electrolyte/electrode interphase regulation with methylthiolation ionic liquids for high-voltage quasi–solid-state Li metal batteries,2025,2025,Science Advances,American Association for the Advancement of Science (AAAS),solid_state,research,https://www.science.org/doi/10.1126/sciadv.adz5203,https://doi.org/10.1126/sciadv.adz5203,https://www.ebi.ac.uk/europepmc/webservices/rest/search?query=%28TITLE%3A%22solid-state%22+OR+TITLE%3A%22solid+state%22%29+AND+%28TITLE%3Abattery+OR+TITLE%3Abatteries+OR+TITLE%3Aelectrolyte%29+AND+OPEN_ACCESS%3AY+AND+HAS_ABSTRACT%3AY+AND+FIRST_PDATE%3A%5B2016-01-01+TO+2025-12-31%5D+AND+SRC%3AMED&format=json&resultType=core&pageSize=80,entire indexed author abstract; no inference that complete article was read,41237230,PMC12617479,Retain quasi-solid-state wording and separate electrode-interface assignments for oxidation and reduction products.
BL045,10.1039/d5sc05786h,A solid composite electrolyte based on three-dimensional structured zeolite networks for high-performance solid-state lithium metal batteries,2025,2026,Chemical Science,Royal Society of Chemistry (RSC),solid_state,research,https://pubs.rsc.org/sc/article/17/7/3533-3543/1248548,https://doi.org/10.1039/d5sc05786h,https://www.ebi.ac.uk/europepmc/webservices/rest/search?query=%28TITLE%3A%22solid-state%22+OR+TITLE%3A%22solid+state%22%29+AND+%28TITLE%3Abattery+OR+TITLE%3Abatteries+OR+TITLE%3Aelectrolyte%29+AND+OPEN_ACCESS%3AY+AND+HAS_ABSTRACT%3AY+AND+FIRST_PDATE%3A%5B2016-01-01+TO+2025-12-31%5D+AND+SRC%3AMED&format=json&resultType=core&pageSize=80,entire indexed author abstract; no inference that complete article was read,41451300,PMC12728567,An electrochemical stability window and symmetric-cell cycling do not establish a full-cell voltage rating or lifetime.
BL046,10.1039/d5sc08815a,Hydro-photo-synergy unlocks deep and reversible chemistry of solid-state lithium–oxygen batteries,2025,2026,Chemical Science,Royal Society of Chemistry (RSC),solid_state,research,https://pubs.rsc.org/sc/article/17/7/3783-3792/1248492,https://doi.org/10.1039/d5sc08815a,https://www.ebi.ac.uk/europepmc/webservices/rest/search?query=%28TITLE%3A%22solid-state%22+OR+TITLE%3A%22solid+state%22%29+AND+%28TITLE%3Abattery+OR+TITLE%3Abatteries+OR+TITLE%3Aelectrolyte%29+AND+OPEN_ACCESS%3AY+AND+HAS_ABSTRACT%3AY+AND+FIRST_PDATE%3A%5B2016-01-01+TO+2025-12-31%5D+AND+SRC%3AMED&format=json&resultType=core&pageSize=80,entire indexed author abstract; no inference that complete article was read,41487122,PMC12758487,A photo-assisted reaction pathway and areal capacity depend on water-vapor and illumination conditions.
BL047,10.1039/d5sc07849k,Tailoring electrolyte coordination structure for high-rate polymer-based solid-state batteries,2025,2026,Chemical Science,Royal Society of Chemistry (RSC),solid_state,research,https://pubs.rsc.org/sc/article/17/3/1880-1891/911378,https://doi.org/10.1039/d5sc07849k,https://www.ebi.ac.uk/europepmc/webservices/rest/search?query=%28TITLE%3A%22solid-state%22+OR+TITLE%3A%22solid+state%22%29+AND+%28TITLE%3Abattery+OR+TITLE%3Abatteries+OR+TITLE%3Aelectrolyte%29+AND+OPEN_ACCESS%3AY+AND+HAS_ABSTRACT%3AY+AND+FIRST_PDATE%3A%5B2016-01-01+TO+2025-12-31%5D+AND+SRC%3AMED&format=json&resultType=core&pageSize=80,entire indexed author abstract; no inference that complete article was read,41340922,PMC12670762,A negative calculated binding energy must not be silently relabelled as a kinetic activation barrier.
BL048,10.1039/d5sc04743a,Highly entangled P(VDF-TrFE) solid-state electrolytes for enhanced performance of solid-state lithium batteries,2025,2025,Chemical Science,Royal Society of Chemistry (RSC),solid_state,research,http://pubs.rsc.org/SC/article-lookup/doi/10.1039/D5SC04743A,https://doi.org/10.1039/d5sc04743a,https://www.ebi.ac.uk/europepmc/webservices/rest/search?query=%28TITLE%3A%22solid-state%22+OR+TITLE%3A%22solid+state%22%29+AND+%28TITLE%3Abattery+OR+TITLE%3Abatteries+OR+TITLE%3Aelectrolyte%29+AND+OPEN_ACCESS%3AY+AND+HAS_ABSTRACT%3AY+AND+FIRST_PDATE%3A%5B2016-01-01+TO+2025-12-31%5D+AND+SRC%3AMED&format=json&resultType=core&pageSize=80,entire indexed author abstract; no inference that complete article was read,41190182,PMC12581025,Polymer conformation and chain entanglement are distinct hypotheses; symmetric-cell duration retains its current and temperature.
BL049,10.1002/advs.202516696,A Sub‐1 Nm Cluster Chains‐enhanced Poly(ethylene oxide) Electrolyte for an All‐solid‐State Lithium Metal Battery with a Long Cycling Lifespan,2025,2026,Advanced Science,Wiley,solid_state,research,https://advanced.onlinelibrary.wiley.com/doi/10.1002/advs.202516696,https://doi.org/10.1002/advs.202516696,https://www.ebi.ac.uk/europepmc/webservices/rest/search?query=%28TITLE%3A%22solid-state%22+OR+TITLE%3A%22solid+state%22%29+AND+%28TITLE%3Abattery+OR+TITLE%3Abatteries+OR+TITLE%3Aelectrolyte%29+AND+OPEN_ACCESS%3AY+AND+HAS_ABSTRACT%3AY+AND+FIRST_PDATE%3A%5B2016-01-01+TO+2025-12-31%5D+AND+SRC%3AMED&format=json&resultType=core&pageSize=80,entire indexed author abstract; no inference that complete article was read,41313785,PMC12866751,Conductivity measured at elevated temperature does not establish room-temperature conductivity.
BL050,10.1002/advs.202514583,Composition‐Controlled Cathode Protective Layer via Powder‐Atomic Layer Deposition for All‐Solid‐State Batteries,2025,2026,Advanced Science,Wiley,solid_state,research,https://advanced.onlinelibrary.wiley.com/doi/10.1002/advs.202514583,https://doi.org/10.1002/advs.202514583,https://www.ebi.ac.uk/europepmc/webservices/rest/search?query=%28TITLE%3A%22solid-state%22+OR+TITLE%3A%22solid+state%22%29+AND+%28TITLE%3Abattery+OR+TITLE%3Abatteries+OR+TITLE%3Aelectrolyte%29+AND+OPEN_ACCESS%3AY+AND+HAS_ABSTRACT%3AY+AND+FIRST_PDATE%3A%5B2016-01-01+TO+2025-12-31%5D+AND+SRC%3AMED&format=json&resultType=core&pageSize=80,entire indexed author abstract; no inference that complete article was read,41085082,PMC12822380,The abstract and conclusion assign some percentage improvements to different metrics; check the primary numerical report before reuse.
BL051,10.1039/d5sc06221g,Weakly solvating electrolytes: a solvation-centric paradigm for rechargeable metal batteries,2025,2025,Chemical Science,Royal Society of Chemistry (RSC),solvation,review,https://pubs.rsc.org/sc/article/16/44/20694-20717/911152,https://doi.org/10.1039/d5sc06221g,https://www.ebi.ac.uk/europepmc/webservices/rest/search?query=TITLE%3Asolvation+AND+%28battery+OR+batteries%29+AND+%28lithium+OR+sodium+OR+zinc%29+AND+OPEN_ACCESS%3AY+AND+HAS_ABSTRACT%3AY+AND+FIRST_PDATE%3A%5B2016-01-01+TO+2025-12-31%5D+AND+SRC%3AMED&format=json&resultType=core&pageSize=80,entire indexed author abstract; no inference that complete article was read,41158539,PMC12558406,Weak solvation and salt superconcentration are different design concepts rather than interchangeable electrolyte names.
BL052,10.1126/sciadv.adx8413,Correlation of metal anode reversibility with solvation chemistry and interfacial electron transfer in aqueous electrolytes,2025,2025,Science Advances,American Association for the Advancement of Science (AAAS),solvation,research,https://www.science.org/doi/10.1126/sciadv.adx8413,https://doi.org/10.1126/sciadv.adx8413,https://www.ebi.ac.uk/europepmc/webservices/rest/search?query=TITLE%3Asolvation+AND+%28battery+OR+batteries%29+AND+%28lithium+OR+sodium+OR+zinc%29+AND+OPEN_ACCESS%3AY+AND+HAS_ABSTRACT%3AY+AND+FIRST_PDATE%3A%5B2016-01-01+TO+2025-12-31%5D+AND+SRC%3AMED&format=json&resultType=core&pageSize=80,entire indexed author abstract; no inference that complete article was read,40712025,PMC12292911,A Zn proof of concept bounds a broader proposed metal-anode interpretation.
BL053,10.1126/sciadv.ads4014,Selectively fluorinated aromatic lithium salts regulate the solvation structure and interfacial chemistry for all-solid-state batteries,2025,2025,Science Advances,American Association for the Advancement of Science (AAAS),solvation,research,https://www.science.org/doi/10.1126/sciadv.ads4014,https://doi.org/10.1126/sciadv.ads4014,https://www.ebi.ac.uk/europepmc/webservices/rest/search?query=TITLE%3Asolvation+AND+%28battery+OR+batteries%29+AND+%28lithium+OR+sodium+OR+zinc%29+AND+OPEN_ACCESS%3AY+AND+HAS_ABSTRACT%3AY+AND+FIRST_PDATE%3A%5B2016-01-01+TO+2025-12-31%5D+AND+SRC%3AMED&format=json&resultType=core&pageSize=80,entire indexed author abstract; no inference that complete article was read,39889001,PMC11784842,The abstract labels Li-LFP configurations inconsistently with generic half/full-cell usage; preserve pairing and resolve the label with Methods.
BL054,10.1039/d5sc03646a,A dynamic amphiphilic additive with dual solubility modulates Zn 2+ solvation and in situ SEI for a dendrite-free zinc anode,2025,2025,Chemical Science,Royal Society of Chemistry (RSC),solvation,research,https://pubs.rsc.org/sc/article/16/30/13655-13666/910584,https://doi.org/10.1039/d5sc03646a,https://www.ebi.ac.uk/europepmc/webservices/rest/search?query=TITLE%3Asolvation+AND+%28battery+OR+batteries%29+AND+%28lithium+OR+sodium+OR+zinc%29+AND+OPEN_ACCESS%3AY+AND+HAS_ABSTRACT%3AY+AND+FIRST_PDATE%3A%5B2016-01-01+TO+2025-12-31%5D+AND+SRC%3AMED&format=json&resultType=core&pageSize=80,entire indexed author abstract; no inference that complete article was read,40611997,PMC12219936,A colloidal additive has dissolved and insoluble fractions; do not present both as a single solvation-only mechanism.
BL055,10.1039/d5sc01495f,Do weaker solvation effects mean better performance of electrolytes for lithium metal batteries?,2025,2025,Chemical Science,Royal Society of Chemistry (RSC),solvation,research,https://pubs.rsc.org/sc/article/16/18/7981-7988/910108,https://doi.org/10.1039/d5sc01495f,https://www.ebi.ac.uk/europepmc/webservices/rest/search?query=TITLE%3Asolvation+AND+%28battery+OR+batteries%29+AND+%28lithium+OR+sodium+OR+zinc%29+AND+OPEN_ACCESS%3AY+AND+HAS_ABSTRACT%3AY+AND+FIRST_PDATE%3A%5B2016-01-01+TO+2025-12-31%5D+AND+SRC%3AMED&format=json&resultType=core&pageSize=80,entire indexed author abstract; no inference that complete article was read,40201160,PMC11973923,Weak coordination alone does not determine electrolyte performance; intrinsic solvent reactivity provides an explicit counterexample.
BL056,10.1039/d4sc08125k,Electrolyte design weakens lithium-ion solvation for a fast-charging and long-cycling Si anode,2025,2025,Chemical Science,Royal Society of Chemistry (RSC),solvation,research,https://pubs.rsc.org/sc/article/16/6/2609-2618/870454,https://doi.org/10.1039/d4sc08125k,https://www.ebi.ac.uk/europepmc/webservices/rest/search?query=TITLE%3Asolvation+AND+%28battery+OR+batteries%29+AND+%28lithium+OR+sodium+OR+zinc%29+AND+OPEN_ACCESS%3AY+AND+HAS_ABSTRACT%3AY+AND+FIRST_PDATE%3A%5B2016-01-01+TO+2025-12-31%5D+AND+SRC%3AMED&format=json&resultType=core&pageSize=80,entire indexed author abstract; no inference that complete article was read,39811004,PMC11728059,Keep Si-electrode retention and the separate Si/C-LFP full-cell lifetime distinct.
BL057,10.1039/d5sc02700d,Solvation structure modulation via dipole–dipole interactions for high-rate lithium metal batteries exceeding 400 Wh kg −1,2025,2025,Chemical Science,Royal Society of Chemistry (RSC),solvation,research,https://pubs.rsc.org/sc/article/16/30/13774-13783/910377,https://doi.org/10.1039/d5sc02700d,https://www.ebi.ac.uk/europepmc/webservices/rest/search?query=TITLE%3Asolvation+AND+%28battery+OR+batteries%29+AND+%28lithium+OR+sodium+OR+zinc%29+AND+OPEN_ACCESS%3AY+AND+HAS_ABSTRACT%3AY+AND+FIRST_PDATE%3A%5B2016-01-01+TO+2025-12-31%5D+AND+SRC%3AMED&format=json&resultType=core&pageSize=80,entire indexed author abstract; no inference that complete article was read,40607053,PMC12211227,"Li-Cu CE, high-rate Li-NCM retention and prototype pouch-cell energy use different configurations and conditions."
BL058,10.1039/d4sc05319b,Hyperconjugation-controlled molecular conformation weakens lithium-ion solvation and stabilizes lithium metal anodes,2024,2024,Chemical Science,Royal Society of Chemistry (RSC),solvation,research,https://pubs.rsc.org/sc/article/15/47/19805-19819/869883,https://doi.org/10.1039/d4sc05319b,https://www.ebi.ac.uk/europepmc/webservices/rest/search?query=TITLE%3Asolvation+AND+%28battery+OR+batteries%29+AND+%28lithium+OR+sodium+OR+zinc%29+AND+OPEN_ACCESS%3AY+AND+HAS_ABSTRACT%3AY+AND+FIRST_PDATE%3A%5B2016-01-01+TO+2025-12-31%5D+AND+SRC%3AMED&format=json&resultType=core&pageSize=80,entire indexed author abstract; no inference that complete article was read,39568883,PMC11575589,"Solvent conformation, molecular coordination and cycling are linked claims that need their own evidence."
BL059,10.1039/d4sc05464d,Solvation structure dependent ion transport and desolvation mechanism for fast-charging Li-ion batteries,2024,2024,Chemical Science,Royal Society of Chemistry (RSC),solvation,research,https://pubs.rsc.org/sc/article/15/41/17161-17172/869916,https://doi.org/10.1039/d4sc05464d,https://www.ebi.ac.uk/europepmc/webservices/rest/search?query=TITLE%3Asolvation+AND+%28battery+OR+batteries%29+AND+%28lithium+OR+sodium+OR+zinc%29+AND+OPEN_ACCESS%3AY+AND+HAS_ABSTRACT%3AY+AND+FIRST_PDATE%3A%5B2016-01-01+TO+2025-12-31%5D+AND+SRC%3AMED&format=json&resultType=core&pageSize=80,entire indexed author abstract; no inference that complete article was read,39360011,PMC11441466,The proposed fast-charge bottleneck depends on bulk transport and the model electrode system; do not universalize it to all cells.
BL060,10.1039/d2sc06276c,Coordinating zincophilic sites and a solvation shell for a dendrite-free Zn anode under the synergistic effects of polyacrylonitrile and dimethyl sulfoxide,2022,2023,Chemical Science,Royal Society of Chemistry (RSC),solvation,research,https://pubs.rsc.org/sc/article/14/8/2114-2122/787012,https://doi.org/10.1039/d2sc06276c,https://www.ebi.ac.uk/europepmc/webservices/rest/search?query=TITLE%3Asolvation+AND+%28battery+OR+batteries%29+AND+%28lithium+OR+sodium+OR+zinc%29+AND+OPEN_ACCESS%3AY+AND+HAS_ABSTRACT%3AY+AND+FIRST_PDATE%3A%5B2016-01-01+TO+2025-12-31%5D+AND+SRC%3AMED&format=json&resultType=core&pageSize=80,entire indexed author abstract; no inference that complete article was read,36845918,PMC9945208,Adsorption at the Zn surface and bulk solvation by the cosolvent are distinct functions in the proposed synergy.
BL061,10.1039/d5sc04722f,A bidirectional interfacial engineering strategy for highly stable sodium metal batteries,2025,2025,Chemical Science,Royal Society of Chemistry (RSC),interfaces,research,https://pubs.rsc.org/sc/article/16/38/17703-17713/910819,https://doi.org/10.1039/d5sc04722f,https://www.ebi.ac.uk/europepmc/webservices/rest/search?query=%28TITLE%3Ainterphase+OR+TITLE%3Ainterface+OR+TITLE%3Ainterfacial%29+AND+%28TITLE%3Abattery+OR+TITLE%3Abatteries%29+AND+OPEN_ACCESS%3AY+AND+HAS_ABSTRACT%3AY+AND+FIRST_PDATE%3A%5B2016-01-01+TO+2025-12-31%5D+AND+SRC%3AMED&format=json&resultType=core&pageSize=80,entire indexed author abstract; no inference that complete article was read,40910129,PMC12406151,"The two additives act at different electrodes; symmetric hours, Cu-cell cycles and full-cell retention remain separate."
BL062,10.1002/advs.202512691,Aligned Nanostructures Resolve Zn 2+ Transport Bottlenecks via Interfacial Kinetics–Diffusion Coupling in Aqueous Zinc‐Ion Batteries,2025,2026,Advanced Science,Wiley,interfaces,research,https://advanced.onlinelibrary.wiley.com/doi/10.1002/advs.202512691,https://doi.org/10.1002/advs.202512691,https://www.ebi.ac.uk/europepmc/webservices/rest/search?query=%28TITLE%3Ainterphase+OR+TITLE%3Ainterface+OR+TITLE%3Ainterfacial%29+AND+%28TITLE%3Abattery+OR+TITLE%3Abatteries%29+AND+OPEN_ACCESS%3AY+AND+HAS_ABSTRACT%3AY+AND+FIRST_PDATE%3A%5B2016-01-01+TO+2025-12-31%5D+AND+SRC%3AMED&format=json&resultType=core&pageSize=80,entire indexed author abstract; no inference that complete article was read,41263029,PMC12866781,Solid-state diffusion and interfacial charge transfer are different bottlenecks; simulation supports an interpretation of measured impedance.
BL063,10.1002/advs.202515551,Cathode Electrolyte Interphase Engineering by Quaternized Chitosan for Stabilized Li–SPAN Batteries,2025,2026,Advanced Science,Wiley,interfaces,research,https://advanced.onlinelibrary.wiley.com/doi/10.1002/advs.202515551,https://doi.org/10.1002/advs.202515551,https://www.ebi.ac.uk/europepmc/webservices/rest/search?query=%28TITLE%3Ainterphase+OR+TITLE%3Ainterface+OR+TITLE%3Ainterfacial%29+AND+%28TITLE%3Abattery+OR+TITLE%3Abatteries%29+AND+OPEN_ACCESS%3AY+AND+HAS_ABSTRACT%3AY+AND+FIRST_PDATE%3A%5B2016-01-01+TO+2025-12-31%5D+AND+SRC%3AMED&format=json&resultType=core&pageSize=80,entire indexed author abstract; no inference that complete article was read,41271580,PMC12884775,"Sulfur loading, electrolyte-to-sulfur ratio, areal capacity and short pouch-cell cycling bound the application claim."
BL064,10.1002/advs.202510456,Effect of Silicon‐Based Electrolyte Additive on the Solid‐Electrolyte Interphase of Rechargeable Mg Batteries,2025,2026,Advanced Science,Wiley,interfaces,research,https://advanced.onlinelibrary.wiley.com/doi/10.1002/advs.202510456,https://doi.org/10.1002/advs.202510456,https://www.ebi.ac.uk/europepmc/webservices/rest/search?query=%28TITLE%3Ainterphase+OR+TITLE%3Ainterface+OR+TITLE%3Ainterfacial%29+AND+%28TITLE%3Abattery+OR+TITLE%3Abatteries%29+AND+OPEN_ACCESS%3AY+AND+HAS_ABSTRACT%3AY+AND+FIRST_PDATE%3A%5B2016-01-01+TO+2025-12-31%5D+AND+SRC%3AMED&format=json&resultType=core&pageSize=80,entire indexed author abstract; no inference that complete article was read,41144799,PMC12786364,A Mg interphase need not have the same transport behavior as a Li interphase; retain spectroscopy and cell-protocol context.
BL065,10.1002/advs.202514322,Enhancing Cycling Stability of Aqueous Aluminum‐Metal Batteries via LaCl 3 ‐Modulated Interfacial Reactions,2025,2026,Advanced Science,Wiley,interfaces,research,https://advanced.onlinelibrary.wiley.com/doi/10.1002/advs.202514322,https://doi.org/10.1002/advs.202514322,https://www.ebi.ac.uk/europepmc/webservices/rest/search?query=%28TITLE%3Ainterphase+OR+TITLE%3Ainterface+OR+TITLE%3Ainterfacial%29+AND+%28TITLE%3Abattery+OR+TITLE%3Abatteries%29+AND+OPEN_ACCESS%3AY+AND+HAS_ABSTRACT%3AY+AND+FIRST_PDATE%3A%5B2016-01-01+TO+2025-12-31%5D+AND+SRC%3AMED&format=json&resultType=core&pageSize=80,entire indexed author abstract; no inference that complete article was read,41416745,PMC12931220,A controlled change in corrosion morphology does not mean corrosion is eliminated; retain the full-cell CE and retention conditions.
BL066,10.1002/advs.202517001,Hydrogen‐Bond‐Coupling Interfacial Microenvironment Enables Fast Charging of Sodium‐Ion Batteries Over a Wide Temperature Range,2025,2026,Advanced Science,Wiley,interfaces,research,https://advanced.onlinelibrary.wiley.com/doi/10.1002/advs.202517001,https://doi.org/10.1002/advs.202517001,https://www.ebi.ac.uk/europepmc/webservices/rest/search?query=%28TITLE%3Ainterphase+OR+TITLE%3Ainterface+OR+TITLE%3Ainterfacial%29+AND+%28TITLE%3Abattery+OR+TITLE%3Abatteries%29+AND+OPEN_ACCESS%3AY+AND+HAS_ABSTRACT%3AY+AND+FIRST_PDATE%3A%5B2016-01-01+TO+2025-12-31%5D+AND+SRC%3AMED&format=json&resultType=core&pageSize=80,entire indexed author abstract; no inference that complete article was read,41144791,PMC12767094,"Fast charging, high-temperature retention and low-temperature operation occur under different conditions."
BL067,10.1002/advs.202513155,Interface Chemistry and Reaction Pathway Regulation for Boosted Redox Kinetics in Aqueous Zn–S Batteries,2025,2026,Advanced Science,Wiley,interfaces,research,https://advanced.onlinelibrary.wiley.com/doi/10.1002/advs.202513155,https://doi.org/10.1002/advs.202513155,https://www.ebi.ac.uk/europepmc/webservices/rest/search?query=%28TITLE%3Ainterphase+OR+TITLE%3Ainterface+OR+TITLE%3Ainterfacial%29+AND+%28TITLE%3Abattery+OR+TITLE%3Abatteries%29+AND+OPEN_ACCESS%3AY+AND+HAS_ABSTRACT%3AY+AND+FIRST_PDATE%3A%5B2016-01-01+TO+2025-12-31%5D+AND+SRC%3AMED&format=json&resultType=core&pageSize=80,entire indexed author abstract; no inference that complete article was read,41194400,PMC12822381,The capacity and overpotential comparison must remain paired with its current and benchmark electrolyte.
BL068,10.1002/advs.202518282,Unveiling the Formation and Evolution of the Cathode–Electrolyte Interphase in Lithium–Sulfur Batteries,2025,2026,Advanced Science,Wiley,interfaces,research,https://advanced.onlinelibrary.wiley.com/doi/10.1002/advs.202518282,https://doi.org/10.1002/advs.202518282,https://www.ebi.ac.uk/europepmc/webservices/rest/search?query=%28TITLE%3Ainterphase+OR+TITLE%3Ainterface+OR+TITLE%3Ainterfacial%29+AND+%28TITLE%3Abattery+OR+TITLE%3Abatteries%29+AND+OPEN_ACCESS%3AY+AND+HAS_ABSTRACT%3AY+AND+FIRST_PDATE%3A%5B2016-01-01+TO+2025-12-31%5D+AND+SRC%3AMED&format=json&resultType=core&pageSize=80,entire indexed author abstract; no inference that complete article was read,41431982,PMC12904020,FTIR tracks decomposition but does not fully identify the reduced species; preserve this compositional evidence boundary.
BL069,10.1002/advs.202504717,An in‐depth Study of the Solid Electrolyte Interphase Compositional Evolution in Sodium‐Ion Batteries: Unravelling the Effects of a Na Metal Counter Electrode on the SEI,2025,2025,Advanced Science,Wiley,interfaces,research,https://advanced.onlinelibrary.wiley.com/doi/10.1002/advs.202504717,https://doi.org/10.1002/advs.202504717,https://www.ebi.ac.uk/europepmc/webservices/rest/search?query=%28TITLE%3Ainterphase+OR+TITLE%3Ainterface+OR+TITLE%3Ainterfacial%29+AND+%28TITLE%3Abattery+OR+TITLE%3Abatteries%29+AND+OPEN_ACCESS%3AY+AND+HAS_ABSTRACT%3AY+AND+FIRST_PDATE%3A%5B2016-01-01+TO+2025-12-31%5D+AND+SRC%3AMED&format=json&resultType=core&pageSize=80,entire indexed author abstract; no inference that complete article was read,40548457,PMC12407315,Na-metal counter-electrode reactions can alter the working-electrode SEI; half-cell results require configuration-specific interpretation.
BL070,10.1002/advs.202509239,Cation‐Engineered Gradient Interfacial Structure Toward Dendrite‐Free and Shuttle‐Free Aqueous Zn‐Iodine Batteries,2025,2025,Advanced Science,Wiley,interfaces,research,https://advanced.onlinelibrary.wiley.com/doi/10.1002/advs.202509239,https://doi.org/10.1002/advs.202509239,https://www.ebi.ac.uk/europepmc/webservices/rest/search?query=%28TITLE%3Ainterphase+OR+TITLE%3Ainterface+OR+TITLE%3Ainterfacial%29+AND+%28TITLE%3Abattery+OR+TITLE%3Abatteries%29+AND+OPEN_ACCESS%3AY+AND+HAS_ABSTRACT%3AY+AND+FIRST_PDATE%3A%5B2016-01-01+TO+2025-12-31%5D+AND+SRC%3AMED&format=json&resultType=core&pageSize=80,entire indexed author abstract; no inference that complete article was read,40720767,PMC12561259,Reported per-cycle decay and hours of symmetric cycling are separate lifetime descriptors; retain the full-cell chemistry.
BL071,10.1002/adma.202417796,"Fast‐Charging Solid‐State Li Batteries: Materials, Strategies, and Prospects",2024,2025,Advanced Materials,Wiley,performance,review,https://advanced.onlinelibrary.wiley.com/doi/10.1002/adma.202417796,https://doi.org/10.1002/adma.202417796,https://www.ebi.ac.uk/europepmc/webservices/rest/search?query=%28TITLE%3Abattery+OR+TITLE%3Abatteries%29+AND+%28TITLE%3A%22fast+charging%22+OR+TITLE%3A%22fast-charging%22+OR+TITLE%3Adegradation+OR+TITLE%3A%22coulombic+efficiency%22+OR+TITLE%3A%22practical%22%29+AND+OPEN_ACCESS%3AY+AND+HAS_ABSTRACT%3AY+AND+FIRST_PDATE%3A%5B2016-01-01+TO+2025-12-31%5D+AND+SRC%3AMED&format=json&resultType=core&pageSize=80,entire indexed author abstract; no inference that complete article was read,39722167,PMC12160703,"A fast-charging solid-state review separates electrolyte transport, electrode kinetics, contact and dendrite challenges."
BL072,10.1126/sciadv.adx5020,A practical 4.8-V Li||LiCoO 2 battery,2025,2025,Science Advances,American Association for the Advancement of Science (AAAS),performance,research,https://www.science.org/doi/10.1126/sciadv.adx5020,https://doi.org/10.1126/sciadv.adx5020,https://www.ebi.ac.uk/europepmc/webservices/rest/search?query=%28TITLE%3Abattery+OR+TITLE%3Abatteries%29+AND+%28TITLE%3A%22fast+charging%22+OR+TITLE%3A%22fast-charging%22+OR+TITLE%3Adegradation+OR+TITLE%3A%22coulombic+efficiency%22+OR+TITLE%3A%22practical%22%29+AND+OPEN_ACCESS%3AY+AND+HAS_ABSTRACT%3AY+AND+FIRST_PDATE%3A%5B2016-01-01+TO+2025-12-31%5D+AND+SRC%3AMED&format=json&resultType=core&pageSize=80,entire indexed author abstract; no inference that complete article was read,40961194,PMC12442873,Keep high-voltage small-cell cycles separate from the shorter high-energy pouch-cell demonstration.
BL073,10.1126/sciadv.abm6624,Extremely fast-charging lithium ion battery enabled by dual-gradient structure design,2022,2022,Science Advances,American Association for the Advancement of Science (AAAS),performance,research,https://www.science.org/doi/10.1126/sciadv.abm6624,https://doi.org/10.1126/sciadv.abm6624,https://www.ebi.ac.uk/europepmc/webservices/rest/search?query=%28TITLE%3Abattery+OR+TITLE%3Abatteries%29+AND+%28TITLE%3A%22fast+charging%22+OR+TITLE%3A%22fast-charging%22+OR+TITLE%3Adegradation+OR+TITLE%3A%22coulombic+efficiency%22+OR+TITLE%3A%22practical%22%29+AND+OPEN_ACCESS%3AY+AND+HAS_ABSTRACT%3AY+AND+FIRST_PDATE%3A%5B2016-01-01+TO+2025-12-31%5D+AND+SRC%3AMED&format=json&resultType=core&pageSize=80,entire indexed author abstract; no inference that complete article was read,35486719,PMC9054020,Charging time needs its state-of-charge endpoint and cell conditions; volumetric energy and C-rate are different quantities.
BL074,10.1039/d4sc08244c,Cu-mediated bipolar-type extended π-conjugated microporous polymers for lithium-ion battery cathodes with high energy density and fast-charging capability,2025,2025,Chemical Science,Royal Society of Chemistry (RSC),performance,research,https://pubs.rsc.org/sc/article/16/25/11311-11321/870477,https://doi.org/10.1039/d4sc08244c,https://www.ebi.ac.uk/europepmc/webservices/rest/search?query=%28TITLE%3Abattery+OR+TITLE%3Abatteries%29+AND+%28TITLE%3A%22fast+charging%22+OR+TITLE%3A%22fast-charging%22+OR+TITLE%3Adegradation+OR+TITLE%3A%22coulombic+efficiency%22+OR+TITLE%3A%22practical%22%29+AND+OPEN_ACCESS%3AY+AND+HAS_ABSTRACT%3AY+AND+FIRST_PDATE%3A%5B2016-01-01+TO+2025-12-31%5D+AND+SRC%3AMED&format=json&resultType=core&pageSize=80,entire indexed author abstract; no inference that complete article was read,40438175,PMC12109613,The energy figure explicitly uses cathode mass; do not promote it to total-cell specific energy.
BL075,10.1039/d5sc03645c,Hierarchical hollow nanospheres of imine-based covalent organic frameworks with built-in Ag sites for fast-charging lithium metal batteries,2025,2025,Chemical Science,Royal Society of Chemistry (RSC),performance,research,http://pubs.rsc.org/SC/article-lookup/doi/10.1039/D5SC03645C,https://doi.org/10.1039/d5sc03645c,https://www.ebi.ac.uk/europepmc/webservices/rest/search?query=%28TITLE%3Abattery+OR+TITLE%3Abatteries%29+AND+%28TITLE%3A%22fast+charging%22+OR+TITLE%3A%22fast-charging%22+OR+TITLE%3Adegradation+OR+TITLE%3A%22coulombic+efficiency%22+OR+TITLE%3A%22practical%22%29+AND+OPEN_ACCESS%3AY+AND+HAS_ABSTRACT%3AY+AND+FIRST_PDATE%3A%5B2016-01-01+TO+2025-12-31%5D+AND+SRC%3AMED&format=json&resultType=core&pageSize=80,entire indexed author abstract; no inference that complete article was read,40910141,PMC12406738,"Plating morphology, ion flux and full-cell retention are different evidence levels for the interfacial layer."
BL076,10.1039/d5sc04575d,Rational phosphating layer design in biomass-derived hard carbons toward fast charging capability of sodium ion battery anodes,2025,2025,Chemical Science,Royal Society of Chemistry (RSC),performance,research,https://pubs.rsc.org/sc/article/16/36/16678-16689/910774,https://doi.org/10.1039/d5sc04575d,https://www.ebi.ac.uk/europepmc/webservices/rest/search?query=%28TITLE%3Abattery+OR+TITLE%3Abatteries%29+AND+%28TITLE%3A%22fast+charging%22+OR+TITLE%3A%22fast-charging%22+OR+TITLE%3Adegradation+OR+TITLE%3A%22coulombic+efficiency%22+OR+TITLE%3A%22practical%22%29+AND+OPEN_ACCESS%3AY+AND+HAS_ABSTRACT%3AY+AND+FIRST_PDATE%3A%5B2016-01-01+TO+2025-12-31%5D+AND+SRC%3AMED&format=json&resultType=core&pageSize=80,entire indexed author abstract; no inference that complete article was read,40836939,PMC12360371,"Retain the hard-carbon phosphorus fraction, full-cell capacity and separate pouch-cell cycling protocol."
BL077,10.1039/d3sc06331c,Precise synthesis of BN embedded perylene diimide oligomers for fast-charging and long-life potassium–organic batteries,2024,2024,Chemical Science,Royal Society of Chemistry (RSC),performance,research,https://pubs.rsc.org/sc/article/15/9/3323-3329/827957,https://doi.org/10.1039/d3sc06331c,https://www.ebi.ac.uk/europepmc/webservices/rest/search?query=%28TITLE%3Abattery+OR+TITLE%3Abatteries%29+AND+%28TITLE%3A%22fast+charging%22+OR+TITLE%3A%22fast-charging%22+OR+TITLE%3Adegradation+OR+TITLE%3A%22coulombic+efficiency%22+OR+TITLE%3A%22practical%22%29+AND+OPEN_ACCESS%3AY+AND+HAS_ABSTRACT%3AY+AND+FIRST_PDATE%3A%5B2016-01-01+TO+2025-12-31%5D+AND+SRC%3AMED&format=json&resultType=core&pageSize=80,entire indexed author abstract; no inference that complete article was read,38425535,PMC10901525,The rapid-charge endpoint is a fraction of maximum capacity; a long cycle count alone is not a calendar-life claim.
BL078,10.1002/advs.202504580,Expansion Force‐Based Adaptive Multistage Constant Current Fast Charging with Lithium Plating Detection for Lithium‐Ion Batteries,2025,2025,Advanced Science,Wiley,performance,research,https://advanced.onlinelibrary.wiley.com/doi/10.1002/advs.202504580,https://doi.org/10.1002/advs.202504580,https://www.ebi.ac.uk/europepmc/webservices/rest/search?query=%28TITLE%3Abattery+OR+TITLE%3Abatteries%29+AND+%28TITLE%3A%22fast+charging%22+OR+TITLE%3A%22fast-charging%22+OR+TITLE%3Adegradation+OR+TITLE%3A%22coulombic+efficiency%22+OR+TITLE%3A%22practical%22%29+AND+OPEN_ACCESS%3AY+AND+HAS_ABSTRACT%3AY+AND+FIRST_PDATE%3A%5B2016-01-01+TO+2025-12-31%5D+AND+SRC%3AMED&format=json&resultType=core&pageSize=80,entire indexed author abstract; no inference that complete article was read,40387513,PMC12376661,A relative increase in charging speed cannot be silently rewritten as an equal percentage decrease in charging time.
BL079,10.1002/advs.202411466,Improving Fast‐Charging Performance of Lithium‐Ion Batteries through Electrode–Electrolyte Interfacial Engineering,2024,2025,Advanced Science,Wiley,performance,research,https://advanced.onlinelibrary.wiley.com/doi/10.1002/advs.202411466,https://doi.org/10.1002/advs.202411466,https://www.ebi.ac.uk/europepmc/webservices/rest/search?query=%28TITLE%3Abattery+OR+TITLE%3Abatteries%29+AND+%28TITLE%3A%22fast+charging%22+OR+TITLE%3A%22fast-charging%22+OR+TITLE%3Adegradation+OR+TITLE%3A%22coulombic+efficiency%22+OR+TITLE%3A%22practical%22%29+AND+OPEN_ACCESS%3AY+AND+HAS_ABSTRACT%3AY+AND+FIRST_PDATE%3A%5B2016-01-01+TO+2025-12-31%5D+AND+SRC%3AMED&format=json&resultType=core&pageSize=80,entire indexed author abstract; no inference that complete article was read,39576041,PMC11744671,An additive's reduction and oxidation pathways operate at different electrodes; check ambiguous expansion of familiar abbreviations.
BL080,10.1002/advs.202504808,Low Temperature Fast‐Charging Li Ion Batteries Enabled by f‐Orbital Hybridization Induced TiNb 2 O 7 Electronic Structure,2025,2025,Advanced Science,Wiley,performance,research,https://advanced.onlinelibrary.wiley.com/doi/10.1002/advs.202504808,https://doi.org/10.1002/advs.202504808,https://www.ebi.ac.uk/europepmc/webservices/rest/search?query=%28TITLE%3Abattery+OR+TITLE%3Abatteries%29+AND+%28TITLE%3A%22fast+charging%22+OR+TITLE%3A%22fast-charging%22+OR+TITLE%3Adegradation+OR+TITLE%3A%22coulombic+efficiency%22+OR+TITLE%3A%22practical%22%29+AND+OPEN_ACCESS%3AY+AND+HAS_ABSTRACT%3AY+AND+FIRST_PDATE%3A%5B2016-01-01+TO+2025-12-31%5D+AND+SRC%3AMED&format=json&resultType=core&pageSize=80,entire indexed author abstract; no inference that complete article was read,40539866,PMC12442630,High-rate specific capacity and low-temperature retention occur at different C-rates.
BL081,10.1002/advs.202307209,Electrode Treatments for Redox Flow Batteries: Translating Our Understanding from Vanadium to Aqueous‐Organic,2023,2024,Advanced Science,Wiley,redox_flow,review,https://advanced.onlinelibrary.wiley.com/doi/10.1002/advs.202307209,https://doi.org/10.1002/advs.202307209,https://www.ebi.ac.uk/europepmc/webservices/rest/search?query=%28TITLE%3A%22redox+flow%22+OR+TITLE%3A%22flow+battery%22+OR+TITLE%3A%22flow+batteries%22%29+AND+OPEN_ACCESS%3AY+AND+HAS_ABSTRACT%3AY+AND+FIRST_PDATE%3A%5B2016-01-01+TO+2025-12-31%5D+AND+SRC%3AMED&format=json&resultType=core&pageSize=80,entire indexed author abstract; no inference that complete article was read,37973559,PMC10767411,Electrode-treatment comparisons require matched flow-battery operating conditions and implementation context.
BL082,10.1126/sciadv.aea0032,Nonfluorinated membrane with a decentralized ion-transport network enables efficient and sustainable polysulfide redox flow batteries,2025,2025,Science Advances,American Association for the Advancement of Science (AAAS),redox_flow,research,https://www.science.org/doi/10.1126/sciadv.aea0032,https://doi.org/10.1126/sciadv.aea0032,https://www.ebi.ac.uk/europepmc/webservices/rest/search?query=%28TITLE%3A%22redox+flow%22+OR+TITLE%3A%22flow+battery%22+OR+TITLE%3A%22flow+batteries%22%29+AND+OPEN_ACCESS%3AY+AND+HAS_ABSTRACT%3AY+AND+FIRST_PDATE%3A%5B2016-01-01+TO+2025-12-31%5D+AND+SRC%3AMED&format=json&resultType=core&pageSize=80,entire indexed author abstract; no inference that complete article was read,41191745,PMC12588265,Flow-cell Coulombic efficiency and energy efficiency are distinct; high charge recovery does not imply comparable energy recovery.
BL083,10.1039/d5sc04532k,Conjugation effect of amine molecules in non-aqueous Mg redox flow batteries,2025,2025,Chemical Science,Royal Society of Chemistry (RSC),redox_flow,research,https://pubs.rsc.org/sc/article/16/35/16205-16217/910767,https://doi.org/10.1039/d5sc04532k,https://www.ebi.ac.uk/europepmc/webservices/rest/search?query=%28TITLE%3A%22redox+flow%22+OR+TITLE%3A%22flow+battery%22+OR+TITLE%3A%22flow+batteries%22%29+AND+OPEN_ACCESS%3AY+AND+HAS_ABSTRACT%3AY+AND+FIRST_PDATE%3A%5B2016-01-01+TO+2025-12-31%5D+AND+SRC%3AMED&format=json&resultType=core&pageSize=80,entire indexed author abstract; no inference that complete article was read,40852459,PMC12368905,Theoretical electrolyte-volume energy and measured full-cell performance must remain separate.
BL084,10.1002/advs.202514452,A Six‐Electron Energy Storage Material for Ultra‐Stable Aqueous Organic Redox Flow Batteries,2025,2025,Advanced Science,Wiley,redox_flow,research,https://advanced.onlinelibrary.wiley.com/doi/10.1002/advs.202514452,https://doi.org/10.1002/advs.202514452,https://www.ebi.ac.uk/europepmc/webservices/rest/search?query=%28TITLE%3A%22redox+flow%22+OR+TITLE%3A%22flow+battery%22+OR+TITLE%3A%22flow+batteries%22%29+AND+OPEN_ACCESS%3AY+AND+HAS_ABSTRACT%3AY+AND+FIRST_PDATE%3A%5B2016-01-01+TO+2025-12-31%5D+AND+SRC%3AMED&format=json&resultType=core&pageSize=80,entire indexed author abstract; no inference that complete article was read,41025567,PMC12713029,Molecule and electron-equivalent concentrations differ; preserve the printed lower-case concentration symbol and per-day versus per-cycle decay.
BL085,10.1002/advs.202417641,Direct Ink Writing of 3D‐Structured All‐Carbon Electrodes with High Electrical Conductivity for (Vanadium) Redox Flow Batteries,2025,2025,Advanced Science,Wiley,redox_flow,research,https://advanced.onlinelibrary.wiley.com/doi/10.1002/advs.202417641,https://doi.org/10.1002/advs.202417641,https://www.ebi.ac.uk/europepmc/webservices/rest/search?query=%28TITLE%3A%22redox+flow%22+OR+TITLE%3A%22flow+battery%22+OR+TITLE%3A%22flow+batteries%22%29+AND+OPEN_ACCESS%3AY+AND+HAS_ABSTRACT%3AY+AND+FIRST_PDATE%3A%5B2016-01-01+TO+2025-12-31%5D+AND+SRC%3AMED&format=json&resultType=core&pageSize=80,entire indexed author abstract; no inference that complete article was read,40375603,PMC12165035,Electrical conductivity of a printed electrode and flow-cell performance are different validation levels.
BL086,10.1021/acsaem.5c03070,“Innocent” Hexafluorophosphate Salts Induce Capacity Fade in Nonaqueous Redox Flow Batteries,2025,2025,ACS Applied Energy Materials,American Chemical Society (ACS),redox_flow,research,https://pubs.acs.org/doi/10.1021/acsaem.5c03070,https://doi.org/10.1021/acsaem.5c03070,https://www.ebi.ac.uk/europepmc/webservices/rest/search?query=%28TITLE%3A%22redox+flow%22+OR+TITLE%3A%22flow+battery%22+OR+TITLE%3A%22flow+batteries%22%29+AND+OPEN_ACCESS%3AY+AND+HAS_ABSTRACT%3AY+AND+FIRST_PDATE%3A%5B2016-01-01+TO+2025-12-31%5D+AND+SRC%3AMED&format=json&resultType=core&pageSize=80,entire indexed author abstract; no inference that complete article was read,41451307,PMC12728801,Supporting-salt degradation and negolyte protonation can cause capacity fade without destroying all active molecules.
BL087,10.1021/acsomega.4c11656,A Highly Soluble Two-Electron Storage Viologen Negolyte for Neutral Aqueous Organic Redox Flow Batteries,2025,2025,ACS Omega,American Chemical Society (ACS),redox_flow,research,https://pubs.acs.org/doi/10.1021/acsomega.4c11656,https://doi.org/10.1021/acsomega.4c11656,https://www.ebi.ac.uk/europepmc/webservices/rest/search?query=%28TITLE%3A%22redox+flow%22+OR+TITLE%3A%22flow+battery%22+OR+TITLE%3A%22flow+batteries%22%29+AND+OPEN_ACCESS%3AY+AND+HAS_ABSTRACT%3AY+AND+FIRST_PDATE%3A%5B2016-01-01+TO+2025-12-31%5D+AND+SRC%3AMED&format=json&resultType=core&pageSize=80,entire indexed author abstract; no inference that complete article was read,40385191,PMC12079281,A two-electron molecular redox property does not establish complete two-electron utilization in every flow-cell protocol.
BL088,10.1021/acsomega.5c06024,Acid−Base Flow Batteries for Sustainable Energy Storage: Balancing Energy Recovery and Efficiency,2025,2025,ACS Omega,American Chemical Society (ACS),redox_flow,research,https://pubs.acs.org/doi/10.1021/acsomega.5c06024,https://doi.org/10.1021/acsomega.5c06024,https://www.ebi.ac.uk/europepmc/webservices/rest/search?query=%28TITLE%3A%22redox+flow%22+OR+TITLE%3A%22flow+battery%22+OR+TITLE%3A%22flow+batteries%22%29+AND+OPEN_ACCESS%3AY+AND+HAS_ABSTRACT%3AY+AND+FIRST_PDATE%3A%5B2016-01-01+TO+2025-12-31%5D+AND+SRC%3AMED&format=json&resultType=core&pageSize=80,entire indexed author abstract; no inference that complete article was read,41502668,PMC12771209,The best round-trip efficiency and highest gross energy density occur at different charging and discharging settings.
BL089,10.1021/acspolymersau.5c00066,Alicyclic Design of Sulfonated Polyimide Membranes with a Tricyclodecane Diamine for Improved Ion Crossover Blocking in Vanadium Redox Flow Batteries,2025,2025,ACS Polymers Au,American Chemical Society (ACS),redox_flow,research,https://pubs.acs.org/doi/10.1021/acspolymersau.5c00066,https://doi.org/10.1021/acspolymersau.5c00066,https://www.ebi.ac.uk/europepmc/webservices/rest/search?query=%28TITLE%3A%22redox+flow%22+OR+TITLE%3A%22flow+battery%22+OR+TITLE%3A%22flow+batteries%22%29+AND+OPEN_ACCESS%3AY+AND+HAS_ABSTRACT%3AY+AND+FIRST_PDATE%3A%5B2016-01-01+TO+2025-12-31%5D+AND+SRC%3AMED&format=json&resultType=core&pageSize=80,entire indexed author abstract; no inference that complete article was read,41080896,PMC12511967,"Membrane permeability, mechanical strength, conductivity and cell efficiency use different units and comparators."
BL090,10.1021/acsaem.5c02255,Aryl Viologens: Unprecedented Stability of Viologen-Derivatives as Anolytes for Alkaline Redox Flow Batteries,2025,2025,ACS Applied Energy Materials,American Chemical Society (ACS),redox_flow,research,https://pubs.acs.org/doi/10.1021/acsaem.5c02255,https://doi.org/10.1021/acsaem.5c02255,https://www.ebi.ac.uk/europepmc/webservices/rest/search?query=%28TITLE%3A%22redox+flow%22+OR+TITLE%3A%22flow+battery%22+OR+TITLE%3A%22flow+batteries%22%29+AND+OPEN_ACCESS%3AY+AND+HAS_ABSTRACT%3AY+AND+FIRST_PDATE%3A%5B2016-01-01+TO+2025-12-31%5D+AND+SRC%3AMED&format=json&resultType=core&pageSize=80,entire indexed author abstract; no inference that complete article was read,41322704,PMC12661920,"Hourly capacity decay, cycle count and nominal cell voltage must remain distinct."
BL091,10.1126/sciadv.ady6042,In situ unveiling the conversion processes on the catalytic cathode in lithium-sulfur batteries,2025,2025,Science Advances,American Association for the Advancement of Science (AAAS),sulfur_and_multivalent,research,https://www.science.org/doi/10.1126/sciadv.ady6042,https://doi.org/10.1126/sciadv.ady6042,https://www.ebi.ac.uk/europepmc/webservices/rest/search?query=%28TITLE%3A%22lithium-sulfur%22+OR+TITLE%3A%22sodium-sulfur%22+OR+TITLE%3Amagnesium+OR+TITLE%3Apotassium+OR+TITLE%3Aaluminum+OR+TITLE%3Aaluminium%29+AND+%28TITLE%3Abattery+OR+TITLE%3Abatteries%29+AND+OPEN_ACCESS%3AY+AND+HAS_ABSTRACT%3AY+AND+FIRST_PDATE%3A%5B2016-01-01+TO+2025-12-31%5D+AND+SRC%3AMED&format=json&resultType=core&pageSize=80,entire indexed author abstract; no inference that complete article was read,41061073,PMC12506974,In situ observations of nucleation at catalytic surfaces do not alone prove full practical-cell performance.
BL092,10.1002/advs.202511623,Defect‐Engineered CoSe 2 Quantum Dots Exposing Highly Active (111) Facets with Lithiophilic‐Sulfurophilic Functionality for High‐Energy Lithium–Sulfur Batteries,2025,2026,Advanced Science,Wiley,sulfur_and_multivalent,research,https://advanced.onlinelibrary.wiley.com/doi/10.1002/advs.202511623,https://doi.org/10.1002/advs.202511623,https://www.ebi.ac.uk/europepmc/webservices/rest/search?query=%28TITLE%3A%22lithium-sulfur%22+OR+TITLE%3A%22sodium-sulfur%22+OR+TITLE%3Amagnesium+OR+TITLE%3Apotassium+OR+TITLE%3Aaluminum+OR+TITLE%3Aaluminium%29+AND+%28TITLE%3Abattery+OR+TITLE%3Abatteries%29+AND+OPEN_ACCESS%3AY+AND+HAS_ABSTRACT%3AY+AND+FIRST_PDATE%3A%5B2016-01-01+TO+2025-12-31%5D+AND+SRC%3AMED&format=json&resultType=core&pageSize=80,entire indexed author abstract; no inference that complete article was read,41263338,PMC12822450,"Adsorption, catalytic conversion and transport are separate proposed contributions; retain rate and cycle count with capacity decay."
BL093,10.1002/advs.202516575,Nanosized Li 2 S‐Loaded Polar Porous Carbon Nanofibers as Self‐Supporting Electrodes in Anode‐Free Lithium–Sulfur Batteries,2025,2026,Advanced Science,Wiley,sulfur_and_multivalent,research,https://advanced.onlinelibrary.wiley.com/doi/10.1002/advs.202516575,https://doi.org/10.1002/advs.202516575,https://www.ebi.ac.uk/europepmc/webservices/rest/search?query=%28TITLE%3A%22lithium-sulfur%22+OR+TITLE%3A%22sodium-sulfur%22+OR+TITLE%3Amagnesium+OR+TITLE%3Apotassium+OR+TITLE%3Aaluminum+OR+TITLE%3Aaluminium%29+AND+%28TITLE%3Abattery+OR+TITLE%3Abatteries%29+AND+OPEN_ACCESS%3AY+AND+HAS_ABSTRACT%3AY+AND+FIRST_PDATE%3A%5B2016-01-01+TO+2025-12-31%5D+AND+SRC%3AMED&format=json&resultType=core&pageSize=80,entire indexed author abstract; no inference that complete article was read,41355533,PMC12850093,An initially anode-free Li2S design has a different starting lithium inventory from a Li-metal sulfur cell.
BL094,10.1002/cssc.202501463,Metalloporphyrin‐Based Cathode for Rechargeable Magnesium‐Ion Batteries: Copper Leaching and Interphase Formation,2025,2026,ChemSusChem,Wiley,sulfur_and_multivalent,research,https://chemistry-europe.onlinelibrary.wiley.com/doi/10.1002/cssc.202501463,https://doi.org/10.1002/cssc.202501463,https://www.ebi.ac.uk/europepmc/webservices/rest/search?query=%28TITLE%3A%22lithium-sulfur%22+OR+TITLE%3A%22sodium-sulfur%22+OR+TITLE%3Amagnesium+OR+TITLE%3Apotassium+OR+TITLE%3Aaluminum+OR+TITLE%3Aaluminium%29+AND+%28TITLE%3Abattery+OR+TITLE%3Abatteries%29+AND+OPEN_ACCESS%3AY+AND+HAS_ABSTRACT%3AY+AND+FIRST_PDATE%3A%5B2016-01-01+TO+2025-12-31%5D+AND+SRC%3AMED&format=json&resultType=core&pageSize=80,entire indexed author abstract; no inference that complete article was read,41216883,PMC13080235,Cu leaching is directly observed while transmetalation remains a supported interpretation; spectral overlap limits exclusion of alternatives.
BL095,10.1002/advs.202417305,Balancing Anodic Stability and Cathodic Kinetics in Practical Lithium‐Sulfur Batteries With Non‐fluorinated Weakly Solvating Solvents,2025,2025,Advanced Science,Wiley,sulfur_and_multivalent,research,https://advanced.onlinelibrary.wiley.com/doi/10.1002/advs.202417305,https://doi.org/10.1002/advs.202417305,https://www.ebi.ac.uk/europepmc/webservices/rest/search?query=%28TITLE%3A%22lithium-sulfur%22+OR+TITLE%3A%22sodium-sulfur%22+OR+TITLE%3Amagnesium+OR+TITLE%3Apotassium+OR+TITLE%3Aaluminum+OR+TITLE%3Aaluminium%29+AND+%28TITLE%3Abattery+OR+TITLE%3Abatteries%29+AND+OPEN_ACCESS%3AY+AND+HAS_ABSTRACT%3AY+AND+FIRST_PDATE%3A%5B2016-01-01+TO+2025-12-31%5D+AND+SRC%3AMED&format=json&resultType=core&pageSize=80,entire indexed author abstract; no inference that complete article was read,40605416,PMC12499459,Anode stability and sulfur conversion kinetics can trade off; weak solvation is useful only within the demonstrated formulation.
BL096,10.1002/advs.202513026,Exploring the Effects of the Spatial Distribution of Catalytic Sites on Sulfur Nucleation Behaviors and Electrochemical Performances of Lithium–Sulfur Batteries,2025,2025,Advanced Science,Wiley,sulfur_and_multivalent,research,https://advanced.onlinelibrary.wiley.com/doi/10.1002/advs.202513026,https://doi.org/10.1002/advs.202513026,https://www.ebi.ac.uk/europepmc/webservices/rest/search?query=%28TITLE%3A%22lithium-sulfur%22+OR+TITLE%3A%22sodium-sulfur%22+OR+TITLE%3Amagnesium+OR+TITLE%3Apotassium+OR+TITLE%3Aaluminum+OR+TITLE%3Aaluminium%29+AND+%28TITLE%3Abattery+OR+TITLE%3Abatteries%29+AND+OPEN_ACCESS%3AY+AND+HAS_ABSTRACT%3AY+AND+FIRST_PDATE%3A%5B2016-01-01+TO+2025-12-31%5D+AND+SRC%3AMED&format=json&resultType=core&pageSize=80,entire indexed author abstract; no inference that complete article was read,40999921,PMC12713044,Spatial distribution of catalytic sites is a controlled variable; high-donor electrolyte context bounds the morphology result.
BL097,10.1002/advs.202415436,Impact of the Sulfurized Polyacrylonitrile Cathode Microstructure on the Electrochemical Performance of Lithium–Sulfur Batteries,2025,2025,Advanced Science,Wiley,sulfur_and_multivalent,research,https://advanced.onlinelibrary.wiley.com/doi/10.1002/advs.202415436,https://doi.org/10.1002/advs.202415436,https://www.ebi.ac.uk/europepmc/webservices/rest/search?query=%28TITLE%3A%22lithium-sulfur%22+OR+TITLE%3A%22sodium-sulfur%22+OR+TITLE%3Amagnesium+OR+TITLE%3Apotassium+OR+TITLE%3Aaluminum+OR+TITLE%3Aaluminium%29+AND+%28TITLE%3Abattery+OR+TITLE%3Abatteries%29+AND+OPEN_ACCESS%3AY+AND+HAS_ABSTRACT%3AY+AND+FIRST_PDATE%3A%5B2016-01-01+TO+2025-12-31%5D+AND+SRC%3AMED&format=json&resultType=core&pageSize=80,entire indexed author abstract; no inference that complete article was read,39985205,PMC12005800,Calendering-related springback can affect subsequent charging differently from the first discharge.
BL098,10.1002/advs.202515034,Synergistic Effect of Dual‐Functional Groups in MOF‐Modified Separators for Efficient Lithium‐Ion Transport and Polysulfide Management of Lithium‐Sulfur Batteries,2025,2025,Advanced Science,Wiley,sulfur_and_multivalent,research,https://advanced.onlinelibrary.wiley.com/doi/10.1002/advs.202515034,https://doi.org/10.1002/advs.202515034,https://www.ebi.ac.uk/europepmc/webservices/rest/search?query=%28TITLE%3A%22lithium-sulfur%22+OR+TITLE%3A%22sodium-sulfur%22+OR+TITLE%3Amagnesium+OR+TITLE%3Apotassium+OR+TITLE%3Aaluminum+OR+TITLE%3Aaluminium%29+AND+%28TITLE%3Abattery+OR+TITLE%3Abatteries%29+AND+OPEN_ACCESS%3AY+AND+HAS_ABSTRACT%3AY+AND+FIRST_PDATE%3A%5B2016-01-01+TO+2025-12-31%5D+AND+SRC%3AMED&format=json&resultType=core&pageSize=80,entire indexed author abstract; no inference that complete article was read,40971768,PMC12697768,Polysulfide adsorption and Li-ion transport are distinct functions; calculated orbital energies do not substitute for rate measurements.
BL099,10.1002/advs.202513282,Synergistic Ni‐Co Metal Nodes in a Conjugated MOF‐Modified Separator for High‐Performance Lithium‐Sulfur Batteries,2025,2025,Advanced Science,Wiley,sulfur_and_multivalent,research,https://advanced.onlinelibrary.wiley.com/doi/10.1002/advs.202513282,https://doi.org/10.1002/advs.202513282,https://www.ebi.ac.uk/europepmc/webservices/rest/search?query=%28TITLE%3A%22lithium-sulfur%22+OR+TITLE%3A%22sodium-sulfur%22+OR+TITLE%3Amagnesium+OR+TITLE%3Apotassium+OR+TITLE%3Aaluminum+OR+TITLE%3Aaluminium%29+AND+%28TITLE%3Abattery+OR+TITLE%3Abatteries%29+AND+OPEN_ACCESS%3AY+AND+HAS_ABSTRACT%3AY+AND+FIRST_PDATE%3A%5B2016-01-01+TO+2025-12-31%5D+AND+SRC%3AMED&format=json&resultType=core&pageSize=80,entire indexed author abstract; no inference that complete article was read,40923453,PMC12677593,A decay figure without an explicit per-cycle qualifier must not be interpreted as a per-cycle rate without checking Methods.
BL100,10.1002/advs.202410628,Understanding the Dynamics of Sulfur Droplets Formation in Lean‐Electrolyte and Low‐Temperature Lithium–Sulfur Batteries,2024,2025,Advanced Science,Wiley,sulfur_and_multivalent,research,https://advanced.onlinelibrary.wiley.com/doi/10.1002/advs.202410628,https://doi.org/10.1002/advs.202410628,https://www.ebi.ac.uk/europepmc/webservices/rest/search?query=%28TITLE%3A%22lithium-sulfur%22+OR+TITLE%3A%22sodium-sulfur%22+OR+TITLE%3Amagnesium+OR+TITLE%3Apotassium+OR+TITLE%3Aaluminum+OR+TITLE%3Aaluminium%29+AND+%28TITLE%3Abattery+OR+TITLE%3Abatteries%29+AND+OPEN_ACCESS%3AY+AND+HAS_ABSTRACT%3AY+AND+FIRST_PDATE%3A%5B2016-01-01+TO+2025-12-31%5D+AND+SRC%3AMED&format=json&resultType=core&pageSize=80,entire indexed author abstract; no inference that complete article was read,39641440,PMC11775558,Sulfur-droplet formation persists over the tested range but fails at a lower temperature; preserve that counterexample.
