electrolyte,stage,z_real_ohm,z_imag_negative_ohm
A,before,18.0,0.0
A,before,18.016362372546485,1.0311578386871987
A,before,18.065433014663757,2.0612773888383464
A,before,18.147162516374753,3.089321407385937
A,before,18.26146858299915,4.114254741146851
A,before,18.408236118017186,5.135045369133872
A,before,18.58731733896203,6.150665441713332
A,before,18.79853192622427,7.16009231556257
A,before,19.04166720461842,8.162309583385074
A,before,19.316478357528837,9.156308097346464
A,before,19.622688673419272,10.14108698520083
A,before,19.959989824457978,11.115654658084233
A,before,20.32804217697764,12.079029808960646
A,before,20.72647513345774,13.030242400714945
A,before,21.154887505684812,13.968334642898078
A,before,21.612847918714987,14.892361956140839
A,before,22.09989524523199,15.801393923265232
A,before,22.615539069863246,16.694515226135707
A,before,23.15926018298661,17.57082656730692
A,before,23.730511103530432,18.42944557554005
A,before,24.328716630240596,19.269507694275813
A,before,24.953274420859408,20.09016705216967
A,before,25.603555598633214,20.890597314812524
A,before,26.278905385537975,21.669992516779477
A,before,26.978643761585218,22.42756787316864
A,before,27.702066149544557,23.162560569813046
A,before,28.448444124393205,23.874230531369832
A,before,29.217026146778238,24.561861166513395
A,before,30.00703831975302,25.224760089482096
A,before,30.817685168025836,25.862259817252042
A,before,31.64815043893606,26.47371844163591
A,before,32.49759792435142,27.05852027563007
A,before,33.36517230265867,27.616076473359218
A,before,34.25,28.14582562299426
A,before,35.15119006988781,28.647234312046418
A,before,36.06783509031234,29.119797664468415
A,before,36.99901207743869,29.563039849021845
A,before,37.943783414973325,29.976514558398897
A,before,38.901197798264164,30.359805458615966
A,before,39.8702911921838,30.712526608226725
A,before,40.850087801831066,31.0343228469324
A,before,41.839601055073864,31.324870153198116
A,before,42.83783459594361,31.583875970515102
A,before,43.84378328788131,31.81107950198031
A,before,44.856434225824756,32.00625197289676
A,before,45.87476775611823,32.16919686113031
A,before,46.89775850321714,32.299750094990756
A,before,47.92437640215437,32.39778021843813
A,before,48.95358773572838,32.46318852344776
A,before,49.984356175368745,32.49590914940094
A,before,51.01564382463126,32.49590914940094
A,before,52.04641226427162,32.46318852344776
A,before,53.07562359784563,32.39778021843813
A,before,54.10224149678286,32.299750094990756
A,before,55.12523224388177,32.16919686113031
A,before,56.14356577417524,32.00625197289676
A,before,57.1562167121187,31.81107950198031
A,before,58.16216540405638,31.583875970515102
A,before,59.16039894492614,31.324870153198116
A,before,60.14991219816893,31.0343228469324
A,before,61.1297088078162,30.712526608226725
A,before,62.098802201735836,30.35980545861597
A,before,63.05621658502668,29.976514558398893
A,before,64.00098792256131,29.56303984902185
A,before,64.93216490968766,29.119797664468415
A,before,65.84880993011218,28.647234312046418
A,before,66.75,28.145825622994256
A,before,67.63482769734134,27.616076473359215
A,before,68.50240207564859,27.05852027563007
A,before,69.35184956106394,26.47371844163591
A,before,70.18231483197417,25.86225981725204
A,before,70.99296168024698,25.224760089482093
A,before,71.78297385322176,24.561861166513395
A,before,72.5515558756068,23.874230531369836
A,before,73.29793385045545,23.16256056981304
A,before,74.02135623841477,22.427567873168638
A,before,74.72109461446203,21.669992516779477
A,before,75.39644440136678,20.89059731481253
A,before,76.0467255791406,20.09016705216967
A,before,76.67128336975941,19.269507694275813
A,before,77.26948889646957,18.429445575540054
A,before,77.8407398170134,17.570826567306916
A,before,78.38446093013675,16.694515226135707
A,before,78.90010475476802,15.801393923265232
A,before,79.38715208128501,14.892361956140842
A,before,79.8451124943152,13.968334642898071
A,before,80.27352486654226,13.030242400714942
A,before,80.67195782302235,12.079029808960646
A,before,81.04001017554202,11.115654658084239
A,before,81.37731132658072,10.141086985200825
A,before,81.68352164247116,9.156308097346464
A,before,81.95833279538158,8.162309583385076
A,before,82.20146807377573,7.160092315562577
A,before,82.41268266103796,6.150665441713327
A,before,82.59176388198281,5.135045369133872
A,before,82.73853141700084,4.114254741146855
A,before,82.85283748362525,3.089321407385929
A,before,82.93456698533625,2.061277388838343
A,before,82.98363762745352,1.031157838687199
A,before,83.0,3.980102097228898e-15
A,after,18.0,0.0
A,after,18.019962094506713,1.2580125631983823
A,after,18.07982827788978,2.514758414382783
A,after,18.179538269977197,3.768972117010843
A,after,18.318991671258964,5.0193907841991585
A,after,18.498048063980967,6.264755350343323
A,after,18.71652715353368,7.503811838890265
A,after,18.97420894999361,8.735312624986337
A,after,19.270833989634475,9.958017691729792
A,after,19.60610359618518,11.170695878762686
A,after,19.979680181571513,12.372126121945014
A,after,20.39118758583873,13.561098682862763
A,after,20.840211455912723,14.736416366931987
A,after,21.326299662818442,15.896895728872233
A,after,21.84896275693547,17.041368264335656
A,after,22.407674460832283,18.16868158649182
A,after,23.001872199183026,19.277700586383585
A,after,23.630957665233158,20.36730857588556
A,after,24.294297423243666,21.436408412114442
A,after,24.99122354630713,22.48392360215886
A,after,25.721034288893524,23.50879938701649
A,after,26.482994793448476,24.510003803646995
A,after,27.276337830332523,25.48652872407128
A,after,28.100264570356327,26.437390870470963
A,after,28.953945389133967,27.361632805265742
A,after,29.83652070244436,28.258323895171912
A,after,30.747101831759707,29.126561248271194
A,after,31.68477189906945,29.965470623146338
A,after,32.64858675009868,30.77420730916816
A,after,33.63757590499152,31.551956977047492
A,after,34.65074353550199,32.29793649879581
A,after,35.687069467708724,33.011394736268684
A,after,36.74551020924358,33.69161329749824
A,after,37.825,34.337907260052994
A,after,38.92445188526313,34.94962586069663
A,after,40.04275881018106,35.52615315065147
A,after,41.178794734475204,36.06690861580665
A,after,42.331415766267455,36.571347761246656
A,after,43.49946131388228,37.038962659511476
A,after,44.681755254464235,37.4692824620366
A,after,45.877107118233894,37.86187387325753
A,after,47.08431328719011,38.2163415869017
A,after,48.30215820705121,38.53232868402843
A,after,49.529415611215185,38.80951699241598
A,after,50.764849755506205,39.04762740693405
A,after,52.007216662464245,39.24642017057898
A,after,53.25526537392491,39.405695115888726
A,after,54.50773921062834,39.52529186649451
A,after,55.76337703758862,39.60508999860627
A,after,57.02091453394986,39.64500916226915
A,after,58.279085466050134,39.64500916226915
A,after,59.53662296241138,39.60508999860627
A,after,60.79226078937167,39.52529186649451
A,after,62.04473462607509,39.405695115888726
A,after,63.29278333753576,39.24642017057898
A,after,64.53515024449379,39.04762740693405
A,after,65.77058438878481,38.80951699241598
A,after,66.99784179294878,38.53232868402843
A,after,68.21568671280988,38.2163415869017
A,after,69.42289288176609,37.86187387325753
A,after,70.61824474553576,37.4692824620366
A,after,71.8005386861177,37.03896265951148
A,after,72.96858423373254,36.57134776124665
A,after,74.1212052655248,36.06690861580665
A,after,75.25724118981894,35.52615315065147
A,after,76.37554811473686,34.94962586069663
A,after,77.47500000000001,34.33790726005299
A,after,78.5544897907564,33.69161329749824
A,after,79.61293053229127,33.011394736268684
A,after,80.649256464498,32.29793649879581
A,after,81.66242409500849,31.55195697704749
A,after,82.65141324990131,30.77420730916815
A,after,83.61522810093055,29.965470623146338
A,after,84.55289816824028,29.126561248271198
A,after,85.46347929755565,28.258323895171905
A,after,86.34605461086602,27.361632805265735
A,after,87.19973542964367,26.437390870470963
A,after,88.02366216966747,25.486528724071288
A,after,88.81700520655153,24.510003803646995
A,after,89.57896571110648,23.50879938701649
A,after,90.30877645369286,22.483923602158864
A,after,91.00570257675633,21.43640841211444
A,after,91.66904233476684,20.36730857588556
A,after,92.29812780081697,19.277700586383585
A,after,92.8923255391677,18.168681586491825
A,after,93.45103724306453,17.041368264335645
A,after,93.97370033718155,15.896895728872229
A,after,94.45978854408727,14.736416366931987
A,after,94.90881241416126,13.56109868286277
A,after,95.32031981842847,12.372126121945007
A,after,95.69389640381482,11.170695878762686
A,after,96.02916601036553,9.958017691729793
A,after,96.32579105000639,8.735312624986342
A,after,96.58347284646631,7.503811838890259
A,after,96.80195193601904,6.264755350343323
A,after,96.98100832874103,5.019390784199163
A,after,97.1204617300228,3.7689721170108332
A,after,97.22017172211021,2.5147584143827784
A,after,97.28003790549329,1.2580125631983825
A,after,97.3,4.855724558619255e-15
B,before,25.0,0.0
B,before,25.021396948714635,1.348437173667875
B,before,25.08556624994491,2.6955165854039915
B,before,25.192443290643904,4.039881840427763
B,before,25.3419204546912,5.380179276884344
B,before,25.533847231253244,6.71505932886737
B,before,25.768030366334965,8.043177885317434
B,before,26.0442340573702,9.363197643427977
B,before,26.36218019065486,10.673789455195868
B,before,26.72154862138386,11.973633665760762
B,before,27.12197749600982,13.261421442185704
B,before,27.563063616598892,14.53585609134092
B,before,28.044362846816917,15.795654365563921
B,before,28.565390559137043,17.039547754781083
B,before,29.1256221228186,18.266283763789794
B,before,29.72449343216575,19.47462717341494
B,before,30.36140147453414,20.66336128426992
B,before,31.035704937513476,21.831289141869767
B,before,31.7467248546748,22.977234741862897
B,before,32.49374528923211,24.100044214167756
B,before,33.27601405493001,25.198586984822217
B,before,34.09274347343153,26.271756914375718
B,before,34.94311116744343,27.318473411677918
B,before,35.826260888780425,28.337682521942394
B,before,36.74130338053452,29.32835798798976
B,before,37.687317272481344,30.289502283601674
B,before,38.66335000882188,31.220147617945166
B,before,39.66841880732539,32.11935691005598
B,before,40.7015116489078,32.98622473239966
B,before,41.761588296649165,33.81987822256036
B,before,42.84758134322408,34.61947796213927
B,before,43.95839728569031,35.38421882197778
B,before,45.09291762655365,36.11333077285436
B,before,46.25,36.80607966083865
B,before,47.42847932216098,37.46176794652224
B,before,48.62716896425461,38.079735407381776
B,before,49.84486194741983,38.65935980256703
B,before,51.08033215804204,39.20005749944471
B,before,52.33233558234544,39.70128406126703
B,before,53.59961155900958,40.16253479537341
B,before,54.88088404854831,40.58334526137314
B,before,56.17486291817352,40.96329173879754
B,before,57.48024524084934,41.30199165375052
B,before,58.795716607229394,41.5991039641281
B,before,60.119952449155456,41.85432950301884
B,before,61.451619373385384,42.06741127993964
B,before,62.78937650420703,42.238134739603304
B,before,64.13187683358649,42.36632797795755
B,before,65.47776857749096,42.45186191527784
B,before,66.82569653702066,42.49465042613969
B,before,68.17430346297934,42.49465042613969
B,before,69.52223142250904,42.45186191527784
B,before,70.86812316641351,42.36632797795755
B,before,72.21062349579297,42.238134739603304
B,before,73.54838062661463,42.06741127993964
B,before,74.88004755084454,41.85432950301884
B,before,76.2042833927706,41.5991039641281
B,before,77.51975475915066,41.30199165375052
B,before,78.82513708182648,40.96329173879754
B,before,80.11911595145168,40.58334526137314
B,before,81.40038844099041,40.16253479537341
B,before,82.66766441765455,39.70128406126704
B,before,83.91966784195797,39.20005749944471
B,before,85.15513805258017,38.65935980256703
B,before,86.3728310357454,38.079735407381776
B,before,87.571520677839,37.46176794652224
B,before,88.75,36.80607966083864
B,before,89.90708237344636,36.113330772854354
B,before,91.04160271430969,35.38421882197778
B,before,92.15241865677592,34.61947796213927
B,before,93.23841170335083,33.81987822256036
B,before,94.2984883510922,32.98622473239966
B,before,95.3315811926746,32.11935691005598
B,before,96.3366499911781,31.22014761794517
B,before,97.31268272751866,30.289502283601664
B,before,98.25869661946548,29.328357987989758
B,before,99.17373911121958,28.337682521942394
B,before,100.05688883255657,27.318473411677928
B,before,100.90725652656847,26.271756914375718
B,before,101.72398594507,25.198586984822217
B,before,102.50625471076789,24.10004421416776
B,before,103.2532751453252,22.97723474186289
B,before,103.96429506248653,21.831289141869767
B,before,104.63859852546587,20.66336128426992
B,before,105.27550656783424,19.474627173414948
B,before,105.87437787718142,18.266283763789787
B,before,106.43460944086296,17.03954775478108
B,before,106.95563715318309,15.795654365563921
B,before,107.4369363834011,14.535856091340927
B,before,107.87802250399018,13.261421442185696
B,before,108.27845137861614,11.973633665760762
B,before,108.63781980934515,10.67378945519587
B,before,108.95576594262981,9.363197643427984
B,before,109.23196963366503,8.043177885317428
B,before,109.46615276874675,6.71505932886737
B,before,109.65807954530881,5.380179276884348
B,before,109.80755670935609,4.0398818404277534
B,before,109.91443375005508,2.6955165854039866
B,before,109.97860305128538,1.3484371736678753
B,before,110.0,5.204748896376251e-15
B,after,25.0,0.0
B,after,25.026104277431852,1.6450933518748077
B,after,25.104390824932793,3.2885302341928697
B,after,25.234780814585562,4.928655845321872
B,after,25.41714295472326,6.5638187177989
B,after,25.651293622128957,8.192372381218192
B,after,25.936997046928656,9.81267702008727
B,after,26.273965549991644,11.423101124982132
B,after,26.661859832598928,13.022023135338959
B,after,27.10028931808831,14.607833072228129
B,after,27.58881254513198,16.178934159466557
B,after,28.12693761225065,17.733744431435923
B,after,28.714122673116638,19.270698325987986
B,after,29.349776482147192,20.788248260832923
B,after,30.033258989838693,22.28486619182355
B,after,30.76388198724222,23.75904515156623
B,after,31.54090979893165,25.209300766809303
B,after,32.36356002376644,26.634172753081117
B,after,33.23100432270326,28.032226385072732
B,after,34.14236925286317,29.402053941284663
B,after,35.09673714701461,30.742276121483105
B,after,36.09314703758647,32.05154343553838
B,after,37.13059562428099,33.328537562247064
B,after,38.208038284312124,34.57197267676972
B,after,39.32439012425211,35.78059674534751
B,after,40.47852707242724,36.95319278599404
B,after,41.6692870107627,38.08858009389311
B,after,42.895470944936974,39.18561543026829
B,after,44.15584421166751,40.24319417352759
B,after,45.44913772191199,41.26025143152364
B,after,46.774049238733376,42.23576311380991
B,after,48.12924468854219,43.1687469628129
B,after,49.51335950439545,44.05826354288232
B,after,50.92500000000001,44.90341718622315
B,after,52.362744773036404,45.70335689475713
B,after,53.82514613639062,46.457277197005766
B,after,55.31073157585219,47.16441895913178
B,after,56.81800523281129,47.82407014932255
B,after,58.34544941046144,48.43556655474578
B,after,59.891526101991694,48.998292450355564
B,after,61.454678539228944,49.51168121887523
B,after,63.03333276017169,49.975215921332996
B,after,64.6258991938362,50.388429817575634
B,after,66.23077426081986,50.75090683623628
B,after,67.84634198796965,51.06228199368299
B,after,69.47097563553018,51.322241761526364
B,after,71.10303933513258,51.53052438231603
B,after,72.74088973697552,51.68692013310822
B,after,74.38287766453897,51.791271536638966
B,after,76.0273497751652,51.84347351989042
B,after,77.6726502248348,51.84347351989042
B,after,79.31712233546104,51.791271536638966
B,after,80.95911026302448,51.68692013310822
B,after,82.59696066486742,51.53052438231603
B,after,84.22902436446984,51.322241761526364
B,after,85.85365801203034,51.06228199368299
B,after,87.46922573918015,50.75090683623628
B,after,89.0741008061638,50.388429817575634
B,after,90.66666723982833,49.975215921332996
B,after,92.24532146077105,49.51168121887523
B,after,93.80847389800832,48.998292450355564
B,after,95.35455058953855,48.43556655474579
B,after,96.88199476718873,47.824070149322544
B,after,98.3892684241478,47.16441895913178
B,after,99.87485386360939,46.457277197005766
B,after,101.33725522696359,45.70335689475713
B,after,102.77500000000002,44.903417186223145
B,after,104.18664049560455,44.058263542882315
B,after,105.57075531145783,43.1687469628129
B,after,106.92595076126662,42.23576311380991
B,after,108.25086227808802,41.26025143152364
B,after,109.54415578833249,40.243194173527584
B,after,110.80452905506303,39.18561543026829
B,after,112.0307129892373,38.08858009389311
B,after,113.22147292757278,36.953192785994034
B,after,114.37560987574788,35.7805967453475
B,after,115.49196171568788,34.57197267676972
B,after,116.569404375719,33.32853756224707
B,after,117.60685296241354,32.05154343553838
B,after,118.6032628529854,30.742276121483105
B,after,119.55763074713683,29.40205394128467
B,after,120.46899567729676,28.03222638507273
B,after,121.33643997623356,26.634172753081117
B,after,122.15909020106835,25.209300766809303
B,after,122.93611801275777,23.759045151566237
B,after,123.66674101016132,22.28486619182354
B,after,124.35022351785281,20.788248260832916
B,after,124.98587732688337,19.270698325987986
B,after,125.57306238774936,17.73374443143593
B,after,126.11118745486802,16.17893415946655
B,after,126.5997106819117,14.607833072228129
B,after,127.03814016740108,13.02202313533896
B,after,127.42603445000836,11.423101124982141
B,after,127.76300295307134,9.812677020087262
B,after,128.04870637787104,8.192372381218192
B,after,128.28285704527673,6.563818717798905
B,after,128.46521918541444,4.92865584532186
B,after,128.5956091750672,3.288530234192864
B,after,128.67389572256815,1.645093351874808
B,after,128.7,6.349793653579027e-15
